date,0
1998-11-10,0.0
1998-11-11,0.0
1998-11-12,0.0
1998-11-13,0.0
1998-11-16,0.0
1998-11-17,0.0
1998-11-18,0.0
1998-11-19,-0.001267485116624667
1998-11-20,-0.0005991963788139408
1998-11-23,0.0007816312965707325
1998-11-24,-0.000592880029608688
1998-11-25,0.0004683484926491285
1998-11-27,0.000410045941526254
1998-11-30,0.00018674711909850143
1998-12-01,-0.0016427605160697315
1998-12-02,-0.004896494655366261
1998-12-03,0.00421294705354361
1998-12-04,-0.0023808008544360148
1998-12-07,0.003710791524831559
1998-12-08,-0.0014602358573245896
1998-12-09,0.002916386593688074
1998-12-10,-0.0003410780515049187
1998-12-11,0.0037909605638010483
1998-12-14,0.001015060998372307
1998-12-15,-0.002600291291589678
1998-12-16,0.0032837541759511155
1998-12-17,-0.0066165590933213005
1998-12-18,-0.003060781653688476
1998-12-21,-0.0002183754786160147
1998-12-22,0.005245231102069296
1998-12-23,-0.0013585284891655725
1998-12-24,0.0010511502589446325
1998-12-28,0.003146256304883009
1998-12-29,-0.0006812765656040547
1998-12-30,-0.0041037889860018086
1998-12-31,-0.0005680354078999987
1999-01-04,0.0008060237115029029
1999-01-05,0.0021664473624128373
1999-01-06,-0.0022100848516343765
1999-01-07,0.0013683239115925268
1999-01-08,-0.004506401792025962
1999-01-11,0.00702473152849881
1999-01-12,-0.007671338308752806
1999-01-13,-0.0015740885234663588
1999-01-14,8.837712879812558e-05
1999-01-15,-0.004354642469380599
1999-01-19,0.0011919460086661409
1999-01-20,0.0014454499233045796
1999-01-21,-0.0015614159786752364
1999-01-22,-0.0003839435102996542
1999-01-25,-0.007793806329579699
1999-01-26,-0.002393799942469006
1999-01-27,-0.003119841012130721
1999-01-28,-0.0033576403061857736
1999-01-29,-0.004411676174038292
1999-02-01,0.007288174518907346
1999-02-02,0.0015576398629399248
1999-02-03,0.0020090620338469294
1999-02-04,0.006216598470362036
1999-02-05,0.003986704018749635
1999-02-08,0.004511300995551985
1999-02-09,-0.0024794074032875786
1999-02-10,-0.0025572924970710727
1999-02-11,0.0
1999-02-12,0.0
1999-02-16,0.0
1999-02-17,0.0
1999-02-18,0.0
1999-02-19,0.0
1999-02-22,0.0
1999-02-23,0.0
1999-02-24,0.0
1999-02-25,-0.0005862349527232863
1999-02-26,-8.265349885616842e-05
1999-03-01,0.0003708091342171287
1999-03-02,9.806167316483213e-05
1999-03-03,0.00020786893154837047
1999-03-04,0.0004978021871884739
1999-03-05,-0.000142475309012457
1999-03-08,-0.00032466223361711424
1999-03-09,-0.0014027145508496916
1999-03-10,0.00022846144046652134
1999-03-11,0.0023193438844048334
1999-03-12,0.0004377899826342012
1999-03-15,-0.0003400998710652695
1999-03-16,-0.0004325134943663453
1999-03-17,0.00032289406568416156
1999-03-18,-0.0005685928884867378
1999-03-19,-0.0012777623707969869
1999-03-22,-0.0003489885419269741
1999-03-23,-0.000271506015329205
1999-03-24,0.000509627361266003
1999-03-25,-0.0003130784210572657
1999-03-26,-3.607242322370023e-05
1999-03-29,-0.0010210180919239292
1999-03-30,-0.0007662811986295843
1999-03-31,-0.0005052269822721811
1999-04-01,0.0005657019163960477
1999-04-05,-0.0012927380741556776
1999-04-06,0.00042292421760087447
1999-04-07,0.000987025781232961
1999-04-08,0.0005347650282489545
1999-04-09,-0.0017550613196563262
1999-04-12,-0.00040830627959577166
1999-04-13,0.0010541338301476367
1999-04-14,-0.0034787662611585205
1999-04-15,0.005345820810119815
1999-04-16,-0.0010682194894985674
1999-04-19,-0.002472688755553705
1999-04-20,0.004730361217686673
1999-04-21,-0.000372181558491959
1999-04-22,-0.0026526539766464434
1999-04-23,0.0045260006345988705
1999-04-26,0.0028285401711525826
1999-04-27,-0.007297874921240409
1999-04-28,-0.012385366703200463
1999-04-29,-0.012381312620238632
1999-04-30,0.009345800090636965
1999-05-03,-0.010342711301189243
1999-05-04,0.0009964943767229943
1999-05-05,0.0038404037743676005
1999-05-06,-0.0017874839057541898
1999-05-07,-0.0033476962555310536
1999-05-10,0.006419420006270095
1999-05-11,0.002695469869831691
1999-05-12,0.013417920293710962
1999-05-13,0.0
1999-05-14,0.0
1999-05-17,0.0
1999-05-18,0.0
1999-05-19,0.0
1999-05-20,0.0
1999-05-21,0.0
1999-05-24,0.0
1999-05-25,0.0
1999-05-26,0.0
1999-05-27,0.0
1999-05-28,0.0
1999-06-01,0.0
1999-06-02,0.0
1999-06-03,0.0
1999-06-04,0.0
1999-06-07,0.0
1999-06-08,0.0
1999-06-09,0.0
1999-06-10,0.0
1999-06-11,0.0
1999-06-14,0.0
1999-06-15,0.0
1999-06-16,0.0
1999-06-17,0.0
1999-06-18,0.0
1999-06-21,0.0
1999-06-22,0.0
1999-06-23,0.0
1999-06-24,0.0
1999-06-25,0.0
1999-06-28,0.0
1999-06-29,0.0008859179030695071
1999-06-30,0.0010676219355217004
1999-07-01,0.0011154796834670262
1999-07-02,-0.0001544094763105885
1999-07-06,0.0016921275002880498
1999-07-07,0.0007278693352201781
1999-07-08,-0.0005945672258909394
1999-07-09,0.0004119408265157715
1999-07-12,-0.0005984274976561679
1999-07-13,-0.0013716146430882612
1999-07-14,0.0014898529759642455
1999-07-15,0.0034371675175730596
1999-07-16,0.00018515084524485786
1999-07-19,-0.0028859282124933557
1999-07-20,0.00036328275523993725
1999-07-21,2.1879632800810333e-05
1999-07-22,0.0007559745932727861
1999-07-23,-0.0007754853613484343
1999-07-26,-0.00012457911640174657
1999-07-27,0.0008841941741111132
1999-07-28,-0.0006492103560033493
1999-07-29,0.000438860685963793
1999-07-30,0.0013661170124457146
1999-08-02,-0.0009331634431038783
1999-08-03,0.00010709165858246734
1999-08-04,0.0005439404620577451
1999-08-05,-0.00027171505106213104
1999-08-06,-0.0006735746209672361
1999-08-09,0.001276607380565904
1999-08-10,-2.3434886690664814e-05
1999-08-11,-0.0006690024865460792
1999-08-12,0.0
1999-08-13,0.0
1999-08-16,0.0
1999-08-17,0.0007050435411254487
1999-08-18,-0.000300041055192576
1999-08-19,0.00013210686541066164
1999-08-20,0.0008900666651199538
1999-08-23,6.727672874969313e-05
1999-08-24,-0.0005666502512458203
1999-08-25,0.0010792344007141143
1999-08-26,-0.0005536145974357876
1999-08-27,-0.0005314219681653259
1999-08-30,0.0009515285165569666
1999-08-31,-0.00025858886336659753
1999-09-01,0.0001439839750375877
1999-09-02,-0.0005903133224475496
1999-09-03,2.247005160810789e-05
1999-09-07,-0.0009609459436489679
1999-09-08,0.0024976926515612626
1999-09-09,0.00012781635556027913
1999-09-10,0.0013637581148957289
1999-09-13,0.0006895899332775533
1999-09-14,-0.0005816885774172485
1999-09-15,-0.0032932162435679534
1999-09-16,-0.0002783754608411677
1999-09-17,0.00044337875733031036
1999-09-20,0.00035847828336805273
1999-09-21,-0.0014884618796024629
1999-09-22,-0.005143769650812243
1999-09-23,-0.005776836975030817
1999-09-24,7.001469108327239e-05
1999-09-27,-0.0008693918623091483
1999-09-28,0.00014318111855887375
1999-09-29,-0.008630973831403465
1999-09-30,0.0015718573571436186
1999-10-01,0.0038980747383943787
1999-10-04,0.0032340573976128457
1999-10-05,-0.0018209877188853816
1999-10-06,0.0013669056866140038
1999-10-07,-0.0013708152188144857
1999-10-08,0.0041980297583996086
1999-10-11,-0.005135023099518848
1999-10-12,-0.005185614334079004
1999-10-13,-0.003807970274484455
1999-10-14,-0.0012047306744798823
1999-10-15,0.0022648515282547386
1999-10-18,-0.00014031650099919556
1999-10-19,0.006448524795932326
1999-10-20,-0.002018242881966573
1999-10-21,0.007389254525072277
1999-10-22,0.005347367793049126
1999-10-25,0.003621205840387723
1999-10-26,-0.0014348881130317194
1999-10-27,0.004925685067353509
1999-10-28,0.0061722203427586044
1999-10-29,0.0012537383129647402
1999-11-01,0.0010792129618544131
1999-11-02,-0.004323911098754839
1999-11-03,-0.0033026623514676176
1999-11-04,-0.0010650021423422836
1999-11-05,0.006417501019513819
1999-11-08,0.001829479344400997
1999-11-09,-0.0029724048349079953
1999-11-10,0.0
1999-11-11,0.0
1999-11-12,0.0
1999-11-15,0.0
1999-11-16,0.0
1999-11-17,0.0
1999-11-18,0.0
1999-11-19,0.0
1999-11-22,0.0
1999-11-23,0.0
1999-11-24,0.0
1999-11-26,0.0
1999-11-29,0.0
1999-11-30,0.0
1999-12-01,0.0
1999-12-02,0.0
1999-12-03,0.0
1999-12-06,0.0
1999-12-07,0.0
1999-12-08,0.0
1999-12-09,0.0
1999-12-10,0.0
1999-12-13,-0.00018788997259283478
1999-12-14,-0.0012967797997114187
1999-12-15,-1.6211661445673323e-06
1999-12-16,-0.002049516302179496
1999-12-17,-0.0022282175519346553
1999-12-20,-0.007309502276334254
1999-12-21,0.007774650339918429
1999-12-22,0.0021254222467975876
1999-12-23,0.019877204894784256
1999-12-27,0.005531162102609829
1999-12-28,-0.004245701716753485
1999-12-29,0.004812590778339181
1999-12-30,0.009350474243038566
1999-12-31,-0.001264493950626912
2000-01-03,-0.00033568869903576607
2000-01-04,0.0012344533089914678
2000-01-05,-0.004355694446688513
2000-01-06,0.0034083104801278675
2000-01-07,-0.0014926727647979424
2000-01-10,-0.0017347260698739673
2000-01-11,0.0001430514816211112
2000-01-12,0.003581402006186397
2000-01-13,-0.0027809850256602345
2000-01-14,-0.0031600096677816356
2000-01-18,-0.003630092075620855
2000-01-19,-0.013580728068167777
2000-01-20,-0.0031248210433330306
2000-01-21,0.014126121239699791
2000-01-24,0.00581609270595859
2000-01-25,0.002008403497014497
2000-01-26,-0.008325442063784681
2000-01-27,-0.012648368104114743
2000-01-28,0.02236399354747036
2000-01-31,-0.0011625167678082496
2000-02-01,-0.009539508830712185
2000-02-02,0.015192798937903146
2000-02-03,0.00437613111171617
2000-02-04,-0.01752759530277343
2000-02-07,0.003119778726143164
2000-02-08,0.01912253031547963
2000-02-09,0.004626159904508093
2000-02-10,0.0
2000-02-11,0.0
2000-02-14,0.0
2000-02-15,0.0
2000-02-16,0.0
2000-02-17,0.0
2000-02-18,0.0
2000-02-22,0.0
2000-02-23,0.0
2000-02-24,-0.00936216633468987
2000-02-25,0.00042245563359287545
2000-02-28,0.016592013875103385
2000-02-29,0.003246149238944169
2000-03-01,0.004649855671141498
2000-03-02,-0.009771033231706057
2000-03-03,0.0022371477987501586
2000-03-06,-0.009672987621673308
2000-03-07,-0.014379650205707507
2000-03-08,0.005789013730894406
2000-03-09,0.0007443083029709195
2000-03-10,-5.842242474001294e-05
2000-03-13,0.009605564767939641
2000-03-14,0.0018836035991955451
2000-03-15,0.031112466645247323
2000-03-16,0.032149694442385864
2000-03-17,-0.001189708044704847
2000-03-20,0.0
2000-03-21,0.0
2000-03-22,0.0
2000-03-23,-0.00130820845000593
2000-03-24,0.009811856241513336
2000-03-27,-0.00025456523306609187
2000-03-28,-0.0008735719613020854
2000-03-29,0.001563237263580367
2000-03-30,0.007274113189483097
2000-03-31,-0.001636809562401961
2000-04-03,0.0
2000-04-04,0.004993878439066866
2000-04-05,0.01368810011556784
2000-04-06,-0.0040304378367880195
2000-04-07,0.007703950121860228
2000-04-10,-0.012570834322224065
2000-04-11,-0.008970818238166913
2000-04-12,0.0006349123032586948
2000-04-13,0.0058665340068768885
2000-04-14,0.015794759202782033
2000-04-17,0.017641129653770092
2000-04-18,0.0008170734122869231
2000-04-19,0.0
2000-04-20,0.0
2000-04-24,0.0
2000-04-25,0.0006825758212875465
2000-04-26,0.0015671824931063987
2000-04-27,-0.0032983890624323463
2000-04-28,0.005113828052661501
2000-05-01,-0.003410337427229866
2000-05-02,-0.00648262394814194
2000-05-03,0.0029715853494719905
2000-05-04,-0.0035208658545088987
2000-05-05,-0.004059905067493642
2000-05-08,-0.002472391498112527
2000-05-09,0.002400363698887128
2000-05-10,-0.0010687128264085424
2000-05-11,0.0
2000-05-12,0.0
2000-05-15,0.0
2000-05-16,0.0
2000-05-17,0.0
2000-05-18,0.0
2000-05-19,0.0
2000-05-22,0.0
2000-05-23,0.0
2000-05-24,0.0
2000-05-25,0.0
2000-05-26,0.0
2000-05-30,0.0
2000-05-31,0.0
2000-06-01,0.0
2000-06-02,0.0
2000-06-05,0.0
2000-06-06,0.0
2000-06-07,0.0
2000-06-08,0.0
2000-06-09,0.0
2000-06-12,0.0
2000-06-13,0.0
2000-06-14,0.0
2000-06-15,0.0
2000-06-16,0.0
2000-06-19,0.0
2000-06-20,0.0
2000-06-21,0.0
2000-06-22,0.0
2000-06-23,0.0
2000-06-26,0.0
2000-06-27,0.0
2000-06-28,0.0
2000-06-29,0.0
2000-06-30,0.0
2000-07-03,0.0
2000-07-05,0.0
2000-07-06,0.0
2000-07-07,0.0
2000-07-10,0.0
2000-07-11,0.0
2000-07-12,0.0
2000-07-13,0.0
2000-07-14,0.0
2000-07-17,0.0
2000-07-18,0.0
2000-07-19,0.0
2000-07-20,0.0
2000-07-21,-0.002889951704947929
2000-07-24,0.004270727348067552
2000-07-25,0.0008883976154334676
2000-07-26,0.0014403376275921398
2000-07-27,-0.006717777273446625
2000-07-28,0.0021953793917763825
2000-07-31,-0.00264081477937274
2000-08-01,0.0007861951879029373
2000-08-02,0.0016013072742328913
2000-08-03,-0.001627800736823316
2000-08-04,-0.004593565523033102
2000-08-07,0.00206112337256518
2000-08-08,0.0001824508299948591
2000-08-09,0.0003984658686644496
2000-08-10,0.0
2000-08-11,0.0
2000-08-14,0.0
2000-08-15,0.0
2000-08-16,0.0
2000-08-17,0.0
2000-08-18,0.0
2000-08-21,0.0
2000-08-22,0.0
2000-08-23,0.0
2000-08-24,0.0
2000-08-25,0.0
2000-08-28,0.0
2000-08-29,0.0
2000-08-30,0.0
2000-08-31,0.0
2000-09-01,0.0
2000-09-05,0.0
2000-09-06,0.0
2000-09-07,0.0
2000-09-08,0.0
2000-09-11,0.0
2000-09-12,0.0
2000-09-13,0.0
2000-09-14,0.0
2000-09-15,0.0
2000-09-18,0.0
2000-09-19,-0.0006219005998222313
2000-09-20,-0.001890493569876757
2000-09-21,0.0009742871093469339
2000-09-22,0.0011650827057179832
2000-09-25,0.0006282801577995585
2000-09-26,0.00010050389659552476
2000-09-27,-0.001066374225147513
2000-09-28,0.0027030200414926825
2000-09-29,0.00010778579421732542
2000-10-02,-0.0004937247448782217
2000-10-03,-0.0005093554444271615
2000-10-04,0.0007261985844878087
2000-10-05,0.0026418095020992113
2000-10-06,0.0005366579194779953
2000-10-09,9.454260169560427e-05
2000-10-10,0.0003026578546610446
2000-10-11,0.00019706478940614911
2000-10-12,-0.003728492962745137
2000-10-13,0.001055378671112445
2000-10-16,0.0025157285717256573
2000-10-17,-0.0012737921457194705
2000-10-18,-2.9412892029280854e-05
2000-10-19,0.0004697690516451646
2000-10-20,0.0007549723119478052
2000-10-23,-0.004772220526703652
2000-10-24,0.007096883382817617
2000-10-25,0.002691376680904597
2000-10-26,-0.0019624805173388774
2000-10-27,-0.001894535461570559
2000-10-30,0.002997364992915319
2000-10-31,-0.0020328999444165666
2000-11-01,-0.00023070157301933238
2000-11-02,-0.0010654699513745298
2000-11-03,0.0019735887083901726
2000-11-06,-0.0053781000517140074
2000-11-07,0.0006912745125656355
2000-11-08,0.0
2000-11-09,0.0
2000-11-10,0.0
2000-11-13,0.0
2000-11-14,0.0032203335277544935
2000-11-15,-0.0024250330977515595
2000-11-16,-4.742887640400402e-05
2000-11-17,0.001268859476363038
2000-11-20,-0.0026327219104706357
2000-11-21,0.0013010821148764329
2000-11-22,-0.0030618148247457855
2000-11-24,0.005493627505312021
2000-11-27,0.001131290050456096
2000-11-28,-0.0028016003148253164
2000-11-29,-0.00220710637161983
2000-11-30,-0.005288411497899534
2000-12-01,0.00462026393748168
2000-12-04,0.0035135209036700533
2000-12-05,0.010732400766203715
2000-12-06,-0.005613382715152302
2000-12-07,-0.002939009350962736
2000-12-08,0.007601357990615416
2000-12-11,0.005294659057203762
2000-12-12,0.002491091861850747
2000-12-13,-0.005273121429422964
2000-12-14,0.0034387997346670023
2000-12-15,0.00010693768149849792
2000-12-18,-0.0011690667944824447
2000-12-19,-0.00034967765615856385
2000-12-20,-0.003326323618295811
2000-12-21,0.00823658535953149
2000-12-22,0.0066793365605785195
2000-12-26,-0.0051759283732194065
2000-12-27,-0.0007063363048998468
2000-12-28,-0.004164564852396407
2000-12-29,-0.0008729261365303411
2001-01-02,0.00015699858658878947
2001-01-03,0.01196677120688343
2001-01-04,0.002226826242780044
2001-01-05,-0.0063102368916809716
2001-01-08,0.007159506441803198
2001-01-09,-0.004914165690681078
2001-01-10,0.0009592856154290342
2001-01-11,-0.0008531433202420826
2001-01-12,-0.00809320803298688
2001-01-16,-0.00042390778432474106
2001-01-17,0.0022903188151158745
2001-01-18,0.005780044023912112
2001-01-19,0.005603995008309072
2001-01-22,0.0002888083337544816
2001-01-23,-0.004578768715625416
2001-01-24,-0.00011002412762110868
2001-01-25,-3.2782610529884758e-06
2001-01-26,0.002504056831025348
2001-01-29,0.004314989713564354
2001-01-30,0.0005190799780888398
2001-01-31,-0.001729864445313861
2001-02-01,-0.0028930991642198323
2001-02-02,-0.004344100514871925
2001-02-05,0.0016452287895836952
2001-02-06,0.006954343391654667
2001-02-07,-0.002114128044566831
2001-02-08,-0.002732566446974578
2001-02-09,0.0
2001-02-12,0.0
2001-02-13,0.0
2001-02-14,0.0
2001-02-15,0.0
2001-02-16,0.0
2001-02-20,0.0
2001-02-21,0.0
2001-02-22,0.0
2001-02-23,0.0
2001-02-26,0.0
2001-02-27,0.0
2001-02-28,0.0
2001-03-01,0.0
2001-03-02,0.0
2001-03-05,0.0
2001-03-06,0.0
2001-03-07,0.0
2001-03-08,0.0
2001-03-09,0.0
2001-03-12,0.0
2001-03-13,0.0
2001-03-14,0.0
2001-03-15,0.0
2001-03-16,0.0
2001-03-19,0.0
2001-03-20,0.0
2001-03-21,0.0
2001-03-22,0.0
2001-03-23,0.0
2001-03-26,0.0
2001-03-27,0.0
2001-03-28,0.0
2001-03-29,-0.0003571944541637219
2001-03-30,0.00035836788555197925
2001-04-02,-0.0028840180640571675
2001-04-03,-0.0025307348798532126
2001-04-04,0.0003354604939701198
2001-04-05,0.0010683468299305281
2001-04-06,-0.00020438211683193488
2001-04-09,0.0003217267598411436
2001-04-10,0.0009141672519239931
2001-04-11,-0.00020435664071415745
2001-04-12,0.002230455792937273
2001-04-16,4.3940572516944134e-05
2001-04-17,-0.0012000947566502707
2001-04-18,-0.0006871052438486109
2001-04-19,-0.0005285444741670609
2001-04-20,-0.0013725457594016496
2001-04-23,-0.0012962153301196093
2001-04-24,0.00016153889966693017
2001-04-25,0.0003136527845154449
2001-04-26,-6.250142019120575e-05
2001-04-27,-0.000835264224518991
2001-04-30,-0.00060459684074079
2001-05-01,0.00032424541361147517
2001-05-02,-2.7308401606333303e-05
2001-05-03,-0.0023748926048391735
2001-05-04,-0.00038345501559091484
2001-05-07,0.00033870474625506285
2001-05-08,0.00029362830751146994
2001-05-09,-8.24093580677117e-05
2001-05-10,0.00046157081133260035
2001-05-11,0.0
2001-05-14,0.0
2001-05-15,0.0
2001-05-16,0.0
2001-05-17,0.0
2001-05-18,0.0
2001-05-21,0.0
2001-05-22,0.0
2001-05-23,0.0
2001-05-24,0.0
2001-05-25,0.0
2001-05-29,0.0
2001-05-30,0.0
2001-05-31,0.0
2001-06-01,0.0
2001-06-04,0.0
2001-06-05,0.0
2001-06-06,0.0
2001-06-07,0.0
2001-06-08,0.0
2001-06-11,0.0
2001-06-12,0.0
2001-06-13,0.0
2001-06-14,0.0
2001-06-15,0.0
2001-06-18,0.00027990703394929653
2001-06-19,-0.0009838494793797466
2001-06-20,-0.0037376139768154843
2001-06-21,-0.003650390351693321
2001-06-22,0.0027890211044946144
2001-06-25,-0.00011621920233083804
2001-06-26,0.002292318938136957
2001-06-27,-0.010878798737741452
2001-06-28,-0.0013096361498522238
2001-06-29,0.008272752295647197
2001-07-02,-0.003638048878286837
2001-07-03,0.0007403368242475849
2001-07-05,0.0021590212975060646
2001-07-06,0.002180573573908045
2001-07-09,-0.0043916021702270144
2001-07-10,-0.0011149518945972859
2001-07-11,-0.0010699155996993048
2001-07-12,-0.00048178138990854396
2001-07-13,0.00017444803583994246
2001-07-16,-0.0031391020609517167
2001-07-17,-0.0010474368457576743
2001-07-18,-0.001960674926866225
2001-07-19,0.0017590029612188289
2001-07-20,0.0007651510219732064
2001-07-23,0.002469588614847768
2001-07-24,-0.0005953978919628479
2001-07-25,0.004064009798771281
2001-07-26,-0.0059189376106784045
2001-07-27,0.0009738579951775355
2001-07-30,-0.001604926499222947
2001-07-31,-0.0020432351461039805
2001-08-01,0.0009534196219329065
2001-08-02,0.002284455598483673
2001-08-03,-0.0036089026358154834
2001-08-06,0.000779182295263807
2001-08-07,-0.0008488904497223204
2001-08-08,-0.0028854650316034493
2001-08-09,0.0008214536275028454
2001-08-10,0.0
2001-08-13,0.0
2001-08-14,0.0
2001-08-15,0.0
2001-08-16,0.0
2001-08-17,0.0
2001-08-20,0.0
2001-08-21,0.0
2001-08-22,0.0
2001-08-23,0.0
2001-08-24,0.0
2001-08-27,0.0
2001-08-28,0.0
2001-08-29,0.0
2001-08-30,0.0
2001-08-31,0.0
2001-09-04,0.0
2001-09-05,0.0
2001-09-06,0.0
2001-09-07,0.0
2001-09-10,0.0
2001-09-17,0.0
2001-09-18,-0.0008565166206907008
2001-09-19,-0.0026142143403195322
2001-09-20,-0.0055893839075274575
2001-09-21,0.00635687461576367
2001-09-24,0.007040948934572735
2001-09-25,0.0025638336441802176
2001-09-26,-0.005919094002687447
2001-09-27,0.011119471960151499
2001-09-28,0.013294170542713651
2001-10-01,-0.01001736452145659
2001-10-02,0.01058740696527018
2001-10-03,-0.006997028078256374
2001-10-04,-0.003270405449219006
2001-10-05,0.008381202551243524
2001-10-08,-0.00678539877782039
2001-10-09,0.0012579500233979666
2001-10-10,0.01206427742713695
2001-10-11,0.006114075544777229
2001-10-12,0.0008574620595657072
2001-10-15,-0.004471863754681641
2001-10-16,-0.0032680328846538464
2001-10-17,-0.006726140626312551
2001-10-18,-0.0016396797393904588
2001-10-19,-0.00035843035109260775
2001-10-22,0.0036829845800190704
2001-10-23,0.004301453892386
2001-10-24,-0.0002663052039762017
2001-10-25,0.0004456595701904096
2001-10-26,0.007610218752123771
2001-10-29,-0.008383402026205975
2001-10-30,-0.003851195673679943
2001-10-31,0.001892904328510599
2001-11-01,0.0028151402455023206
2001-11-02,0.007994575442190512
2001-11-05,-0.0012466320158695506
2001-11-06,0.0037833025255859694
2001-11-07,0.005527637473179847
2001-11-08,0.0023626621880437496
2001-11-09,0.0008320674559956867
2001-11-12,0.0003996683538129973
2001-11-13,0.0030410851188870467
2001-11-14,0.0
2001-11-15,0.0
2001-11-16,0.0
2001-11-19,0.0
2001-11-20,0.0
2001-11-21,0.0
2001-11-23,0.0
2001-11-26,0.0
2001-11-27,0.0
2001-11-28,0.0
2001-11-29,0.0
2001-11-30,0.0
2001-12-03,0.0
2001-12-04,0.0
2001-12-05,0.0
2001-12-06,0.0
2001-12-07,0.0
2001-12-10,0.0
2001-12-11,0.0
2001-12-12,0.0
2001-12-13,0.0
2001-12-14,0.0
2001-12-17,0.0
2001-12-18,0.0
2001-12-19,0.0
2001-12-20,0.0
2001-12-21,0.0
2001-12-24,0.0
2001-12-26,0.0
2001-12-27,0.0
2001-12-28,0.0
2001-12-31,0.0
2002-01-02,0.0
2002-01-03,0.0
2002-01-04,0.0
2002-01-07,0.0
2002-01-08,0.0
2002-01-09,0.0
2002-01-10,0.0
2002-01-11,0.0
2002-01-14,0.0
2002-01-15,0.0
2002-01-16,0.0
2002-01-17,0.0
2002-01-18,0.0
2002-01-22,0.0
2002-01-23,0.0
2002-01-24,0.0
2002-01-25,0.0
2002-01-28,0.0
2002-01-29,0.0
2002-01-30,0.0
2002-01-31,0.0
2002-02-01,0.0
2002-02-04,0.0
2002-02-05,-0.00019036536696075736
2002-02-06,0.0010179917238223822
2002-02-07,-0.0012345610884548761
2002-02-08,0.0029993346504285944
2002-02-11,-0.0014954008565658606
2002-02-12,-0.0017794807502713777
2002-02-13,-0.005911517178353802
2002-02-14,9.503096375271117e-05
2002-02-15,0.0
2002-02-19,0.0
2002-02-20,0.0
2002-02-21,0.0
2002-02-22,0.0
2002-02-25,0.0
2002-02-26,0.0
2002-02-27,0.0
2002-02-28,0.0
2002-03-01,0.0
2002-03-04,-0.0017073639102174998
2002-03-05,9.834352179171547e-05
2002-03-06,-0.0008747759557531083
2002-03-07,0.0007598972453784234
2002-03-08,4.242083065013582e-05
2002-03-11,-0.001225777560354155
2002-03-12,0.00018447854645890907
2002-03-13,2.841031215984884e-06
2002-03-14,1.5025478528828636e-05
2002-03-15,-0.0002523887148514929
2002-03-18,0.00036465345723878285
2002-03-19,0.00010559878400947778
2002-03-20,-6.250129028529725e-05
2002-03-21,7.52292244481897e-05
2002-03-22,0.00014984075611677373
2002-03-25,0.000688010619737376
2002-03-26,0.0007074015999369357
2002-03-27,0.0009079436693852547
2002-03-28,0.0004342479278612604
2002-04-01,-0.0011793826775550217
2002-04-02,-0.0014197071717284352
2002-04-03,0.0004359007659197365
2002-04-04,0.0006359739807477243
2002-04-05,0.0005204567283101794
2002-04-08,-0.0009071261884336691
2002-04-09,-0.0005768389598427557
2002-04-10,-0.001299376085664117
2002-04-11,-0.005359878736551487
2002-04-12,1.6435176253981707e-05
2002-04-15,0.0010329691797555146
2002-04-16,-0.0006411748960169247
2002-04-17,0.0013273453109946534
2002-04-18,-5.165851074143851e-05
2002-04-19,-0.0005461177774701374
2002-04-22,-0.00035791374057601887
2002-04-23,0.001137041667462564
2002-04-24,-0.00037821963014578007
2002-04-25,-0.0014612057269392438
2002-04-26,0.0011318537993847235
2002-04-29,0.001954314143174955
2002-04-30,0.001237842633652422
2002-05-01,-0.0022202290556712426
2002-05-02,-0.0008570848629830645
2002-05-03,0.0012551427189249897
2002-05-06,0.0019012680735465172
2002-05-07,0.000912849831361663
2002-05-08,0.004088411851136666
2002-05-09,-0.0015410980687307466
2002-05-10,-0.0033077469459185382
2002-05-13,0.002922896172116354
2002-05-14,0.0004631172857476423
2002-05-15,0.0060437427065651635
2002-05-16,0.000429623016205821
2002-05-17,0.0
2002-05-20,0.0
2002-05-21,0.0
2002-05-22,0.0
2002-05-23,0.0
2002-05-24,0.0
2002-05-28,0.0
2002-05-29,0.0
2002-05-30,0.0
2002-05-31,0.0
2002-06-03,0.0
2002-06-04,0.0
2002-06-05,0.0
2002-06-06,0.0
2002-06-07,0.0
2002-06-10,0.0
2002-06-11,0.0
2002-06-12,0.0
2002-06-13,0.0
2002-06-14,0.0
2002-06-17,0.0
2002-06-18,0.0
2002-06-19,0.0
2002-06-20,0.0
2002-06-21,0.0
2002-06-24,0.013491285468119368
2002-06-25,-0.003295530787365347
2002-06-26,0.008596235818025887
2002-06-27,0.00149908328589139
2002-06-28,-0.008451578451424918
2002-07-01,0.0016828680091174773
2002-07-02,-0.009577672635138507
2002-07-03,0.006643965689161301
2002-07-05,0.013668669332438273
2002-07-08,-0.005784821182729737
2002-07-09,-0.0042099408359217326
2002-07-10,-0.008714003476260666
2002-07-11,0.006112812198424427
2002-07-12,0.0052328544497767665
2002-07-15,0.007936925367325792
2002-07-16,0.008127437832648188
2002-07-17,0.006670082793325843
2002-07-18,-0.002219034382228937
2002-07-19,-0.006844400831594409
2002-07-22,-0.0065901089480275826
2002-07-23,0.003906878471006769
2002-07-24,0.008613860068085911
2002-07-25,-0.00976776494429772
2002-07-26,0.0024035248288367234
2002-07-29,0.0077284162295212415
2002-07-30,0.0033722542560853603
2002-07-31,0.00034223410245398547
2002-08-01,-0.019947826168012595
2002-08-02,-0.011174337467399403
2002-08-05,-0.024558220973997524
2002-08-06,0.008925798149310866
2002-08-07,0.0010701209245634056
2002-08-08,0.007999736394900049
2002-08-09,0.008592957320324978
2002-08-12,-0.005359034832362846
2002-08-13,-0.012875747916930474
2002-08-14,0.010761653709160972
2002-08-15,-0.0013244400858305565
2002-08-16,0.0
2002-08-19,0.0026986987877383162
2002-08-20,0.0007238273283074559
2002-08-21,-0.0005078184156915264
2002-08-22,-0.001206020267949175
2002-08-23,0.0020151195077189217
2002-08-26,-0.0009517349517144912
2002-08-27,0.00016560989893829538
2002-08-28,0.0010335746732428601
2002-08-29,-0.0008696930980148538
2002-08-30,0.000637079328934129
2002-09-03,0.000526071622531985
2002-09-04,0.00014660220274550893
2002-09-05,0.0029487269554326553
2002-09-06,0.0013809645800541706
2002-09-09,0.000836868026074528
2002-09-10,-0.0053430603239178085
2002-09-11,0.00022735706576244461
2002-09-12,-0.00023162955243803132
2002-09-13,0.0007641234587896458
2002-09-16,9.201214992568074e-05
2002-09-17,-2.4337776366593444e-05
2002-09-18,0.0005755018253648853
2002-09-19,0.0028059731383121497
2002-09-20,0.002401875581429491
2002-09-23,-0.000927430209669183
2002-09-24,-0.0031818100643201757
2002-09-25,0.003076441080161352
2002-09-26,0.00441124255515538
2002-09-27,-0.003415653054159174
2002-09-30,-0.00036292998542854476
2002-10-01,-0.004338092622001316
2002-10-02,-0.0007128729820161242
2002-10-03,-0.003070067605283538
2002-10-04,-0.0001081582685457153
2002-10-07,-0.00338612600953761
2002-10-08,0.009880913793534825
2002-10-09,-0.008356933133189446
2002-10-10,0.0020920309531273175
2002-10-11,-0.006680108991188911
2002-10-14,-0.0020066386352302463
2002-10-15,-0.0018508721583320891
2002-10-16,0.0016118467913199307
2002-10-17,-0.0010940236415635336
2002-10-18,-0.00037458848867302666
2002-10-21,0.0016518478054830471
2002-10-22,-0.00366344602993675
2002-10-23,0.0020440148079222936
2002-10-24,0.007398401201504529
2002-10-25,0.009359794243071888
2002-10-28,0.0018919168420689827
2002-10-29,4.008691812508393e-05
2002-10-30,0.002403889190544754
2002-10-31,-0.0013278363226395479
2002-11-01,0.0024769251922272507
2002-11-04,0.004113812725488369
2002-11-05,-0.00039033498857625926
2002-11-06,-0.0007226815411001229
2002-11-07,0.00380030854939599
2002-11-08,-0.0010670213884391272
2002-11-11,-0.0004481680528815731
2002-11-12,0.0014872332401809336
2002-11-13,0.005322509049857038
2002-11-14,0.0
2002-11-15,0.0
2002-11-18,0.0
2002-11-19,0.0
2002-11-20,0.0
2002-11-21,0.0
2002-11-22,0.0
2002-11-25,0.0
2002-11-26,0.0
2002-11-27,0.0
2002-11-29,0.0
2002-12-02,0.0
2002-12-03,0.0
2002-12-04,0.0
2002-12-05,0.0
2002-12-06,0.0
2002-12-09,0.0
2002-12-10,0.0
2002-12-11,0.0
2002-12-12,0.0
2002-12-13,0.0
2002-12-16,0.0
2002-12-17,0.0
2002-12-18,0.0
2002-12-19,0.0
2002-12-20,0.0
2002-12-23,0.0
2002-12-24,0.0
2002-12-26,0.0
2002-12-27,0.0
2002-12-30,0.0
2002-12-31,0.0
2003-01-02,0.0
2003-01-03,0.0
2003-01-06,0.0
2003-01-07,0.0
2003-01-08,0.0
2003-01-09,0.0
2003-01-10,0.0
2003-01-13,0.0
2003-01-14,0.0
2003-01-15,0.0
2003-01-16,0.0
2003-01-17,0.0
2003-01-21,0.0
2003-01-22,0.0
2003-01-23,0.0
2003-01-24,0.0
2003-01-27,0.0
2003-01-28,0.0
2003-01-29,0.0
2003-01-30,0.0
2003-01-31,0.0
2003-02-03,0.0
2003-02-04,0.0
2003-02-05,0.0
2003-02-06,0.0
2003-02-07,0.0
2003-02-10,0.0
2003-02-11,0.0
2003-02-12,0.0
2003-02-13,0.0
2003-02-14,0.0
2003-02-18,0.0
2003-02-19,0.0
2003-02-20,0.0
2003-02-21,0.0
2003-02-24,0.0
2003-02-25,0.0
2003-02-26,0.0
2003-02-27,0.0
2003-02-28,0.0
2003-03-03,0.0
2003-03-04,0.0
2003-03-05,0.0
2003-03-06,0.0
2003-03-07,0.0
2003-03-10,0.0
2003-03-11,1.8698901365120173e-05
2003-03-12,3.3096376841458195e-05
2003-03-13,-0.0036437678658446508
2003-03-14,0.0021520036038508647
2003-03-17,0.002701944687228386
2003-03-18,0.00012227140003075174
2003-03-19,0.001460897465884989
2003-03-20,-0.00046657553799369343
2003-03-21,0.003120988230904282
2003-03-24,-0.002758159427159357
2003-03-25,0.0010807217792096731
2003-03-26,-0.0011566494403395973
2003-03-27,-0.001074526959679202
2003-03-28,-0.0055658192800352195
2003-03-31,-0.00037519619377720907
2003-04-01,-0.0002618127398627204
2003-04-02,0.0026496362407120496
2003-04-03,-0.0005912099223289433
2003-04-04,-0.0007307664805416396
2003-04-07,0.0008048394951792072
2003-04-08,0.0006861281336193084
2003-04-09,-0.0004249548169976149
2003-04-10,-0.0007221120456997633
2003-04-11,-0.00013090155743611213
2003-04-14,0.0017239112915748897
2003-04-15,0.0007973495147913004
2003-04-16,-0.0017568094833426476
2003-04-17,0.0007692688005923774
2003-04-21,-0.00010153199622257576
2003-04-22,0.0019791192072601007
2003-04-23,0.00042732201940822974
2003-04-24,-0.0009863669245557594
2003-04-25,-0.0006056119469367074
2003-04-28,0.001596364975034641
2003-04-29,0.0013464982537489513
2003-04-30,-0.002698822095214776
2003-05-01,0.0009496928421750025
2003-05-02,0.0006214532238459
2003-05-05,0.0001138050276667256
2003-05-06,0.0009630864610440551
2003-05-07,0.00010624999011053034
2003-05-08,0.0004005069952435934
2003-05-09,0.0015481991013118416
2003-05-12,-6.807614399066648e-05
2003-05-13,-0.0002076790679169966
2003-05-14,-0.000595722223034455
2003-05-15,-0.00045986632507788775
2003-05-16,0.00013850295323865157
2003-05-19,0.0
2003-05-20,0.0
2003-05-21,0.0
2003-05-22,0.0
2003-05-23,0.0
2003-05-27,0.0
2003-05-28,0.00028110874064987495
2003-05-29,0.00178176553835914
2003-05-30,-0.0005798433612777959
2003-06-02,-0.00012393689783830167
2003-06-03,-0.0004947342717620713
2003-06-04,-0.0004933705088488691
2003-06-05,0.0013164722681041987
2003-06-06,0.00014315332757480499
2003-06-09,0.00024791185563031884
2003-06-10,0.00042619294339022514
2003-06-11,-0.00021032767906536143
2003-06-12,-0.0013865041819330409
2003-06-13,-0.0005018595476711371
2003-06-16,-0.002989419706885413
2003-06-17,0.0021373354775341934
2003-06-18,-0.0008430683697843326
2003-06-19,0.0019747171572626772
2003-06-20,0.0011967023990368249
2003-06-23,0.0005782050872823641
2003-06-24,0.0003259038248749868
2003-06-25,0.0005717121979559626
2003-06-26,-0.00011997325712034151
2003-06-27,0.000941931963326758
2003-06-30,4.532746960576737e-05
2003-07-01,-0.0018386182971727087
2003-07-02,-0.00031698427820608867
2003-07-03,0.0006622636592939163
2003-07-07,0.0002511306482046547
2003-07-08,0.0017004808444812049
2003-07-09,0.001187097333322223
2003-07-10,0.0003668834479171744
2003-07-11,-0.0018544049954753717
2003-07-14,0.0002905307770249251
2003-07-15,-0.0005789581143643813
2003-07-16,-0.00044147475007064933
2003-07-17,-0.0007568164649183915
2003-07-18,-0.00045687271228103264
2003-07-21,0.002093550856722213
2003-07-22,-0.0018482478791980437
2003-07-23,9.081668764940505e-05
2003-07-24,0.0007991087705200098
2003-07-25,-0.0015702795642064588
2003-07-28,0.001152980679628959
2003-07-29,0.0011992323056029194
2003-07-30,-0.00014886916912257444
2003-07-31,0.0011814086372751477
2003-08-01,-0.00030759622218905956
2003-08-04,0.0
2003-08-05,0.0
2003-08-06,-0.003911238150674712
2003-08-07,0.0008257186651747569
2003-08-08,-0.0007354441653745107
2003-08-11,0.00027011478559481
2003-08-12,-0.0003331645523791606
2003-08-13,-6.25005867088476e-05
2003-08-14,0.0009133200246053497
2003-08-15,-0.0003532439970359747
2003-08-18,0.0
2003-08-19,0.0
2003-08-20,0.0
2003-08-21,0.0
2003-08-22,0.0
2003-08-25,0.0
2003-08-26,0.0
2003-08-27,0.0
2003-08-28,0.0
2003-08-29,0.0
2003-09-02,0.0
2003-09-03,0.0
2003-09-04,0.0
2003-09-05,-0.0022223753014032344
2003-09-08,-0.0014005036935806955
2003-09-09,9.190948273990224e-05
2003-09-10,0.004373131706506344
2003-09-11,-0.004056285820880069
2003-09-12,-0.0016035812724453473
2003-09-15,0.0010413124288230597
2003-09-16,-0.0006093404473551371
2003-09-17,-0.003017846140868296
2003-09-18,-0.0015222384089542426
2003-09-19,0.0009194581323956537
2003-09-22,0.00018918268585607157
2003-09-23,0.0015510218194747588
2003-09-24,0.0034560603594919704
2003-09-25,0.0013393874647972058
2003-09-26,0.003568089877834752
2003-09-29,-0.0011832651143526176
2003-09-30,-0.0015764204570166435
2003-10-01,0.0015547256527947617
2003-10-02,-0.0037182800713063944
2003-10-03,0.0015852470519170303
2003-10-06,-0.002230477855564121
2003-10-07,-0.0036018931111427453
2003-10-08,-0.0026605168634707185
2003-10-09,6.379929788242729e-05
2003-10-10,-0.0008562089666228539
2003-10-13,-0.0009972316603424401
2003-10-14,-0.0006249626544098585
2003-10-15,-0.002056660458225305
2003-10-16,-0.0016912701479787594
2003-10-17,-0.002104713409789338
2003-10-20,-0.0006242484870347493
2003-10-21,-0.0009366952591077081
2003-10-22,0.0010408945737550134
2003-10-23,0.0004953985289325043
2003-10-24,-0.0012983653812484327
2003-10-27,-0.0005694740173326077
2003-10-28,-0.0016322196074804065
2003-10-29,-0.004455844246360188
2003-10-30,-0.0015269772081296343
2003-10-31,-0.002545824126865809
2003-11-03,0.0021993833478934416
2003-11-04,6.0692460682249165e-05
2003-11-05,-2.757262834433209e-05
2003-11-06,-0.000498937925757458
2003-11-07,0.001838082895862292
2003-11-10,0.004651955806002207
2003-11-11,-0.0013665303023817795
2003-11-12,-0.0007784801995716123
2003-11-13,-0.0006053990992416925
2003-11-14,0.0
2003-11-17,0.0
2003-11-18,0.0
2003-11-19,0.0
2003-11-20,0.0
2003-11-21,0.0
2003-11-24,0.0
2003-11-25,0.0
2003-11-26,0.0
2003-11-28,0.0
2003-12-01,0.0
2003-12-02,0.0
2003-12-03,0.0
2003-12-04,0.0
2003-12-05,0.0
2003-12-08,0.0
2003-12-09,0.0
2003-12-10,0.0
2003-12-11,0.0
2003-12-12,0.0
2003-12-15,0.0
2003-12-16,0.0
2003-12-17,0.0
2003-12-18,0.0
2003-12-19,0.0
2003-12-22,0.0
2003-12-23,0.0
2003-12-24,0.0
2003-12-26,0.0
2003-12-29,0.0
2003-12-30,0.0
2003-12-31,0.0
2004-01-02,0.0
2004-01-05,0.0
2004-01-06,0.0
2004-01-07,0.0
2004-01-08,0.0
2004-01-09,0.0
2004-01-12,0.0
2004-01-13,0.0
2004-01-14,0.0
2004-01-15,0.0
2004-01-16,0.0
2004-01-20,-0.00013160655598515872
2004-01-21,0.00019656332493732723
2004-01-22,0.00037619777229515317
2004-01-23,0.0006962806575090751
2004-01-26,0.0005314004498155523
2004-01-27,-0.0006333351296294121
2004-01-28,0.0012716107985068575
2004-01-29,0.0013845566710267436
2004-01-30,0.0006263589082193483
2004-02-02,-0.0005189764680423785
2004-02-03,0.0009416350458239075
2004-02-04,0.0004265312081181621
2004-02-05,0.0004168406166762045
2004-02-06,-8.837768962877338e-06
2004-02-09,0.0012240716687548843
2004-02-10,0.001243334836589564
2004-02-11,-0.0012807940112673315
2004-02-12,9.10015920822034e-05
2004-02-13,-0.0009193022354123644
2004-02-17,-0.00024276809879073252
2004-02-18,0.0
2004-02-19,0.0
2004-02-20,0.0
2004-02-23,0.0
2004-02-24,0.0
2004-02-25,0.0
2004-02-26,0.0
2004-02-27,0.0
2004-03-01,0.0
2004-03-02,0.0
2004-03-03,0.0
2004-03-04,0.0
2004-03-05,0.0
2004-03-08,0.0
2004-03-09,0.0
2004-03-10,-1.2192770864778566e-05
2004-03-11,0.0016111496539567352
2004-03-12,-0.0012780372691122673
2004-03-15,4.237390368447757e-05
2004-03-16,8.749822269758865e-05
2004-03-17,-0.00010645322065936131
2004-03-18,0.00027730184413295015
2004-03-19,-0.0007437528669249065
2004-03-22,0.000546996322979487
2004-03-23,-0.0007809304403686135
2004-03-24,0.00045843934415722273
2004-03-25,-0.00026326114554292297
2004-03-26,-0.00057381939591402
2004-03-29,-0.0007406016720357758
2004-03-30,0.0008887293249114584
2004-03-31,0.001058044726948305
2004-04-01,-6.258934034399664e-05
2004-04-02,0.0013425531841361974
2004-04-05,-0.0002830881055192139
2004-04-06,-0.0007409812479439445
2004-04-07,-0.001026977531336492
2004-04-08,0.00017155694939179598
2004-04-12,0.0006366474033497607
2004-04-13,-0.001357127951500488
2004-04-14,-0.0017529988343883709
2004-04-15,-0.00029396555863669326
2004-04-16,-0.00023305995001124256
2004-04-19,-0.0003596298390803179
2004-04-20,0.00045694159131472374
2004-04-21,0.0013633108009461076
2004-04-22,0.0007991373232743041
2004-04-23,0.00268322249114155
2004-04-26,0.00042772474889261723
2004-04-27,-0.0008642698378104227
2004-04-28,-3.368277210096909e-05
2004-04-29,0.0007412946151610136
2004-04-30,0.0001851490646495012
2004-05-03,-0.00097788412399638
2004-05-04,0.0011293390346373655
2004-05-05,0.00026064578409686697
2004-05-06,0.0007608909234169642
2004-05-07,0.0007037359536555024
2004-05-10,-0.0002114595408690841
2004-05-11,-0.0004655311704471098
2004-05-12,0.0017722593614261642
2004-05-13,-0.002259950180805177
2004-05-14,0.0007005578815807682
2004-05-17,-0.0009419937132027708
2004-05-18,0.0
2004-05-19,0.0
2004-05-20,0.0
2004-05-21,0.0
2004-05-24,0.0
2004-05-25,0.0
2004-05-26,0.0
2004-05-27,0.0
2004-05-28,0.0
2004-06-01,0.0
2004-06-02,0.0
2004-06-03,0.0
2004-06-04,0.0
2004-06-07,0.0
2004-06-08,0.0
2004-06-09,0.0
2004-06-10,0.0
2004-06-14,0.0
2004-06-15,0.0
2004-06-16,0.0
2004-06-17,0.0
2004-06-18,0.0
2004-06-21,0.0
2004-06-22,0.0
2004-06-23,0.0
2004-06-24,0.0
2004-06-25,0.0
2004-06-28,0.0
2004-06-29,0.0
2004-06-30,0.0
2004-07-01,0.0
2004-07-02,0.0
2004-07-06,0.0
2004-07-07,0.0
2004-07-08,0.0010763510396765688
2004-07-09,-0.0006929962790174603
2004-07-12,0.0015471588781811895
2004-07-13,0.005925330411301786
2004-07-14,-9.771580342440096e-05
2004-07-15,0.0006249948078309252
2004-07-16,0.0014033658405970973
2004-07-19,-0.0003064653925057627
2004-07-20,0.007063425440900486
2004-07-21,0.0009531435252661372
2004-07-22,3.2008858208362485e-06
2004-07-23,6.323033301050909e-06
2004-07-26,0.0006393497861934515
2004-07-27,-0.00027564074471726226
2004-07-28,-2.921661567113182e-05
2004-07-29,0.0003463193689613857
2004-07-30,-0.0005474519264778823
2004-08-02,0.0008133037663473139
2004-08-03,0.00081650469884941
2004-08-04,0.0005565374502700551
2004-08-05,0.0003394069384204523
2004-08-06,0.0
2004-08-09,0.0
2004-08-10,0.0
2004-08-11,0.0
2004-08-12,0.0
2004-08-13,0.0
2004-08-16,0.0
2004-08-17,0.0
2004-08-18,0.0
2004-08-19,0.0
2004-08-20,0.0
2004-08-23,0.0
2004-08-24,0.0
2004-08-25,0.0
2004-08-26,0.0
2004-08-27,0.0
2004-08-30,0.0
2004-08-31,0.0
2004-09-01,0.0
2004-09-02,-0.00013893738085595664
2004-09-03,0.0008876890093815413
2004-09-07,-0.00035774947624696887
2004-09-08,-0.00048078478280849136
2004-09-09,0.00033940261216825396
2004-09-10,0.00021711063311250986
2004-09-13,0.0013590340806177124
2004-09-14,3.842336483068473e-05
2004-09-15,0.0005407764827039267
2004-09-16,0.0002956354682657241
2004-09-17,-0.0004656941103124622
2004-09-20,0.00018759189092291148
2004-09-21,0.00026230984798448516
2004-09-22,0.00011242404550433188
2004-09-23,0.000611045778835801
2004-09-24,1.2330339041727675e-05
2004-09-27,-0.0006959934459333439
2004-09-28,0.0010660663913752899
2004-09-29,-0.00025598456408124114
2004-09-30,0.00217967486020142
2004-10-01,0.00036455405184878813
2004-10-04,0.0
2004-10-05,0.0
2004-10-06,0.0
2004-10-07,0.0005153375531590014
2004-10-08,-0.0006124682992321997
2004-10-11,0.00014021119997320258
2004-10-12,-0.00043778056642538666
2004-10-13,0.00109804385863202
2004-10-14,0.00019321220072831836
2004-10-15,-0.0017896338122299045
2004-10-18,-0.0009954975549338603
2004-10-19,0.0004568774625039982
2004-10-20,0.0011542845536132293
2004-10-21,0.0038412101112848783
2004-10-22,-0.00047186890101697085
2004-10-25,-0.0008606160154364637
2004-10-26,-0.0008933664896810447
2004-10-27,0.0013204763904211304
2004-10-28,0.0025635959778796545
2004-10-29,0.0005560306538109515
2004-11-01,-0.0010006914577377554
2004-11-02,0.0013870116830750861
2004-11-03,-0.001939486754063809
2004-11-04,-0.00100007054074087
2004-11-05,0.0005227699609369786
2004-11-08,-0.0009361618042951201
2004-11-09,-0.0017621422903782804
2004-11-10,-0.00036564016491679314
2004-11-11,0.0006698638582981533
2004-11-12,0.0009258863944739198
2004-11-15,0.0011775745427527547
2004-11-16,0.0
2004-11-17,0.0
2004-11-18,0.0
2004-11-19,0.0
2004-11-22,0.0
2004-11-23,0.0
2004-11-24,0.0
2004-11-26,0.0
2004-11-29,0.0
2004-11-30,0.0
2004-12-01,0.0
2004-12-02,0.0
2004-12-03,0.0
2004-12-06,0.0
2004-12-07,0.0
2004-12-08,0.0
2004-12-09,0.0
2004-12-10,0.00023394004947888052
2004-12-13,-0.0011634762247387561
2004-12-14,0.002706094408085642
2004-12-15,-0.00019380017043699914
2004-12-16,0.0003022220119454292
2004-12-17,5.254568056619398e-05
2004-12-20,0.0029497103643469904
2004-12-21,-0.0006506764936011798
2004-12-22,-0.0038272547513867523
2004-12-23,0.00031662876445201797
2004-12-27,0.002184633636269445
2004-12-28,-0.004492547689207699
2004-12-29,-0.0015041444841622457
2004-12-30,0.0005172899075260863
2004-12-31,0.0014907253721128644
2005-01-03,-0.0009384551636553837
2005-01-04,0.0022553846736939054
2005-01-05,0.0023654555710707304
2005-01-06,0.0008101792714552839
2005-01-07,0.0012559846405398095
2005-01-10,-0.0022253936874717527
2005-01-11,0.0014855791887071106
2005-01-12,-0.0019777400862222654
2005-01-13,0.0015268834240703762
2005-01-14,-0.0034667615912816964
2005-01-18,8.969001132149953e-05
2005-01-19,0.0031972721008865085
2005-01-20,0.001533527066477932
2005-01-21,-0.0006606032887056209
2005-01-24,0.00226460301923718
2005-01-25,-0.0019398078413411608
2005-01-26,-0.0032120150821019337
2005-01-27,3.962363618269997e-05
2005-01-28,0.001374517174048026
2005-01-31,-0.004478645444333823
2005-02-01,0.0024634289545797236
2005-02-02,0.0005640177095661701
2005-02-03,0.0032202964931426136
2005-02-04,-0.0018754819177027714
2005-02-07,-0.0007156129911941084
2005-02-08,0.0018960122783462797
2005-02-09,-0.0003035883875499083
2005-02-10,0.0008176952194610841
2005-02-11,-0.0003819014819440668
2005-02-14,0.00184867945198842
2005-02-15,-0.003472614940868538
2005-02-16,0.0
2005-02-17,0.0
2005-02-18,0.0
2005-02-22,0.0
2005-02-23,0.0
2005-02-24,-0.002229483367263132
2005-02-25,0.00013037313683196165
2005-02-28,0.00026725152520431063
2005-03-01,8.53087632515876e-05
2005-03-02,-0.000524215135803588
2005-03-03,-0.0002621309456057188
2005-03-04,-0.00026208308792194835
2005-03-07,0.0005538128098831552
2005-03-08,-0.0006816142885766855
2005-03-09,-0.00048452381945359466
2005-03-10,0.00019808768030569064
2005-03-11,0.0008473556301305946
2005-03-14,-5.452010660582055e-05
2005-03-15,-1.511968919257225e-05
2005-03-16,0.0011599074921235272
2005-03-17,-6.250119410908231e-05
2005-03-18,-0.00043741216133012654
2005-03-21,0.0007627112116043305
2005-03-22,0.00017466248639994524
2005-03-23,-0.0002291766909163403
2005-03-24,-0.00024996449424289713
2005-03-28,-0.00020846044510533024
2005-03-29,0.00011156482797835164
2005-03-30,0.00018663710207374008
2005-03-31,0.00014825462488485643
2005-04-01,-0.00022938903415618272
2005-04-04,0.0001931833212247462
2005-04-05,-0.00014227139818110665
2005-04-06,4.8863848468777614e-05
2005-04-07,-7.083562970591107e-05
2005-04-08,0.0003692014501139088
2005-04-11,9.016657223286763e-05
2005-04-12,0.0009223996378039736
2005-04-13,0.00010667992992461485
2005-04-14,0.0006651254356687724
2005-04-15,0.002029720112372222
2005-04-18,0.0010741146960961422
2005-04-19,-0.0008567094690374638
2005-04-20,-0.0016234415180245271
2005-04-21,-0.00016579809461260252
2005-04-22,-0.0012482930602297129
2005-04-25,0.0001936380444344046
2005-04-26,0.0005304846899468027
2005-04-27,0.0016918584199004055
2005-04-28,-0.0014303757944466463
2005-04-29,-0.000157326521707489
2005-05-02,0.00020716019934932209
2005-05-03,-0.0009298294015884144
2005-05-04,0.0003742627638351491
2005-05-05,0.0007205539923918622
2005-05-06,0.0004933401575510832
2005-05-09,0.0007880338056487804
2005-05-10,-6.616395462801617e-05
2005-05-11,0.00014210590551499205
2005-05-12,-0.0010637762322130552
2005-05-13,9.566499509362336e-08
2005-05-16,4.617529095659044e-05
2005-05-17,-0.00046364832081170326
2005-05-18,0.0
2005-05-19,0.0
2005-05-20,0.0
2005-05-23,0.0
2005-05-24,0.0
2005-05-25,0.0
2005-05-26,0.0
2005-05-27,0.0
2005-05-31,0.0
2005-06-01,0.0
2005-06-02,0.0
2005-06-03,0.0
2005-06-06,0.0
2005-06-07,0.0
2005-06-08,0.0
2005-06-09,0.0
2005-06-10,0.0
2005-06-13,0.0
2005-06-14,0.0
2005-06-15,0.0
2005-06-16,0.0
2005-06-17,0.0
2005-06-20,0.0
2005-06-21,0.0
2005-06-22,0.0
2005-06-23,0.0
2005-06-24,0.0
2005-06-27,0.0
2005-06-28,0.0
2005-06-29,0.0
2005-06-30,0.0
2005-07-01,0.0
2005-07-05,0.0
2005-07-06,0.0
2005-07-07,0.0
2005-07-08,0.0
2005-07-11,0.0
2005-07-12,0.0
2005-07-13,0.0
2005-07-14,0.0
2005-07-15,0.0
2005-07-18,0.0
2005-07-19,0.0
2005-07-20,0.0
2005-07-21,0.0
2005-07-22,0.0
2005-07-25,0.0
2005-07-26,0.0
2005-07-27,0.0
2005-07-28,0.0
2005-07-29,0.0
2005-08-01,0.0
2005-08-02,0.0
2005-08-03,0.0
2005-08-04,0.0
2005-08-05,0.0
2005-08-08,0.0
2005-08-09,0.0
2005-08-10,0.0
2005-08-11,0.0004686605552939039
2005-08-12,0.00029548928049792633
2005-08-15,-0.00021910075641966926
2005-08-16,0.000781035260205932
2005-08-17,0.0
2005-08-18,0.0
2005-08-19,0.0
2005-08-22,0.0
2005-08-23,0.0
2005-08-24,0.0
2005-08-25,0.0
2005-08-26,0.0
2005-08-29,0.0
2005-08-30,0.0
2005-08-31,0.0
2005-09-01,0.0
2005-09-02,0.0
2005-09-06,0.0
2005-09-07,0.0
2005-09-08,0.0
2005-09-09,0.0
2005-09-12,0.0
2005-09-13,0.0
2005-09-14,0.0
2005-09-15,0.0
2005-09-16,0.0
2005-09-19,0.0
2005-09-20,0.0
2005-09-21,0.0
2005-09-22,0.0
2005-09-23,0.0
2005-09-26,0.0
2005-09-27,0.0
2005-09-28,0.0
2005-09-29,0.0
2005-09-30,0.0
2005-10-03,0.0
2005-10-04,0.0
2005-10-05,0.0
2005-10-06,0.0
2005-10-07,0.0
2005-10-10,-0.00354319255973596
2005-10-11,-0.0024594027277982265
2005-10-12,-0.003035865753240093
2005-10-13,8.979907265644092e-05
2005-10-14,-0.0017432967793691106
2005-10-17,0.0003080728271481801
2005-10-18,0.0007277577035635491
2005-10-19,0.004517456730680531
2005-10-20,-0.0017409009869557735
2005-10-21,0.002854392968558787
2005-10-24,0.009975053461482333
2005-10-25,0.0010290902797969155
2005-10-26,0.002699818557013076
2005-10-27,-0.0025369175080704968
2005-10-28,0.005332712538680598
2005-10-31,0.00046760441365353345
2005-11-01,0.0036842731418849414
2005-11-02,0.0025566927589509244
2005-11-03,0.0015093573110244827
2005-11-04,0.0007858457024561046
2005-11-07,-0.0008247899737119293
2005-11-08,-0.00012473201437144415
2005-11-09,0.0002058126609996787
2005-11-10,0.002037010997708531
2005-11-11,-9.358377318550373e-05
2005-11-14,0.0
2005-11-15,0.0
2005-11-16,0.0
2005-11-17,0.0
2005-11-18,0.0
2005-11-21,0.0
2005-11-22,0.0
2005-11-23,0.0
2005-11-25,0.0
2005-11-28,0.0
2005-11-29,0.0
2005-11-30,0.0
2005-12-01,0.0
2005-12-02,0.0
2005-12-05,0.0
2005-12-06,0.0
2005-12-07,0.0
2005-12-08,0.0
2005-12-09,0.0
2005-12-12,0.0
2005-12-13,0.0
2005-12-14,-0.004403189559900489
2005-12-15,0.002671401115419277
2005-12-16,0.0020040087015890705
2005-12-19,-0.0009744386792683476
2005-12-20,0.0009629388591375055
2005-12-21,-0.0018461939175173979
2005-12-22,-0.0004944586701842586
2005-12-23,-0.0007075835926270851
2005-12-27,0.00021550109278926889
2005-12-28,-0.0003582220812946005
2005-12-29,0.0006262561965787623
2005-12-30,0.0022538411232771154
2006-01-03,-0.0018690569266712964
2006-01-04,0.0002502749009441861
2006-01-05,4.295820868835225e-05
2006-01-06,-0.000480026771875026
2006-01-09,-0.0010253036812994496
2006-01-10,0.0012289641362716534
2006-01-11,-0.0013540845766517344
2006-01-12,0.0030678532500922873
2006-01-13,-0.0012974859195133265
2006-01-17,0.0006811745201955805
2006-01-18,4.6776898554119403e-05
2006-01-19,8.630633079280371e-05
2006-01-20,0.002793296052864358
2006-01-23,-0.0002507592833456017
2006-01-24,-0.0014659395438162532
2006-01-25,-0.0016392449649604412
2006-01-26,-0.0010541184204905017
2006-01-27,-0.006860448325308001
2006-01-30,0.0009010532320761238
2006-01-31,-0.00032004408829889664
2006-02-01,-0.009292025306645413
2006-02-02,-0.0009637831306233441
2006-02-03,-0.005081673798038049
2006-02-06,-0.000912264708021872
2006-02-07,0.004023400200500881
2006-02-08,-0.0004958645366743694
2006-02-09,0.002388903286990739
2006-02-10,0.0022868721850356627
2006-02-13,0.002223005305236513
2006-02-14,-0.0035753353897626937
2006-02-15,-0.003463313393510998
2006-02-16,0.0
2006-02-17,0.0
2006-02-21,0.0
2006-02-22,0.0
2006-02-23,0.0
2006-02-24,0.0
2006-02-27,0.0
2006-02-28,0.0
2006-03-01,0.0
2006-03-02,0.0
2006-03-03,0.0
2006-03-06,0.0
2006-03-07,0.0
2006-03-08,0.0
2006-03-09,0.0
2006-03-10,0.0
2006-03-13,0.0
2006-03-14,0.0
2006-03-15,0.0
2006-03-16,0.0
2006-03-17,0.0
2006-03-20,0.0
2006-03-21,0.0
2006-03-22,0.0
2006-03-23,0.0
2006-03-24,0.0
2006-03-27,0.0
2006-03-28,0.0
2006-03-29,0.0
2006-03-30,0.0
2006-03-31,0.0
2006-04-03,0.0
2006-04-04,0.0
2006-04-05,0.0
2006-04-06,0.0
2006-04-07,0.0
2006-04-10,0.0
2006-04-11,0.0
2006-04-12,0.0
2006-04-13,0.0
2006-04-17,0.0
2006-04-18,0.0
2006-04-19,0.0
2006-04-20,0.0
2006-04-21,0.0
2006-04-24,0.0
2006-04-25,0.0
2006-04-26,0.0
2006-04-27,0.0
2006-04-28,0.0
2006-05-01,0.0
2006-05-02,0.0
2006-05-03,0.0
2006-05-04,0.0
2006-05-05,0.0
2006-05-08,0.0
2006-05-09,0.0
2006-05-10,0.0
2006-05-11,0.0
2006-05-12,0.0
2006-05-15,0.0
2006-05-16,0.0
2006-05-17,0.0
2006-05-18,0.0
2006-05-19,0.0
2006-05-22,0.0
2006-05-23,0.0
2006-05-24,0.0
2006-05-25,0.0
2006-05-26,-0.00015629176447452668
2006-05-30,0.0015882853630326133
2006-05-31,-0.0008708361349439357
2006-06-01,0.00028472683839871933
2006-06-02,-5.6453469097603626e-05
2006-06-05,0.0016142789311001562
2006-06-06,-0.0006560562886939851
2006-06-07,0.0004077035320251607
2006-06-08,-1.845394141815565e-05
2006-06-09,0.00010319295626309334
2006-06-12,0.0006111499908222646
2006-06-13,-0.0012272332540281298
2006-06-14,0.0014748806920640465
2006-06-15,0.003180074916211957
2006-06-16,-0.0002530336834272526
2006-06-19,-0.0008222508956434067
2006-06-20,-0.00030054555929616395
2006-06-21,0.0008754253255114727
2006-06-22,-0.0006298747664415731
2006-06-23,0.002705689167214227
2006-06-26,0.0004082831649746948
2006-06-27,0.0007404530447026115
2006-06-28,0.001657245639308597
2006-06-29,-0.0005742229174887201
2006-06-30,0.0007223399202619975
2006-07-03,-0.0009134700987758111
2006-07-05,0.000558244776050333
2006-07-06,0.0005494316378982535
2006-07-07,-0.0013410098039968654
2006-07-10,-0.0018220362605138529
2006-07-11,-0.0008488256575655583
2006-07-12,0.0014906508341344454
2006-07-13,0.0007070496110488729
2006-07-14,0.0024002088755660294
2006-07-17,0.0008993801968469608
2006-07-18,-0.0014565840380325909
2006-07-19,-0.0020001743522454728
2006-07-20,-0.0005212488961115364
2006-07-21,-0.00041402761026114476
2006-07-24,-2.8363895096014777e-05
2006-07-25,-0.0009881305103985934
2006-07-26,-0.00016387179050878121
2006-07-27,0.0003109097254499752
2006-07-28,-0.0002411970614892208
2006-07-31,0.00016443709915991392
2006-08-01,-0.00024013255815716605
2006-08-02,0.0014533820946615265
2006-08-03,0.0013331240833570873
2006-08-04,0.0004668220828254223
2006-08-07,0.0015035827793924827
2006-08-08,-0.0006879740143240407
2006-08-09,0.00021074885904913139
2006-08-10,-0.0012784607492296383
2006-08-11,-0.0010489839157973822
2006-08-14,0.00011495624236126798
2006-08-15,-0.001751196316139186
2006-08-16,-0.0011781226000625797
2006-08-17,0.0
2006-08-18,0.0
2006-08-21,0.0
2006-08-22,0.0
2006-08-23,0.0
2006-08-24,0.0
2006-08-25,0.0
2006-08-28,0.0
2006-08-29,0.0
2006-08-30,0.0
2006-08-31,0.0
2006-09-01,0.0
2006-09-05,0.0
2006-09-06,0.0
2006-09-07,0.0
2006-09-08,0.0
2006-09-11,0.0
2006-09-12,0.0
2006-09-13,0.0
2006-09-14,0.0
2006-09-15,0.0
2006-09-18,0.0
2006-09-19,0.0
2006-09-20,0.0
2006-09-21,0.0
2006-09-22,0.0
2006-09-25,0.0
2006-09-26,0.0
2006-09-27,0.0
2006-09-28,0.0
2006-09-29,0.0
2006-10-02,0.0
2006-10-03,0.0
2006-10-04,0.002068980806150376
2006-10-05,0.004253418856814905
2006-10-06,-0.00014205005611449127
2006-10-09,-0.0011701541654922638
2006-10-10,0.002678741252792301
2006-10-11,-0.0032153743516241725
2006-10-12,0.002546382054903463
2006-10-13,0.002190222717208772
2006-10-16,0.0047111765099155005
2006-10-17,-0.0010993380432375314
2006-10-18,-0.0013836586443789992
2006-10-19,0.004056457502361904
2006-10-20,0.0015899830043926086
2006-10-23,-0.0024402217012275255
2006-10-24,0.000489937596833204
2006-10-25,0.0006887055493406576
2006-10-26,-0.0028884048376521475
2006-10-27,-0.0012599998583927375
2006-10-30,-0.00198910146292489
2006-10-31,0.0003060542905820897
2006-11-01,0.001242560970541176
2006-11-02,0.004988115934860997
2006-11-03,-9.257113484250974e-05
2006-11-06,0.0002874336531051959
2006-11-07,0.00010930993911513844
2006-11-08,-0.00025427278451130384
2006-11-09,-0.0025992694988965555
2006-11-10,-0.0007200205714385401
2006-11-13,0.001342374439619368
2006-11-14,0.0002580024049407912
2006-11-15,0.0
2006-11-16,0.0
2006-11-17,0.0
2006-11-20,0.0
2006-11-21,0.0
2006-11-22,0.0
2006-11-24,0.0
2006-11-27,0.0
2006-11-28,0.0
2006-11-29,0.0
2006-11-30,0.0
2006-12-01,0.0
2006-12-04,0.0
2006-12-05,0.0009693217511708826
2006-12-06,0.0002964644941886544
2006-12-07,0.0005986595620018377
2006-12-08,0.00036211635859545444
2006-12-11,-0.00014388586291102796
2006-12-12,0.00046900305590521764
2006-12-13,0.0004978403838984379
2006-12-14,2.596917683339017e-05
2006-12-15,0.0012446425887583865
2006-12-18,-0.002083268468369949
2006-12-19,0.000328816333196451
2006-12-20,0.0007702141717217463
2006-12-21,-7.9353620460901e-05
2006-12-22,0.00042595010766036546
2006-12-26,-0.0009686039947803128
2006-12-27,0.000466073556611059
2006-12-28,-0.0011206406328680466
2006-12-29,0.000755874137025183
2007-01-03,0.0014850634273063826
2007-01-04,0.0016233464668681443
2007-01-05,-0.0014661632883895038
2007-01-08,-0.0005267216787793535
2007-01-09,3.3320666836451034e-05
2007-01-10,0.0015208334498450315
2007-01-11,0.0031027809700327064
2007-01-12,-0.000784696322007328
2007-01-16,-0.0001593438242104493
2007-01-17,0.0009404083238394587
2007-01-18,-0.000567213763341811
2007-01-19,-0.0012307330333447527
2007-01-22,-0.00014735986987382912
2007-01-23,-0.0008404239836399335
2007-01-24,0.0029973462730928614
2007-01-25,0.0017060810158850267
2007-01-26,-0.000729740623671579
2007-01-29,3.5432381729419676e-05
2007-01-30,-0.000724729285826673
2007-01-31,-0.0015905973919475552
2007-02-01,0.00028895052575621596
2007-02-02,0.0018996009661047945
2007-02-05,0.0005405957524006113
2007-02-06,0.0015077142581033471
2007-02-07,0.0007107650413098251
2007-02-08,-0.00017444210967185902
2007-02-09,-0.0003701938490709536
2007-02-12,0.000369078740910632
2007-02-13,-0.0003208305053346726
2007-02-14,0.0007335717458166196
2007-02-15,0.0014751252019796959
2007-02-16,0.0036183891121731836
2007-02-20,0.0
2007-02-21,0.0
2007-02-22,0.0
2007-02-23,0.0
2007-02-26,0.0
2007-02-27,0.0
2007-02-28,0.0
2007-03-01,0.0
2007-03-02,0.0
2007-03-05,0.0
2007-03-06,0.0
2007-03-07,0.0
2007-03-08,0.0
2007-03-09,0.0
2007-03-12,0.0
2007-03-13,0.0
2007-03-14,0.0
2007-03-15,0.0
2007-03-16,0.0
2007-03-19,0.0
2007-03-20,0.0
2007-03-21,0.0
2007-03-22,0.0
2007-03-23,0.0
2007-03-26,0.0
2007-03-27,0.0
2007-03-28,0.0014860675151252096
2007-03-29,0.000361020198778224
2007-03-30,6.933788395695255e-05
2007-04-02,-0.00027408268688656914
2007-04-03,-0.0006962993305418737
2007-04-04,0.0011789315614953032
2007-04-05,0.0002550896444566419
2007-04-09,-7.209864808891004e-05
2007-04-10,-0.0008874599409830807
2007-04-11,0.0005406965620559218
2007-04-12,0.0007084886865949105
2007-04-13,0.0013165641933434048
2007-04-16,-0.0008473830560802342
2007-04-17,-0.0005572069155952586
2007-04-18,-0.0006144398268206998
2007-04-19,0.0010912781575091314
2007-04-20,0.0012242956671072464
2007-04-23,-0.0006534819681816775
2007-04-24,-0.00047837417317075253
2007-04-25,-0.0010364779592858687
2007-04-26,-0.0009361511170522964
2007-04-27,0.0048972813544529885
2007-04-30,0.00397294922615651
2007-05-01,-0.002910943722729553
2007-05-02,-0.0007295358433652773
2007-05-03,-0.000516229548745621
2007-05-04,-0.0011415151815545798
2007-05-07,0.0005034342030277755
2007-05-08,0.0012504570256002608
2007-05-09,-0.006711499956843303
2007-05-10,0.00275636412326218
2007-05-11,-0.00142838224969944
2007-05-14,-0.0005154468730060831
2007-05-15,0.0014728309722760106
2007-05-16,0.0026899906842624416
2007-05-17,0.0019311486710002611
2007-05-18,3.2904905614813875e-06
2007-05-21,0.0
2007-05-22,0.0
2007-05-23,0.0
2007-05-24,0.0
2007-05-25,0.0
2007-05-29,0.0
2007-05-30,0.0
2007-05-31,0.0
2007-06-01,0.0
2007-06-04,0.0
2007-06-05,0.0
2007-06-06,0.0
2007-06-07,0.0
2007-06-08,0.0
2007-06-11,0.0
2007-06-12,0.0
2007-06-13,0.0
2007-06-14,0.0
2007-06-15,0.0
2007-06-18,0.0
2007-06-19,0.0
2007-06-20,0.0
2007-06-21,0.0
2007-06-22,0.0
2007-06-25,0.0
2007-06-26,0.0
2007-06-27,0.0
2007-06-28,0.0
2007-06-29,0.0
2007-07-02,0.0
2007-07-03,0.0
2007-07-05,0.0
2007-07-06,0.0
2007-07-09,0.0
2007-07-10,0.0
2007-07-11,0.0
2007-07-12,0.00406578937824156
2007-07-13,0.00027088831005492916
2007-07-16,-0.0006195712392761202
2007-07-17,0.0014355847921047548
2007-07-18,0.0006716485137406544
2007-07-19,0.0009174225205415378
2007-07-20,0.001014698073229701
2007-07-23,-0.0007697451908198954
2007-07-24,0.003377062121800307
2007-07-25,0.001040737030832307
2007-07-26,0.004770025366094907
2007-07-27,0.0008978814008429402
2007-07-30,-0.0002350890817140033
2007-07-31,0.0008772992336013197
2007-08-01,4.591774960439207e-05
2007-08-02,0.0016065887701448046
2007-08-03,-0.0011058088518057013
2007-08-06,8.914578204278936e-05
2007-08-07,-0.00017881459211192558
2007-08-08,-0.0019333610719912838
2007-08-09,-0.0008070785069979804
2007-08-10,0.0020091347405418753
2007-08-13,0.004409518705551011
2007-08-14,-0.0011015786116400157
2007-08-15,0.0006330710143856998
2007-08-16,0.0001903236335039155
2007-08-17,0.0005467283297437743
2007-08-20,0.0
2007-08-21,0.0
2007-08-22,0.0
2007-08-23,0.0
2007-08-24,0.0
2007-08-27,0.0
2007-08-28,0.0
2007-08-29,0.0
2007-08-30,0.0
2007-08-31,0.0
2007-09-04,0.0
2007-09-05,0.0
2007-09-06,0.0
2007-09-07,0.0
2007-09-10,0.0
2007-09-11,0.0
2007-09-12,0.0
2007-09-13,0.0
2007-09-14,0.0
2007-09-17,0.0
2007-09-18,0.0
2007-09-19,0.0
2007-09-20,0.0
2007-09-21,-0.0010409887052186147
2007-09-24,0.00037888922967703253
2007-09-25,0.0005239364024150742
2007-09-26,-0.000359464465603754
2007-09-27,-0.000453146905055046
2007-09-28,0.00019990156412314018
2007-10-01,-0.0004546257112097746
2007-10-02,-0.0004525253114957375
2007-10-03,-0.00037139354282769135
2007-10-04,-0.00016638898553342937
2007-10-05,0.001210387240248686
2007-10-08,0.00023048914785025413
2007-10-09,-0.0010396959091309465
2007-10-10,-0.0006002072029464011
2007-10-11,-0.0015951373825927719
2007-10-12,0.00023769717352242932
2007-10-15,0.0012724717709470539
2007-10-16,0.00044863280742775467
2007-10-17,-0.0013750600883369215
2007-10-18,-0.0009260461983898375
2007-10-19,-0.00030207234559593665
2007-10-22,-0.0011625257203172808
2007-10-23,-0.0015791193432428555
2007-10-24,0.001436172407953795
2007-10-25,0.000819930652127687
2007-10-26,-8.097905138018796e-05
2007-10-29,-0.0010412747601625369
2007-10-30,0.0010509903199965454
2007-10-31,-0.0014573520909999945
2007-11-01,-0.0005592858509650216
2007-11-02,-0.00021822818742100525
2007-11-05,-0.0005239906620074988
2007-11-06,-0.0003503269557931975
2007-11-07,-0.00031280154183176286
2007-11-08,-0.0005265810442665034
2007-11-09,0.0006388384113446636
2007-11-12,0.0018352662167455108
2007-11-13,0.0006764365565900452
2007-11-14,-0.0016890425765346657
2007-11-15,-0.0004298370935890052
2007-11-16,0.0
2007-11-19,0.0
2007-11-20,0.0
2007-11-21,0.0
2007-11-23,0.0
2007-11-26,0.0
2007-11-27,0.0
2007-11-28,0.0
2007-11-29,0.0
2007-11-30,0.0
2007-12-03,0.0
2007-12-04,0.0
2007-12-05,0.0
2007-12-06,0.0
2007-12-07,0.0
2007-12-10,-0.0010749668839774567
2007-12-11,0.0034882455916427097
2007-12-12,0.003019413005701116
2007-12-13,0.00022369617268202776
2007-12-14,0.0
2007-12-17,0.0
2007-12-18,0.0
2007-12-19,0.0
2007-12-20,0.0
2007-12-21,0.0
2007-12-24,0.0
2007-12-26,0.0
2007-12-27,0.0
2007-12-28,0.0
2007-12-31,0.0
2008-01-02,0.0
2008-01-03,0.0
2008-01-04,0.0
2008-01-07,0.0
2008-01-08,0.0
2008-01-09,0.0
2008-01-10,0.0
2008-01-11,0.0
2008-01-14,0.0
2008-01-15,-0.0006368031871829332
2008-01-16,-0.00166593845570769
2008-01-17,-0.001150938741684549
2008-01-18,0.00011592706402896609
2008-01-22,0.008270504930199396
2008-01-23,0.0031145746681944466
2008-01-24,0.0023108495858791913
2008-01-25,-0.003590489734014709
2008-01-28,0.0027133758562729654
2008-01-29,-0.00047035842855395105
2008-01-30,-8.522185978488295e-05
2008-01-31,0.0015918774330979418
2008-02-01,0.003379142601849796
2008-02-04,-0.0004520827193983518
2008-02-05,0.000404350696049746
2008-02-06,-0.0029192288261111676
2008-02-07,0.001043142429599821
2008-02-08,0.0006313031732853282
2008-02-11,-0.00018506436035213084
2008-02-12,-0.0011278560923629153
2008-02-13,-0.0002575855424769252
2008-02-14,0.0014603446808460032
2008-02-15,-0.0008916486443952797
2008-02-19,-0.00018076662629270342
2008-02-20,0.0
2008-02-21,0.0
2008-02-22,0.0
2008-02-25,0.0
2008-02-26,0.0
2008-02-27,0.0
2008-02-28,0.0
2008-02-29,0.0
2008-03-03,0.0
2008-03-04,0.0
2008-03-05,0.0
2008-03-06,0.0
2008-03-07,0.0
2008-03-10,0.0
2008-03-11,0.0
2008-03-12,0.0
2008-03-13,0.0
2008-03-14,0.0
2008-03-17,0.0
2008-03-18,0.0
2008-03-19,0.0
2008-03-20,0.0
2008-03-24,0.0
2008-03-25,0.0
2008-03-26,0.0
2008-03-27,0.0
2008-03-28,0.0
2008-03-31,0.0
2008-04-01,-0.004289231365725458
2008-04-02,-0.0009371764603862071
2008-04-03,0.004113494159148655
2008-04-04,0.0021336897611539084
2008-04-07,0.0012914371069132663
2008-04-08,-0.00023123223168257997
2008-04-09,0.00039008726866419035
2008-04-10,0.0019003621560150054
2008-04-11,0.002244342541317253
2008-04-14,0.0015473753746866685
2008-04-15,0.001371187603665286
2008-04-16,-0.0014202554838670224
2008-04-17,0.0
2008-04-18,0.0
2008-04-21,0.0
2008-04-22,0.0
2008-04-23,0.0
2008-04-24,0.0
2008-04-25,0.0
2008-04-28,0.0
2008-04-29,0.0
2008-04-30,0.0012944719400629341
2008-05-01,0.002159334894020113
2008-05-02,0.0037042067890489788
2008-05-05,0.0026730435335729844
2008-05-06,-0.0012601454859542643
2008-05-07,0.0004299039969906832
2008-05-08,-0.004450246747241799
2008-05-09,0.00010897607885717887
2008-05-12,0.0012211935633653964
2008-05-13,0.00017920054865615598
2008-05-14,0.0005648055269861463
2008-05-15,0.0030635356207393584
2008-05-16,-0.0007864985269673023
2008-05-19,-0.0017016358825874933
2008-05-20,0.0
2008-05-21,0.0
2008-05-22,-0.00036307350759013003
2008-05-23,-0.0003575929516538183
2008-05-27,0.00034903433117658227
2008-05-28,0.00040759286675988785
2008-05-29,-0.00017823490943988298
2008-05-30,-0.0005526907435884341
2008-06-02,-0.0008355276817260936
2008-06-03,-0.00010650633170703914
2008-06-04,0.0024270137581661544
2008-06-05,-0.0008345745394702894
2008-06-06,0.0005303905649338283
2008-06-09,-0.001445354712144394
2008-06-10,0.00045399680618177587
2008-06-11,-0.0010785004609160475
2008-06-12,-0.0006951875098730414
2008-06-13,-0.001048992995038535
2008-06-16,-0.00011068402827145432
2008-06-17,-5.3883260456695476e-05
2008-06-18,-1.2420329333240874e-05
2008-06-19,0.0016708758760457468
2008-06-20,-6.476110913354875e-05
2008-06-23,-0.00013877477808094596
2008-06-24,-0.0012964809120592962
2008-06-25,-0.00015479914037560614
2008-06-26,0.0004411286465559456
2008-06-27,-0.0015113509962012732
2008-06-30,-0.0015223071469528827
2008-07-01,-0.001966569331605864
2008-07-02,0.0017737911190505835
2008-07-03,0.0005536954064578947
2008-07-07,0.001766327515305493
2008-07-08,0.003647011846061947
2008-07-09,0.0012683928983055013
2008-07-10,-0.0013633421126708334
2008-07-11,0.001790550712580009
2008-07-14,0.0005095522500822023
2008-07-15,0.0006180452080761589
2008-07-16,0.000649429040628993
2008-07-17,-0.00033225704690455107
2008-07-18,-0.00029926980207679
2008-07-21,-0.001980843739286888
2008-07-22,-5.420900312810796e-05
2008-07-23,0.004448315695756242
2008-07-24,0.001289681319954497
2008-07-25,-0.0017318360295727315
2008-07-28,0.0003267185843202766
2008-07-29,0.00027179498170535487
2008-07-30,-0.0018539093703409137
2008-07-31,1.997565034994055e-05
2008-08-01,0.0005662954834946416
2008-08-04,-0.0003419404320036505
2008-08-05,-0.0013352128030228625
2008-08-06,-0.0003732382047864045
2008-08-07,0.0010466651312513488
2008-08-08,-0.0003831245341438886
2008-08-11,-0.0001089026803284025
2008-08-12,0.0002557544307341871
2008-08-13,-0.0015977386866884843
2008-08-14,8.137157090682231e-05
2008-08-15,-0.00018808101392361198
2008-08-18,-0.00018462080896172565
2008-08-19,0.0
2008-08-20,0.0
2008-08-21,0.0
2008-08-22,0.0
2008-08-25,0.0
2008-08-26,0.0
2008-08-27,0.0
2008-08-28,0.0
2008-08-29,0.0
2008-09-02,0.0
2008-09-03,0.0
2008-09-04,0.0
2008-09-05,0.0
2008-09-08,0.0
2008-09-09,0.0
2008-09-10,0.0
2008-09-11,0.0
2008-09-12,0.0
2008-09-15,0.0
2008-09-16,0.0
2008-09-17,-0.0020521212510291997
2008-09-18,6.794125717579928e-05
2008-09-19,0.01583906315497724
2008-09-22,0.013436761544800824
2008-09-23,0.005808917718881015
2008-09-24,0.0004898151529821784
2008-09-25,-0.003138327709028298
2008-09-26,-0.004600608439262538
2008-09-29,0.013088627938365037
2008-09-30,-0.00624912285338777
2008-10-01,0.002560159005719597
2008-10-02,-0.002611156096955909
2008-10-03,0.0014397880886151825
2008-10-06,0.002251301414444267
2008-10-07,-0.004368917101841594
2008-10-08,0.0023841600029725074
2008-10-09,-0.0068351388825415495
2008-10-10,-0.004439206218467344
2008-10-13,0.0011859367755331519
2008-10-14,0.012938275387019457
2008-10-15,-0.006958887657019206
2008-10-16,0.0021258171798051785
2008-10-17,0.00035764688890850527
2008-10-20,0.002454038169619504
2008-10-21,-0.0019719184796180697
2008-10-22,-0.0027077991186546953
2008-10-23,0.0008167388565734237
2008-10-24,-0.007090164074938274
2008-10-27,-0.0022445967807072317
2008-10-28,0.0064480995910323
2008-10-29,-0.002657046176016442
2008-10-30,0.004923882940886824
2008-10-31,0.003034033775768348
2008-11-03,-0.0011131643628066686
2008-11-04,0.0035290312620265647
2008-11-05,-0.0065612216389132946
2008-11-06,0.0001494935761065823
2008-11-07,-0.00019197018784429456
2008-11-10,-0.0034031971042965815
2008-11-11,-0.002555195060378712
2008-11-12,-0.001773927058413575
2008-11-13,0.014415699183240717
2008-11-14,-0.007083095209579756
2008-11-17,0.0
2008-11-18,0.0
2008-11-19,0.0
2008-11-20,0.0
2008-11-21,0.0
2008-11-24,0.0
2008-11-25,-0.011130549351580234
2008-11-26,0.011503234291407689
2008-11-28,0.03812857177601958
2008-12-01,-0.02021305869083363
2008-12-02,0.0036329968574509725
2008-12-03,-0.0001952234192888055
2008-12-04,0.003335036255989285
2008-12-05,-0.009989475678398932
2008-12-08,-0.0007719043371289987
2008-12-09,0.00013992446215347482
2008-12-10,-0.013038958188432122
2008-12-11,0.014198211438902469
2008-12-12,-0.02430268842003412
2008-12-15,0.01509276904279858
2008-12-16,-0.01113708374728361
2008-12-17,-0.0018345179502573753
2008-12-18,0.007645506747585032
2008-12-19,0.0024368684119995786
2008-12-22,-0.018293555152340844
2008-12-23,0.002799472984738873
2008-12-24,0.0025192152150017764
2008-12-26,0.023342636918445604
2008-12-29,-0.0071196002783388826
2008-12-30,-0.0025269574229227418
2008-12-31,0.0016088478809288373
2009-01-02,0.013399994398329222
2009-01-05,0.03129215413969615
2009-01-06,-0.010082967933155964
2009-01-07,-0.0009675864438653918
2009-01-08,-0.0024550189096947403
2009-01-09,-0.006505460666336053
2009-01-12,0.001364700339692936
2009-01-13,-0.004419096718425115
2009-01-14,-0.0026786225092033686
2009-01-15,0.0
2009-01-16,0.0
2009-01-20,0.0
2009-01-21,0.023504816290755275
2009-01-22,-0.016405877116557853
2009-01-23,-0.017477177312769755
2009-01-26,-0.0015741072592110033
2009-01-27,0.006237992738256826
2009-01-28,0.0026780122904746465
2009-01-29,0.023054815312405566
2009-01-30,0.012780992563187113
2009-02-02,0.0041156949912451
2009-02-03,0.004102011255700383
2009-02-04,0.0031408980134609546
2009-02-05,-0.004341780928822986
2009-02-06,-0.008354566291357116
2009-02-09,-0.0019989176549059648
2009-02-10,-0.015621558209354024
2009-02-11,0.012442389147758507
2009-02-12,0.006904049159617358
2009-02-13,0.0021319104241209553
2009-02-17,0.021693649727672366
2009-02-18,-0.01578752560357127
2009-02-19,0.0
2009-02-20,0.0
2009-02-23,0.0
2009-02-24,0.0
2009-02-25,0.0
2009-02-26,0.0
2009-02-27,0.0019450448598489908
2009-03-02,-0.010264455349706075
2009-03-03,0.0017108816333087525
2009-03-04,-0.0006033609071187775
2009-03-05,-0.00019731051368893014
2009-03-06,0.0025247898746396506
2009-03-09,0.0004138385170121298
2009-03-10,0.003263080080451026
2009-03-11,0.00856385050789367
2009-03-12,0.004816509641187879
2009-03-13,0.025177501603028455
2009-03-16,3.0046499149724093e-05
2009-03-17,0.010974620790572527
2009-03-18,-0.01630297852628461
2009-03-19,-0.01825675260705775
2009-03-20,-0.01883967218381709
2009-03-23,0.0071712375738505795
2009-03-24,0.006219193502116951
2009-03-25,0.028361001834930795
2009-03-26,0.02257626938069724
2009-03-27,-0.015881168399419852
2009-03-30,0.01255904004002472
2009-03-31,-0.003972068174160415
2009-04-01,0.01756179894568873
2009-04-02,0.0013742748547626922
2009-04-03,0.009161771107804946
2009-04-06,-0.017897661275477192
2009-04-07,-0.014237169413643412
2009-04-08,0.0032289663439154983
2009-04-09,0.020968325804401812
2009-04-13,0.011462204852409234
2009-04-14,0.00023448931968302923
2009-04-15,0.010284016652468073
2009-04-16,0.024599815462074893
2009-04-17,-0.0046249507753362605
2009-04-20,-0.000549885441821704
2009-04-21,-0.0008843507789458354
2009-04-22,0.00041406647200725884
2009-04-23,-0.006306278590175546
2009-04-24,0.00024750943042420163
2009-04-27,-0.0031144462597174996
2009-04-28,0.0004339281710788737
2009-04-29,5.722080183014956e-05
2009-04-30,0.003772876570690666
2009-05-01,-0.00216282651114054
2009-05-04,-0.0029286502166725884
2009-05-05,0.0024789872987209124
2009-05-06,0.00012530512546531563
2009-05-07,-0.00010324430248447231
2009-05-08,0.0050084507172969035
2009-05-11,-0.002341793986492239
2009-05-12,-0.0008886433479339868
2009-05-13,-0.0004653095974482466
2009-05-14,-0.014081469439163663
2009-05-15,-0.00016859658992285495
2009-05-18,0.012254807494291219
2009-05-19,-0.006858898965769468
2009-05-20,0.0
2009-05-21,0.0
2009-05-22,0.0
2009-05-26,0.0
2009-05-27,0.0
2009-05-28,0.0
2009-05-29,0.0
2009-06-01,0.0
2009-06-02,0.0
2009-06-03,0.0
2009-06-04,0.0
2009-06-05,0.0
2009-06-08,0.0
2009-06-09,0.0
2009-06-10,0.0
2009-06-11,0.0
2009-06-12,0.0
2009-06-15,0.0
2009-06-16,0.0
2009-06-17,0.0
2009-06-18,0.0
2009-06-19,0.0
2009-06-22,0.0
2009-06-23,0.0
2009-06-24,0.0
2009-06-25,0.0
2009-06-26,0.0
2009-06-29,0.0
2009-06-30,0.0
2009-07-01,0.0
2009-07-02,0.0
2009-07-06,0.0
2009-07-07,0.0
2009-07-08,0.0
2009-07-09,0.0
2009-07-10,0.0
2009-07-13,0.0
2009-07-14,0.0
2009-07-15,0.0
2009-07-16,0.0
2009-07-17,0.0
2009-07-20,0.0
2009-07-21,0.0
2009-07-22,0.0
2009-07-23,0.0
2009-07-24,0.0
2009-07-27,0.0
2009-07-28,0.0
2009-07-29,0.0
2009-07-30,0.0
2009-07-31,0.0
2009-08-03,0.0
2009-08-04,0.0
2009-08-05,0.0
2009-08-06,0.0
2009-08-07,0.0
2009-08-10,0.0
2009-08-11,0.0
2009-08-12,0.0
2009-08-13,0.0
2009-08-14,0.0
2009-08-17,0.0
2009-08-18,0.0
2009-08-19,0.0
2009-08-20,0.0
2009-08-21,0.0
2009-08-24,0.0
2009-08-25,0.0
2009-08-26,0.0
2009-08-27,0.0
2009-08-28,0.0
2009-08-31,0.0
2009-09-01,0.0
2009-09-02,0.0
2009-09-03,0.0
2009-09-04,0.0
2009-09-08,0.0
2009-09-09,0.0
2009-09-10,0.0
2009-09-11,0.0
2009-09-14,0.0
2009-09-15,0.0
2009-09-16,0.0
2009-09-17,0.0
2009-09-18,0.0
2009-09-21,0.0
2009-09-22,0.0
2009-09-23,0.0
2009-09-24,0.0
2009-09-25,0.0
2009-09-28,0.0
2009-09-29,0.0
2009-09-30,0.0
2009-10-01,0.0
2009-10-02,0.0
2009-10-05,0.0
2009-10-06,0.0
2009-10-07,0.0
2009-10-08,0.0
2009-10-09,0.0
2009-10-12,0.0
2009-10-13,0.0
2009-10-14,0.0
2009-10-15,0.0
2009-10-16,0.0
2009-10-19,0.0
2009-10-20,0.0
2009-10-21,0.0
2009-10-22,0.0
2009-10-23,0.0
2009-10-26,0.0
2009-10-27,0.0
2009-10-28,0.0
2009-10-29,0.0
2009-10-30,0.0
2009-11-02,0.0
2009-11-03,0.0
2009-11-04,0.0007317470059595947
2009-11-05,0.0008236471620852973
2009-11-06,0.000510525199471678
2009-11-09,0.0007252558388744653
2009-11-10,0.0002594610651253937
2009-11-11,1.4657824643339134e-05
2009-11-12,-0.00029766649785459173
2009-11-13,-0.00022743056819779056
2009-11-16,0.0012741766498027688
2009-11-17,0.0
2009-11-18,0.0
2009-11-19,0.0
2009-11-20,0.0
2009-11-23,0.0
2009-11-24,0.0
2009-11-25,0.0
2009-11-27,0.0
2009-11-30,0.0
2009-12-01,0.0
2009-12-02,0.0
2009-12-03,0.0011025126416926866
2009-12-04,0.0011200661096337056
2009-12-07,0.0005707144268605126
2009-12-08,-0.0011773204716394037
2009-12-09,0.0007133085409810612
2009-12-10,-0.0005316889721210371
2009-12-11,0.0008518090605777746
2009-12-14,-0.0012075431915563274
2009-12-15,0.0001894072940758978
2009-12-16,0.0002880898992935673
2009-12-17,0.000601472271609269
2009-12-18,0.0009090297234508567
2009-12-21,-0.0008359258022105516
2009-12-22,0.0005990057301774991
2009-12-23,-0.00013506733760150263
2009-12-24,0.0006593028870182107
2009-12-28,-8.684667376595878e-05
2009-12-29,-0.0015854971248033564
2009-12-30,-0.0004120211311651556
2009-12-31,-0.0006065795135391702
2010-01-04,-7.362253420754882e-06
2010-01-05,-0.00017400436876993696
2010-01-06,0.00011089216947252401
2010-01-07,0.0004864880076196293
2010-01-08,-0.0009983388612766488
2010-01-11,-0.0023254039188131495
2010-01-12,0.0028729400612642862
2010-01-13,0.0004925618028620575
2010-01-14,-0.0008635322463546434
2010-01-15,0.00010915669370788428
2010-01-19,0.00010099669673834655
2010-01-20,-0.000699575086415364
2010-01-21,0.00034964253670492003
2010-01-22,0.0008673091286667273
2010-01-25,-0.0011425004928413912
2010-01-26,-0.0008292178554854977
2010-01-27,0.0006494438388069848
2010-01-28,0.001715282804770717
2010-01-29,-0.0016539680887898043
2010-02-01,0.0007553064538542529
2010-02-02,-0.0009063831271605384
2010-02-03,0.002060340217348738
2010-02-04,0.00014918604446309503
2010-02-05,-0.0014278950917248037
2010-02-08,0.000590273929423166
2010-02-09,-0.0006973274408973274
2010-02-10,-0.00037948719041856624
2010-02-11,-0.0014149097167094258
2010-02-12,-0.0002122490841590626
2010-02-16,0.0009566584269054334
2010-02-17,0.00015488006708376588
2010-02-18,-6.554472858705e-05
2010-02-19,0.0
2010-02-22,0.0
2010-02-23,0.0
2010-02-24,0.0
2010-02-25,0.0
2010-02-26,0.0
2010-03-01,0.0
2010-03-02,0.0
2010-03-03,0.0
2010-03-04,0.0
2010-03-05,0.0
2010-03-08,0.0
2010-03-09,0.0
2010-03-10,0.0
2010-03-11,0.0
2010-03-12,0.0
2010-03-15,0.0
2010-03-16,0.0
2010-03-17,0.0
2010-03-18,0.0
2010-03-19,0.0
2010-03-22,0.0
2010-03-23,0.0
2010-03-24,0.0
2010-03-25,0.0
2010-03-26,0.0
2010-03-29,0.0
2010-03-30,0.0
2010-03-31,0.0
2010-04-01,0.0
2010-04-05,0.0
2010-04-06,0.0
2010-04-07,0.0
2010-04-08,0.0
2010-04-09,0.0
2010-04-12,0.0
2010-04-13,0.0
2010-04-14,0.0
2010-04-15,0.0
2010-04-16,0.0
2010-04-19,0.0
2010-04-20,0.0
2010-04-21,0.0
2010-04-22,0.0
2010-04-23,0.0
2010-04-26,0.0
2010-04-27,0.0
2010-04-28,0.0
2010-04-29,0.0
2010-04-30,0.0
2010-05-03,0.0
2010-05-04,0.0
2010-05-05,0.0
2010-05-06,0.0
2010-05-07,0.0
2010-05-10,0.0
2010-05-11,0.0
2010-05-12,0.0
2010-05-13,0.0
2010-05-14,0.0
2010-05-17,0.0
2010-05-18,0.0
2010-05-19,0.0
2010-05-20,0.0
2010-05-21,0.0
2010-05-24,0.0
2010-05-25,0.0
2010-05-26,0.0
2010-05-27,0.0
2010-05-28,0.0
2010-06-01,0.0
2010-06-02,0.0
2010-06-03,0.0
2010-06-04,0.0
2010-06-07,0.0
2010-06-08,0.0033064356013657193
2010-06-09,0.002495038969396135
2010-06-10,0.007395136412643357
2010-06-11,0.005637419198525567
2010-06-14,0.007391506014871849
2010-06-15,-0.0005073451524691576
2010-06-16,0.0
2010-06-17,0.0
2010-06-18,0.0
2010-06-21,0.0
2010-06-22,0.0
2010-06-23,0.0
2010-06-24,0.0
2010-06-25,0.0
2010-06-28,0.0
2010-06-29,0.0
2010-06-30,0.0
2010-07-01,0.0
2010-07-02,0.0
2010-07-06,0.0
2010-07-07,0.0
2010-07-08,0.0
2010-07-09,0.0
2010-07-12,0.0
2010-07-13,0.0
2010-07-14,0.0
2010-07-15,-0.0007562846568660897
2010-07-16,0.0018792834810936454
2010-07-19,-0.0018306663069150302
2010-07-20,-0.0011409514474750061
2010-07-21,0.0017589610878061884
2010-07-22,-0.0018221507789020533
2010-07-23,-0.0005940483384964402
2010-07-26,-0.0008697223214202
2010-07-27,-0.0025289875686434937
2010-07-28,0.0002303864914301936
2010-07-29,0.0012855311505520824
2010-07-30,0.0020161045131126833
2010-08-02,-0.0017318193763225377
2010-08-03,-0.0007275247941082245
2010-08-04,0.0003027205563784003
2010-08-05,-0.0008809703414519054
2010-08-06,-0.0011023521181276641
2010-08-09,-0.0001112478558471402
2010-08-10,0.0013221560638490507
2010-08-11,0.002378393199590278
2010-08-12,0.0008132308041905022
2010-08-13,-0.0011843635009595162
2010-08-16,0.0009261572087427467
2010-08-17,-0.0014921804053317693
2010-08-18,-0.0007688963080102346
2010-08-19,0.0
2010-08-20,0.0
2010-08-23,0.0
2010-08-24,0.0
2010-08-25,0.0
2010-08-26,0.0
2010-08-27,0.0
2010-08-30,0.0
2010-08-31,0.0
2010-09-01,0.0
2010-09-02,0.0
2010-09-03,0.0
2010-09-07,0.0
2010-09-08,0.0
2010-09-09,0.0
2010-09-10,0.0
2010-09-13,0.0
2010-09-14,0.0
2010-09-15,0.0
2010-09-16,0.0
2010-09-17,0.0
2010-09-20,0.0
2010-09-21,0.0
2010-09-22,0.0
2010-09-23,0.0
2010-09-24,0.0
2010-09-27,3.2267234703827304e-05
2010-09-28,-0.0013452128052306492
2010-09-29,0.0007257668868099866
2010-09-30,-4.8547372171934514e-05
2010-10-01,-0.0003040104074923853
2010-10-04,0.0009565829797515259
2010-10-05,-0.0020234841321253674
2010-10-06,-0.00018320758039191574
2010-10-07,-0.0003433675677990385
2010-10-08,0.00032453189832009136
2010-10-11,-2.9851622278001435e-05
2010-10-12,0.0009879281527132846
2010-10-13,0.002130930853706996
2010-10-14,-7.916429754265198e-06
2010-10-15,-0.0011733508580397155
2010-10-18,0.0003531052448657333
2010-10-19,0.0016912644901925893
2010-10-20,-0.0013157068800117137
2010-10-21,-0.0005389297750975161
2010-10-22,-0.0016419363225147175
2010-10-25,-2.7716214982822184e-05
2010-10-26,0.000726941675523077
2010-10-27,-0.0006306132538162506
2010-10-28,0.00042490979975569576
2010-10-29,-0.0021460564714598754
2010-11-01,-0.00036916476416872743
2010-11-02,-0.0009796376314198175
2010-11-03,0.0007124890698611331
2010-11-04,-0.0029830105733021145
2010-11-05,0.00023723867934059741
2010-11-08,0.0008544757920808365
2010-11-09,0.0005606800240396886
2010-11-10,-4.703581215786436e-05
2010-11-11,0.0005492471599933084
2010-11-12,-0.0003349648617148131
2010-11-15,-0.0002547708616980693
2010-11-16,-0.00010174487706627107
2010-11-17,0.0
2010-11-18,0.0
2010-11-19,0.0
2010-11-22,0.0
2010-11-23,-0.0004872175490974438
2010-11-24,-0.00015806719011415864
2010-11-26,0.0005703527133102116
2010-11-29,0.0002239320633639862
2010-11-30,-0.0005214337335286347
2010-12-01,-0.00029212037167793137
2010-12-02,6.320958498595835e-05
2010-12-03,-0.0001280904982438931
2010-12-06,-4.3410578397681495e-05
2010-12-07,-0.0008956049737544312
2010-12-08,0.0011008197883008136
2010-12-09,0.0006465263425189478
2010-12-10,0.0008857989545146571
2010-12-13,-0.00027602606013143837
2010-12-14,0.00039118898689704797
2010-12-15,2.7529595163053593e-05
2010-12-16,0.0011474616541552276
2010-12-17,0.00041067680099724565
2010-12-20,0.002634145238623004
2010-12-21,-0.0011851966069260497
2010-12-22,0.000676963155804617
2010-12-23,0.0010173324831792862
2010-12-27,-0.00035021369126116137
2010-12-28,0.002351304023410324
2010-12-29,0.0005894162516757076
2010-12-30,0.0008539335683422357
2010-12-31,-0.0001788439738327301
2011-01-03,-1.293145505029065e-05
2011-01-04,0.0004635793048563022
2011-01-05,-0.0006584966688722293
2011-01-06,-8.006749228316401e-05
2011-01-07,-9.555583924945632e-05
2011-01-10,0.0007007836018595121
2011-01-11,-0.0006309292337739663
2011-01-12,0.0003617876152676106
2011-01-13,0.0009834860939170699
2011-01-14,0.0007933693523979612
2011-01-18,-0.00043440242738607235
2011-01-19,0.0007996671816056579
2011-01-20,-0.0019017710356802617
2011-01-21,0.000592022868603312
2011-01-24,0.00024289341805448593
2011-01-25,-0.0004258784415636207
2011-01-26,-0.0008957473242522285
2011-01-27,-0.003677887084784968
2011-01-28,0.001072712695748398
2011-01-31,0.00037082460753448795
2011-02-01,-0.0014273693762475938
2011-02-02,0.0013874623075883126
2011-02-03,0.0022261790984405443
2011-02-04,0.0005476892479108874
2011-02-07,0.00228662427859384
2011-02-08,0.001197084933331052
2011-02-09,0.0017177686184726402
2011-02-10,7.101366332724966e-05
2011-02-11,-0.002237631692270933
2011-02-14,-0.00039044647495165734
2011-02-15,0.0025812954638944853
2011-02-16,0.000698456153901816
2011-02-17,0.0
2011-02-18,0.0
2011-02-22,0.0
2011-02-23,0.0
2011-02-24,0.0
2011-02-25,0.0
2011-02-28,0.0
2011-03-01,0.0
2011-03-02,0.0
2011-03-03,0.0
2011-03-04,0.0
2011-03-07,0.0
2011-03-08,0.0
2011-03-09,0.0
2011-03-10,0.0
2011-03-11,0.0
2011-03-14,0.0
2011-03-15,0.0
2011-03-16,0.0
2011-03-17,-0.00048643024232658354
2011-03-18,0.0004585159618625123
2011-03-21,0.0014037310564338013
2011-03-22,0.0013167111145565005
2011-03-23,0.00203537008145779
2011-03-24,0.0006731185661032354
2011-03-25,-0.0003005380468825209
2011-03-28,-0.0010797773947517535
2011-03-29,0.00038837075942518254
2011-03-30,0.0010766451735088546
2011-03-31,0.0005148273857565782
2011-04-01,3.042505889175185e-06
2011-04-04,0.0
2011-04-05,0.0
2011-04-06,0.0
2011-04-07,0.0
2011-04-08,0.0
2011-04-11,0.0
2011-04-12,0.0
2011-04-13,0.0
2011-04-14,0.0
2011-04-15,0.0
2011-04-18,0.0
2011-04-19,0.0
2011-04-20,0.0
2011-04-21,0.0
2011-04-25,0.0
2011-04-26,0.0
2011-04-27,0.0
2011-04-28,0.0
2011-04-29,0.0
2011-05-02,0.0
2011-05-03,0.0
2011-05-04,0.0
2011-05-05,0.0
2011-05-06,0.0
2011-05-09,0.0
2011-05-10,0.0
2011-05-11,-0.0009105885547555236
2011-05-12,-0.0029242210206700424
2011-05-13,0.002312396553424085
2011-05-16,-0.003147984143249747
2011-05-17,-0.002475080810355229
2011-05-18,0.00010103380235098418
2011-05-19,0.0
2011-05-20,0.0
2011-05-23,0.00015664874838289814
2011-05-24,-0.001679397903570151
2011-05-25,0.0001482941656955681
2011-05-26,0.00027280776749485014
2011-05-27,-4.213756407807946e-05
2011-05-31,0.0005956945422409586
2011-06-01,5.988865022867984e-05
2011-06-02,-0.0020373585769010156
2011-06-03,0.00012249784954223666
2011-06-06,0.00016277011929955663
2011-06-07,0.00017766944959394772
2011-06-08,0.001201668334185285
2011-06-09,-0.0006769024219243561
2011-06-10,-0.0003898414044789284
2011-06-13,0.0007114404910205884
2011-06-14,-0.0005155545851435699
2011-06-15,-0.0006095939862609528
2011-06-16,-0.00010019802436549965
2011-06-17,-0.00019694595157808295
2011-06-20,-4.085388176178931e-05
2011-06-21,-0.0007911067938194931
2011-06-22,-0.0013734318708486816
2011-06-23,0.0012865490358834432
2011-06-24,-0.001528971361996925
2011-06-27,0.0007249997993240424
2011-06-28,8.33459734980873e-05
2011-06-29,-0.0001445656836110001
2011-06-30,-0.00014208571940871922
2011-07-01,0.0004172937702957031
2011-07-05,-0.001507017857287794
2011-07-06,-0.0007228872330741722
2011-07-07,0.0016585825893682096
2011-07-08,-0.0004367636147036092
2011-07-11,-0.0007551036727790367
2011-07-12,-0.00022129874534199687
2011-07-13,-0.0003400714518562232
2011-07-14,9.088343504655124e-05
2011-07-15,-0.00016690464687515094
2011-07-18,-0.00041869058436618087
2011-07-19,-0.009154823021416736
2011-07-20,0.0001223570042603461
2011-07-21,0.0035090442518297665
2011-07-22,4.137333870317275e-05
2011-07-25,-0.0002078270040283753
2011-07-26,0.00010319147922449357
2011-07-27,-0.003864970600053393
2011-07-28,0.0028073251033134397
2011-07-29,0.00036993857651999065
2011-08-01,0.00018968122113619868
2011-08-02,-0.0014996277162443402
2011-08-03,-0.0004636019411843842
2011-08-04,-0.0017973507397642118
2011-08-05,-0.0024829680612794506
2011-08-08,-0.006275380028729579
2011-08-09,0.004705818432962489
2011-08-10,-0.001055706034442582
2011-08-11,-0.001027018967076862
2011-08-12,0.0033074947884572576
2011-08-15,0.0005635029799017672
2011-08-16,0.0019716800936304857
2011-08-17,-0.0003499519177762164
2011-08-18,0.0
2011-08-19,0.0
2011-08-22,0.0
2011-08-23,0.0
2011-08-24,0.0
2011-08-25,0.0
2011-08-26,0.0
2011-08-29,0.0
2011-08-30,0.0
2011-08-31,0.0
2011-09-01,0.0
2011-09-02,0.0
2011-09-06,0.0
2011-09-07,0.0
2011-09-08,0.0
2011-09-09,0.0
2011-09-12,0.0
2011-09-13,0.0
2011-09-14,0.0
2011-09-15,0.0
2011-09-16,0.0015104879946878603
2011-09-19,0.0014116773297572494
2011-09-20,0.0007709886829482381
2011-09-21,-4.843739568913206e-05
2011-09-22,0.0006479491139946839
2011-09-23,-0.0013339873593630174
2011-09-26,0.0006478659893921326
2011-09-27,-0.0004060768185697992
2011-09-28,0.001540345336616583
2011-09-29,-0.00023925496596977807
2011-09-30,-0.00026910635915870833
2011-10-03,-0.0017589067754436142
2011-10-04,0.003288362623394853
2011-10-05,-0.001983681747430421
2011-10-06,0.0002634479506783526
2011-10-07,-0.0009247921796524643
2011-10-10,0.00266305893763848
2011-10-11,0.0024955790946695187
2011-10-12,-0.0008146828535495698
2011-10-13,0.00022944440665476537
2011-10-14,0.0010000456619624965
2011-10-17,-0.002737062061267425
2011-10-18,-0.00022516140253849967
2011-10-19,-0.0003593027080071361
2011-10-20,-0.002221805644624427
2011-10-21,-0.00018416482986073377
2011-10-24,0.001845052365954718
2011-10-25,-0.001354354967734423
2011-10-26,0.0006970840562788628
2011-10-27,0.004135509162915195
2011-10-28,-0.0036764409019773
2011-10-31,-0.002164374742194284
2011-11-01,-0.0017052192993713203
2011-11-02,0.0003663968297435881
2011-11-03,-0.0004078141411257904
2011-11-04,-0.002840153201397863
2011-11-07,-8.50909736771519e-05
2011-11-08,0.001188298331955819
2011-11-09,-0.001155959432126496
2011-11-10,-0.0010431415166602474
2011-11-11,-0.00016258492766823407
2011-11-14,0.0014962080279855804
2011-11-15,-0.0001463801070041575
2011-11-16,0.0
2011-11-17,0.0
2011-11-18,0.0
2011-11-21,0.0
2011-11-22,0.0
2011-11-23,0.0
2011-11-25,0.0
2011-11-28,0.0
2011-11-29,0.0
2011-11-30,0.0
2011-12-01,0.0
2011-12-02,0.0
2011-12-05,0.0
2011-12-06,0.0
2011-12-07,0.0
2011-12-08,0.0
2011-12-09,0.0
2011-12-12,0.0
2011-12-13,0.0
2011-12-14,0.0
2011-12-15,0.0
2011-12-16,0.0
2011-12-19,0.0
2011-12-20,0.0
2011-12-21,0.0
2011-12-22,0.0
2011-12-23,0.0
2011-12-27,0.0
2011-12-28,0.0
2011-12-29,0.0
2011-12-30,0.0
2012-01-03,0.0
2012-01-04,0.0
2012-01-05,0.0
2012-01-06,0.0
2012-01-09,0.0
2012-01-10,0.0
2012-01-11,0.0
2012-01-12,0.0
2012-01-13,0.0
2012-01-17,0.0
2012-01-18,0.0
2012-01-19,0.0
2012-01-20,0.0
2012-01-23,0.0
2012-01-24,0.0
2012-01-25,0.0
2012-01-26,0.0
2012-01-27,0.0
2012-01-30,0.0
2012-01-31,0.0
2012-02-01,0.0
2012-02-02,0.0
2012-02-03,0.0
2012-02-06,0.0
2012-02-07,0.0
2012-02-08,0.0
2012-02-09,0.0
2012-02-10,0.0
2012-02-13,0.0
2012-02-14,0.0
2012-02-15,0.0
2012-02-16,0.0
2012-02-17,0.0
2012-02-21,0.0
2012-02-22,0.0
2012-02-23,0.0
2012-02-24,0.0
2012-02-27,0.0
2012-02-28,0.0
2012-02-29,0.0
2012-03-01,0.0
2012-03-02,0.0
2012-03-05,0.0
2012-03-06,0.0
2012-03-07,0.0
2012-03-08,0.0
2012-03-09,0.0
2012-03-12,0.0
2012-03-13,0.0
2012-03-14,0.0
2012-03-15,0.0
2012-03-16,0.0
2012-03-19,0.0
2012-03-20,0.0
2012-03-21,0.0
2012-03-22,0.0
2012-03-23,0.0
2012-03-26,0.0
2012-03-27,0.0
2012-03-28,0.0
2012-03-29,0.0
2012-03-30,0.0
2012-04-02,0.0
2012-04-03,0.0
2012-04-04,0.0
2012-04-05,0.0
2012-04-09,0.0
2012-04-10,0.0
2012-04-11,0.0
2012-04-12,0.0
2012-04-13,0.0
2012-04-16,0.0
2012-04-17,0.0
2012-04-18,0.00017373733700243424
2012-04-19,-0.0008373720550791709
2012-04-20,-0.0004872044078785252
2012-04-23,0.0051084156390307
2012-04-24,-0.003298338659071019
2012-04-25,-0.0006511711690613596
2012-04-26,0.0002734919526106139
2012-04-27,-0.00023063008703933386
2012-04-30,-0.0005455542159067221
2012-05-01,0.0011058403811056642
2012-05-02,-0.0010826214471892108
2012-05-03,-0.0005708522936924218
2012-05-04,0.0011378186014475537
2012-05-07,0.0001774661811832529
2012-05-08,-9.323301759156207e-05
2012-05-09,-0.00013030875470009884
2012-05-10,0.00042800709738267104
2012-05-11,0.0033825503781433923
2012-05-14,-0.0003245278809365243
2012-05-15,0.00041741894478070985
2012-05-16,0.00011482937393213228
2012-05-17,0.0003842703029154908
2012-05-18,0.0
2012-05-21,0.0017534541688801653
2012-05-22,0.0010603031563914869
2012-05-23,-0.0007845307279104197
2012-05-24,0.0006680176452004957
2012-05-25,0.0003541111003501872
2012-05-29,0.00029968450289221717
2012-05-30,0.0003695683789438814
2012-05-31,0.00024385083313836043
2012-06-01,0.00034302740465807374
2012-06-04,-0.0010432028477707987
2012-06-05,2.083691165503452e-05
2012-06-06,0.0013841271045801017
2012-06-07,-7.80204575896588e-05
2012-06-08,-0.0005507742718243642
2012-06-11,-0.0007985030893807009
2012-06-12,2.7208640484875993e-06
2012-06-13,-0.0014487519985065405
2012-06-14,-0.00020137153720859184
2012-06-15,0.0005254321883224445
2012-06-18,-0.00047913199105297785
2012-06-19,0.002770139144708324
2012-06-20,0.0017135210375690186
2012-06-21,-0.001951268416996109
2012-06-22,0.0004214953005963581
2012-06-25,-0.0009714874415106769
2012-06-26,-0.00025605513390583427
2012-06-27,9.815471204537821e-05
2012-06-28,-0.0016089456966658674
2012-06-29,0.0013809257657203498
2012-07-02,0.00026397363914748724
2012-07-03,-0.0002655049191174355
2012-07-05,0.0008255569399237368
2012-07-06,-0.001249388214921094
2012-07-09,-6.930230792412872e-05
2012-07-10,-0.0012795001829900455
2012-07-11,-0.0014432324421679204
2012-07-12,0.001841613806135442
2012-07-13,0.0003692318705983876
2012-07-16,-0.00039526949101635216
2012-07-17,0.0003589424513915816
2012-07-18,-0.0007267649926574956
2012-07-19,0.0015709288549708537
2012-07-20,-0.0015938727651898887
2012-07-23,0.0014093246054106287
2012-07-24,0.0004014534378539784
2012-07-25,0.001162909790741718
2012-07-26,0.0006794704935360757
2012-07-27,-6.271382795083188e-05
2012-07-30,0.0014479486549179993
2012-07-31,-0.00015508736940444162
2012-08-01,5.79297335106825e-05
2012-08-02,9.044238443960497e-05
2012-08-03,-0.001156305873524691
2012-08-06,-0.00018912895826994419
2012-08-07,0.0014365917123427719
2012-08-08,-9.480374857451132e-05
2012-08-09,-0.001947270589998139
2012-08-10,0.0003644608307085807
2012-08-13,1.4263475377619846e-05
2012-08-14,-0.0002238249357606107
2012-08-15,-0.0014793203281801928
2012-08-16,-0.0016753360770077781
2012-08-17,0.0
2012-08-20,0.0
2012-08-21,0.0
2012-08-22,0.0
2012-08-23,0.0
2012-08-24,0.0
2012-08-27,0.0
2012-08-28,0.0
2012-08-29,0.0
2012-08-30,0.0
2012-08-31,0.0
2012-09-04,0.0
2012-09-05,0.0
2012-09-06,0.0
2012-09-07,0.0
2012-09-10,0.0
2012-09-11,0.0
2012-09-12,0.0
2012-09-13,0.0
2012-09-14,0.0
2012-09-17,0.0
2012-09-18,0.0
2012-09-19,0.0
2012-09-20,0.0
2012-09-21,0.0
2012-09-24,0.0
2012-09-25,0.0
2012-09-26,0.0
2012-09-27,0.0
2012-09-28,0.0
2012-10-01,0.0
2012-10-02,0.0
2012-10-03,0.0
2012-10-04,0.0
2012-10-05,0.0
2012-10-08,0.0
2012-10-09,0.0
2012-10-10,0.0
2012-10-11,0.0
2012-10-12,0.0
2012-10-15,0.0
2012-10-16,0.0
2012-10-17,0.0
2012-10-18,0.0
2012-10-19,0.0
2012-10-22,-0.0007264417020497053
2012-10-23,-0.0037382154284040145
2012-10-24,0.003653751870585891
2012-10-25,0.0005433977143446398
2012-10-26,0.0012838432354434638
2012-10-31,-0.0002743211675868682
2012-11-01,0.002734575268969073
2012-11-02,-0.0020170149356558255
2012-11-05,0.0007311159733534498
2012-11-06,0.0007381823396532916
2012-11-07,-0.001801862860815321
2012-11-08,0.00034333076220130666
2012-11-09,0.00031868897159419173
2012-11-12,0.00026222420827456684
2012-11-13,0.001786880679855122
2012-11-14,-0.0009464502353287113
2012-11-15,0.0002188231570153424
2012-11-16,-0.0007763717867556243
2012-11-19,0.0
2012-11-20,0.0
2012-11-21,0.0
2012-11-23,0.0
2012-11-26,0.0
2012-11-27,0.0
2012-11-28,0.0
2012-11-29,0.0
2012-11-30,-0.00032501179554243666
2012-12-03,0.0007894640355559071
2012-12-04,-0.0002145289596369083
2012-12-05,-0.00046597217513691196
2012-12-06,0.00035227233522915085
2012-12-07,-0.00035880617210921743
2012-12-10,-8.65220272014745e-05
2012-12-11,-0.0005364787436646299
2012-12-12,0.00013233050974832168
2012-12-13,-0.00031807431201213906
2012-12-14,7.315210855499788e-05
2012-12-17,-0.00039743109555079504
2012-12-18,-1.0115523274483931e-05
2012-12-19,0.0007730044664049089
2012-12-20,-0.000487387773731057
2012-12-21,0.0007499967479227484
2012-12-24,0.000179053708588453
2012-12-26,0.0005060425592813888
2012-12-27,0.0001715724432950122
2012-12-28,0.0008516051317865531
2012-12-31,-0.0006183162942917978
2013-01-02,-0.0015355836527218255
2013-01-03,-3.132731793930763e-05
2013-01-04,-0.0006488101804355394
2013-01-07,0.001313697272624351
2013-01-08,0.0017399723954619486
2013-01-09,-0.002147099108921852
2013-01-10,-0.0009472960033542466
2013-01-11,0.003038370171243115
2013-01-14,-0.0016483814204521273
2013-01-15,-0.000125273495975556
2013-01-16,0.0020822411333568987
2013-01-17,-0.0013604877638198243
2013-01-18,-0.00016254466217519665
2013-01-22,0.000519531068335225
2013-01-23,-0.00014554959320954263
2013-01-24,-0.0011082699592117442
2013-01-25,-0.0012785624680701777
2013-01-28,0.0013549837256361334
2013-01-29,-0.00019569338229637716
2013-01-30,-0.0009437482705140395
2013-01-31,0.001547922575663867
2013-02-01,-0.003025760628406232
2013-02-04,0.0005309691037432633
2013-02-05,-0.001080167432272309
2013-02-06,-0.0004011919880227106
2013-02-07,-0.0012041908165585753
2013-02-08,-0.00025184557971183615
2013-02-11,0.000605986408933746
2013-02-12,0.0006480952618628808
2013-02-13,0.001167789385915722
2013-02-14,-0.0013008670329081957
2013-02-15,-0.00015902981992179532
2013-02-19,-0.00038737520715271016
2013-02-20,0.00018581093094365236
2013-02-21,0.0
2013-02-22,0.0
2013-02-25,0.0
2013-02-26,0.0
2013-02-27,0.0
2013-02-28,0.0
2013-03-01,0.0
2013-03-04,0.0
2013-03-05,-0.00017304811562674784
2013-03-06,0.00039156846406109236
2013-03-07,0.00022804787609105988
2013-03-08,-0.000399192903371184
2013-03-11,-0.0009519617963908295
2013-03-12,0.00045868209763943427
2013-03-13,-0.0002800013520268849
2013-03-14,-0.00256854762302601
2013-03-15,0.0015046942981225163
2013-03-18,0.0010610321476869405
2013-03-19,5.974624026689975e-05
2013-03-20,-0.0013975605609965252
2013-03-21,0.0017486320157947518
2013-03-22,0.00042672468055806066
2013-03-25,0.001044019782681477
2013-03-26,-0.0015949268089578096
2013-03-27,0.0018555398848685188
2013-03-28,-0.0017995449728572055
2013-04-01,0.00047176130604057294
2013-04-02,-0.0012418879056792834
2013-04-03,0.002765266901637679
2013-04-04,0.00023638974986415627
2013-04-05,0.001973256097578979
2013-04-08,-0.0006318540193600096
2013-04-09,0.0011395875449786087
2013-04-10,-0.00282953465779494
2013-04-11,-0.001227279078414259
2013-04-12,0.0013752155442769778
2013-04-15,0.00248644659784746
2013-04-16,-0.005016116492518923
2013-04-17,0.0006648365034293115
2013-04-18,0.0028226121580493795
2013-04-19,0.014060568077719382
2013-04-22,-0.0015284034221378574
2013-04-23,-0.00012350114746250226
2013-04-24,0.0003634422362636681
2013-04-25,-0.000727866682663956
2013-04-26,0.0003061340936452223
2013-04-29,-9.565938091405838e-05
2013-04-30,-0.00023360083102956915
2013-05-01,-5.3868433510415845e-05
2013-05-02,0.0014171699934677133
2013-05-03,-0.0013405364481830417
2013-05-06,-0.00013738935890284963
2013-05-07,-0.0012297399483402291
2013-05-08,0.0013013216269142408
2013-05-09,0.0007413656482045206
2013-05-10,0.00028563633832976674
2013-05-13,0.00023726102586600574
2013-05-14,-0.0007131355502930857
2013-05-15,-0.0002821974313094676
2013-05-16,-0.0005512951883813059
2013-05-17,-0.0015660594854054305
2013-05-20,0.000192038521438449
2013-05-21,-0.0013813398999591863
2013-05-22,0.0
2013-05-23,0.0
2013-05-24,0.0
2013-05-28,0.0
2013-05-29,0.0
2013-05-30,0.0
2013-05-31,0.0
2013-06-03,0.0
2013-06-04,0.0
2013-06-05,0.0
2013-06-06,0.0
2013-06-07,0.0
2013-06-10,0.0
2013-06-11,0.0
2013-06-12,0.0
2013-06-13,0.0
2013-06-14,0.0
2013-06-17,0.0
2013-06-18,0.0
2013-06-19,0.0
2013-06-20,0.0
2013-06-21,0.0
2013-06-24,0.0
2013-06-25,0.0
2013-06-26,0.0
2013-06-27,0.0
2013-06-28,0.0
2013-07-01,0.0
2013-07-02,0.0
2013-07-03,0.0
2013-07-05,0.0
2013-07-08,0.0
2013-07-09,0.0
2013-07-10,0.0
2013-07-11,0.0
2013-07-12,0.0
2013-07-15,0.0
2013-07-16,0.0
2013-07-17,0.0013150631771165933
2013-07-18,-1.6833459413853158e-05
2013-07-19,0.00022169846642767097
2013-07-22,0.00012065742157202796
2013-07-23,0.002293770619192639
2013-07-24,0.0001679998071365565
2013-07-25,0.0
2013-07-26,0.0
2013-07-29,0.0
2013-07-30,0.0
2013-07-31,0.0
2013-08-01,0.0
2013-08-02,0.0
2013-08-05,0.0
2013-08-06,0.0
2013-08-07,0.0
2013-08-08,0.0
2013-08-09,0.0
2013-08-12,0.0
2013-08-13,0.0
2013-08-14,0.0
2013-08-15,0.0
2013-08-16,0.0
2013-08-19,0.0
2013-08-20,0.0
2013-08-21,0.0
2013-08-22,0.0
2013-08-23,0.0
2013-08-26,0.0
2013-08-27,0.0
2013-08-28,0.0
2013-08-29,0.0
2013-08-30,0.0
2013-09-03,0.0
2013-09-04,0.0
2013-09-05,0.0
2013-09-06,0.0
2013-09-09,0.0
2013-09-10,0.0
2013-09-11,0.0
2013-09-12,0.0
2013-09-13,0.0
2013-09-16,0.0
2013-09-17,-0.0005977259806316846
2013-09-18,-0.0026139056462841158
2013-09-19,-0.00014539547522791376
2013-09-20,0.0018065032921636475
2013-09-23,0.0010313896188880942
2013-09-24,1.9466591338611425e-05
2013-09-25,-0.0005179286987457789
2013-09-26,-0.0015717167925967787
2013-09-27,0.0001637101477519221
2013-09-30,-0.0006497503523628554
2013-10-01,-0.0013955969519554722
2013-10-02,-0.001120655171989849
2013-10-03,-0.00041260755522510846
2013-10-04,-0.0010384539816273967
2013-10-07,0.000337152122199949
2013-10-08,0.0024925767244571777
2013-10-09,-0.0011438717842497724
2013-10-10,-0.001629291323502531
2013-10-11,0.0014210277862775696
2013-10-14,0.0010747186396395246
2013-10-15,-0.00208133260106037
2013-10-16,-4.482117844791742e-05
2013-10-17,-0.003649295108758901
2013-10-18,-0.000726619190342369
2013-10-21,-0.0007502483516600722
2013-10-22,-0.0009501236738582385
2013-10-23,-0.000387466387372307
2013-10-24,0.0012942569440429074
2013-10-25,-0.002193112732626505
2013-10-28,0.00013987436955156297
2013-10-29,0.0014416159831627923
2013-10-30,-0.0004318295643335748
2013-10-31,0.003763240901579807
2013-11-01,0.0005785870015999064
2013-11-04,0.004222531232901082
2013-11-05,-0.0005989222050003808
2013-11-06,-0.00038590101961089257
2013-11-07,-0.0003474936441570808
2013-11-08,-0.002527415631741114
2013-11-11,0.0005695936784659477
2013-11-12,0.0002373142184025952
2013-11-13,0.0006543700287937049
2013-11-14,-0.00015638029509743744
2013-11-15,-0.00034636610114602176
2013-11-18,0.0004257227534919097
2013-11-19,0.0
2013-11-20,-2.8717524627490203e-05
2013-11-21,-0.000574429153959428
2013-11-22,-0.00048254250675778084
2013-11-25,-0.0003352220504770462
2013-11-26,0.0006339183429194975
2013-11-27,0.0006024572496852
2013-11-29,0.0008908679263322148
2013-12-02,-0.0005533238223469185
2013-12-03,-0.00018243631663091264
2013-12-04,0.0024004332698345085
2013-12-05,0.0006425081647750931
2013-12-06,0.0013296866038145067
2013-12-09,-0.00011026641089645204
2013-12-10,0.0
2013-12-11,0.0
2013-12-12,0.0
2013-12-13,0.0
2013-12-16,0.0
2013-12-17,0.0
2013-12-18,0.0
2013-12-19,0.0
2013-12-20,0.0
2013-12-23,0.0
2013-12-24,0.0
2013-12-26,0.0
2013-12-27,0.0
2013-12-30,0.0
2013-12-31,0.0
2014-01-02,0.0
2014-01-03,0.0
2014-01-06,0.0
2014-01-07,0.0
2014-01-08,0.0
2014-01-09,0.0
2014-01-10,0.0
2014-01-13,0.0
2014-01-14,0.0
2014-01-15,0.0
2014-01-16,0.0
2014-01-17,0.0
2014-01-21,0.0
2014-01-22,0.0
2014-01-23,0.0
2014-01-24,0.0
2014-01-27,0.0
2014-01-28,0.0
2014-01-29,-0.003200785564042143
2014-01-30,0.0011225509951110165
2014-01-31,-0.0003787861258653512
2014-02-03,0.0021200641949293323
2014-02-04,-0.0013769977006499634
2014-02-05,0.0002767529466651738
2014-02-06,-0.00826522727789791
2014-02-07,0.0005020748448405193
2014-02-10,0.0013144645672898364
2014-02-11,0.0007672626088762241
2014-02-12,-0.0003862726916793941
2014-02-13,4.2464238637191895e-05
2014-02-14,0.0002864789114869842
2014-02-18,-0.000273771816877467
2014-02-19,0.0009762531167661697
2014-02-20,0.0010977415646007634
2014-02-21,0.0
2014-02-24,0.0
2014-02-25,0.0
2014-02-26,0.0
2014-02-27,-0.0003875032348987534
2014-02-28,-0.00092860304518181
2014-03-03,0.0007777230429655412
2014-03-04,-0.00032718205605552407
2014-03-05,-0.0008934226671555947
2014-03-06,1.8193904012942202e-05
2014-03-07,-3.7959315207695564e-05
2014-03-10,0.0008908574404892334
2014-03-11,0.0005354187671841708
2014-03-12,0.0010153733375234224
2014-03-13,0.0017200005173965195
2014-03-14,-0.002065280757340254
2014-03-17,-0.00020605682636323092
2014-03-18,0.00026562897469533384
2014-03-19,-0.00040506742114402244
2014-03-20,0.001464651748490863
2014-03-21,-0.000395305279162807
2014-03-24,0.0009915507944585444
2014-03-25,0.0009204781865304248
2014-03-26,0.0004981466023896491
2014-03-27,-0.0002976232272999633
2014-03-28,-0.00019741679685344722
2014-03-31,-0.0004409489734651063
2014-04-01,0.0006352620064298093
2014-04-02,-0.0014273905097108098
2014-04-03,0.0013636717556986947
2014-04-04,0.0018073570924948094
2014-04-07,0.002011556754791614
2014-04-08,0.0009226916866134841
2014-04-09,-0.0020619986911868354
2014-04-10,0.0003715098618661289
2014-04-11,0.0003143558369687862
2014-04-14,-0.0003426799316595301
2014-04-15,0.000162383511200565
2014-04-16,-0.0005676852861319121
2014-04-17,0.0012607214759560441
2014-04-21,0.0005051606733347963
2014-04-22,0.00016332063508669732
2014-04-23,0.002681307937705199
2014-04-24,-0.0011338363172438857
2014-04-25,-0.0005025026934852655
2014-04-28,-0.0005004262198753703
2014-04-29,0.0002710401729399891
2014-04-30,-0.0005150068260960327
2014-05-01,0.0017341370602449017
2014-05-02,-0.00026351031362276806
2014-05-05,0.00021682681228210238
2014-05-06,0.0006025019985778906
2014-05-07,0.0005604834909486503
2014-05-08,-0.0004877323430613015
2014-05-09,-8.662129546484334e-05
2014-05-12,-0.0007359575307958552
2014-05-13,0.00013632323717864818
2014-05-14,-6.202814469450843e-05
2014-05-15,-0.00031546909661048103
2014-05-16,0.0014236749804273229
2014-05-19,0.0007282856009855276
2014-05-20,0.0007201148023822251
2014-05-21,0.001234780369817268
2014-05-22,0.0
2014-05-23,0.0
2014-05-27,0.0
2014-05-28,0.0
2014-05-29,0.0
2014-05-30,0.0
2014-06-02,0.0
2014-06-03,0.0
2014-06-04,0.0
2014-06-05,0.0
2014-06-06,0.0
2014-06-09,0.0
2014-06-10,0.0
2014-06-11,0.0
2014-06-12,0.0
2014-06-13,0.0
2014-06-16,0.0
2014-06-17,0.0
2014-06-18,0.0
2014-06-19,0.0
2014-06-20,0.0
2014-06-23,0.0
2014-06-24,0.0
2014-06-25,0.0
2014-06-26,0.0
2014-06-27,0.0
2014-06-30,0.0
2014-07-01,0.0
2014-07-02,-0.00011593536308322303
2014-07-03,-3.8893515886325e-05
2014-07-07,0.00041228573441018585
2014-07-08,0.0005848724671712539
2014-07-09,0.00013343828003239993
2014-07-10,0.0009015292699135538
2014-07-11,-0.00020559436473930015
2014-07-14,9.733736908045895e-05
2014-07-15,-0.00022748434407150725
2014-07-16,-8.432873916578446e-05
2014-07-17,2.306120830689043e-05
2014-07-18,-0.00027840196949063627
2014-07-21,0.0001818531733438584
2014-07-22,-0.0006317411594084299
2014-07-23,-0.00026116601041941816
2014-07-24,-0.00037197157488282864
2014-07-25,0.00028808526892562774
2014-07-28,-0.00011861499260109443
2014-07-29,9.305974540878227e-05
2014-07-30,-0.0006941996148447965
2014-07-31,0.0006543883086366727
2014-08-01,0.0008176541436141425
2014-08-04,-0.0010223728397270432
2014-08-05,-0.00011553481380823874
2014-08-06,4.1708606460834596e-05
2014-08-07,-0.00046807370030851463
2014-08-08,-0.0013786326637658228
2014-08-11,-0.0008837638216171293
2014-08-12,0.0005895958465881213
2014-08-13,0.00011519538785253455
2014-08-14,-0.000238707165958229
2014-08-15,0.00010512774491179216
2014-08-18,0.0012829869841653493
2014-08-19,-0.002337348302692292
2014-08-20,-0.0003936850027111163
2014-08-21,0.0
2014-08-22,0.0
2014-08-25,-9.113846514939626e-06
2014-08-26,-0.0005067621315156583
2014-08-27,3.849685614535866e-05
2014-08-28,0.0002121511380794056
2014-08-29,0.000500968232891077
2014-09-02,-0.000467277934359978
2014-09-03,-6.786954464466251e-05
2014-09-04,-0.0009753529791268078
2014-09-05,0.002505507135818495
2014-09-08,0.0008297078826579587
2014-09-09,-0.00022203949039740584
2014-09-10,-0.0008639910169176002
2014-09-11,-0.0007110757129469923
2014-09-12,9.544317807732917e-05
2014-09-15,0.0006626965581318551
2014-09-16,-0.0007292085804752903
2014-09-17,0.0006157857461595742
2014-09-18,-0.001194263462985577
2014-09-19,1.5889927779783714e-05
2014-09-22,0.0013599958858293948
2014-09-23,0.0009689153816494416
2014-09-24,-0.0012417986496528308
2014-09-25,0.002163640943342215
2014-09-26,-0.0005558648167605123
2014-09-29,0.0006843581609651197
2014-09-30,0.0008383831313729228
2014-10-01,0.00034938609769625346
2014-10-02,0.00012687996391014906
2014-10-03,-0.0016381267507603343
2014-10-06,0.00197713898915165
2014-10-07,-0.0033196528259613407
2014-10-08,0.0005664360102379347
2014-10-09,-0.0008667882281767538
2014-10-10,-0.0010616681407463408
2014-10-13,-0.001157038943769677
2014-10-14,-0.0024225595087655222
2014-10-15,0.00027329092990901517
2014-10-16,0.00019290171412396774
2014-10-17,0.0009109329396385091
2014-10-20,0.003163646113872821
2014-10-21,0.002881069940768792
2014-10-22,-0.0011270013170645056
2014-10-23,-0.0014003234023816
2014-10-24,0.0028908640068862667
2014-10-27,-0.002823575670439404
2014-10-28,0.002145819220710014
2014-10-29,-0.0028293053830772096
2014-10-30,0.0002808853834336736
2014-10-31,-0.002687033311295282
2014-11-03,0.0005424049439349267
2014-11-04,-0.0023793781883291536
2014-11-05,-0.0007948408216257973
2014-11-06,0.0003468159798426984
2014-11-07,0.0009024913604316009
2014-11-10,-0.0024998686597729725
2014-11-11,0.00046378865635884924
2014-11-12,-0.0015847857878597293
2014-11-13,0.0006920466425759737
2014-11-14,0.0009380306537398041
2014-11-17,0.0007892960277713031
2014-11-18,0.0006374477504026729
2014-11-19,0.0
2014-11-20,0.0
2014-11-21,0.0
2014-11-24,0.0
2014-11-25,0.0
2014-11-26,0.0
2014-11-28,0.0
2014-12-01,0.0
2014-12-02,0.0
2014-12-03,0.0
2014-12-04,0.0
2014-12-05,0.0
2014-12-08,0.0
2014-12-09,0.0
2014-12-10,0.0
2014-12-11,0.0
2014-12-12,-0.002274169239155723
2014-12-15,0.0004953311773566017
2014-12-16,0.0011696149696559216
2014-12-17,-0.00046319526444559114
2014-12-18,0.002074785988021266
2014-12-19,6.551346792486583e-05
2014-12-22,0.00027371457671274623
2014-12-23,-0.00010649426439348681
2014-12-24,0.00027089226019699455
2014-12-26,8.468032592509649e-05
2014-12-29,-0.000582701146138637
2014-12-30,0.0001423022791014072
2014-12-31,-0.00018828873099305406
2015-01-02,0.00017528376610895078
2015-01-05,-0.00042540178268479073
2015-01-06,0.00038299138061883084
2015-01-07,9.181619119309726e-05
2015-01-08,0.0014167389741781937
2015-01-09,-0.0007443843094900944
2015-01-12,-0.0008869110483867265
2015-01-13,-0.00044854894928704546
2015-01-14,-0.0010984754012474001
2015-01-15,-0.0008581448666167516
2015-01-16,0.00033557544118120383
2015-01-20,0.002493323304297235
2015-01-21,0.0015428233347871498
2015-01-22,-0.0028460028374823103
2015-01-23,0.000790923737911091
2015-01-26,0.0029050747862966932
2015-01-27,-0.0013739088991165172
2015-01-28,-0.0008701810539347735
2015-01-29,0.0004422060176416738
2015-01-30,0.001741438401411462
2015-02-02,-0.0032022368805188803
2015-02-03,0.0021182632701395856
2015-02-04,-0.00034526796741266345
2015-02-05,-0.000655636560382577
2015-02-06,-0.0006956981803006443
2015-02-09,0.00040642615317169347
2015-02-10,0.004642834313000121
2015-02-11,-7.83282257334067e-05
2015-02-12,-0.0010292805261579963
2015-02-13,0.0015616273839844325
2015-02-17,-0.00035887176644817416
2015-02-18,3.7423652416296196e-05
2015-02-19,0.0007836033585284157
2015-02-20,-0.00106582360879241
2015-02-23,0.0
2015-02-24,0.0
2015-02-25,0.0
2015-02-26,0.0
2015-02-27,0.0
2015-03-02,0.0
2015-03-03,0.0
2015-03-04,0.0
2015-03-05,0.0
2015-03-06,0.0
2015-03-09,0.0
2015-03-10,0.0
2015-03-11,0.0
2015-03-12,0.0
2015-03-13,-0.0011155874592352025
2015-03-16,0.0007608799091564125
2015-03-17,0.00025818846935988154
2015-03-18,0.0002130441963604963
2015-03-19,0.0006311700644013763
2015-03-20,0.00044209657213530864
2015-03-23,-0.0001747767993963286
2015-03-24,-3.503293691419434e-06
2015-03-25,4.878481181341377e-06
2015-03-26,-0.0002243835334720193
2015-03-27,-1.4765862548868578e-05
2015-03-30,-0.00040339077968857846
2015-03-31,-0.00014167371112595466
2015-04-01,-6.968179622192735e-06
2015-04-02,-0.0002003966792276196
2015-04-06,0.0005142694018131044
2015-04-07,0.00021235247421269273
2015-04-08,0.00016324597706673816
2015-04-09,3.914929377064113e-05
2015-04-10,5.0157244663079375e-05
2015-04-13,3.802921773650718e-05
2015-04-14,-0.00032161493779229154
2015-04-15,-2.3433039365278443e-05
2015-04-16,5.2985359569603145e-05
2015-04-17,0.00040091217068123066
2015-04-20,-6.71491197659443e-05
2015-04-21,-0.00016535478407788098
2015-04-22,-0.0013480814907219257
2015-04-23,-6.750545114209185e-05
2015-04-24,-0.0003229746054845873
2015-04-27,0.00048294208611013767
2015-04-28,-0.0008425001493505646
2015-04-29,-4.921001663618142e-05
2015-04-30,0.00019765604561050086
2015-05-01,-0.00027095114935868776
2015-05-04,-0.00014924324894157264
2015-05-05,0.0005571297086571168
2015-05-06,-0.00047924276646601886
2015-05-07,-0.00044643704704460426
2015-05-08,0.000194201858877552
2015-05-11,-0.00019451272973868992
2015-05-12,-5.042592761671076e-05
2015-05-13,9.350198340622094e-06
2015-05-14,-0.0003086607026681658
2015-05-15,0.00047702328762998117
2015-05-18,-4.786535700337561e-05
2015-05-19,0.00014225110383637993
2015-05-20,-0.00020719893352835904
2015-05-21,-6.0540449758737374e-05
2015-05-22,0.0
2015-05-26,0.0
2015-05-27,0.0
2015-05-28,0.0
2015-05-29,0.0
2015-06-01,0.0
2015-06-02,0.0
2015-06-03,0.0
2015-06-04,0.0
2015-06-05,0.0046364785797097085
2015-06-08,0.0007012591817534715
2015-06-09,0.0006565804035850222
2015-06-10,-0.002087307941673193
2015-06-11,-0.001808212485482946
2015-06-12,0.0023389818797219146
2015-06-15,0.0018030515271969026
2015-06-16,-0.00264429529119884
2015-06-17,-0.001822681894942936
2015-06-18,-0.002619842614622707
2015-06-19,0.00019147667059237774
2015-06-22,-0.0008557052688524668
2015-06-23,-0.00653197160344704
2015-06-24,0.0013830525001965865
2015-06-25,-0.003575548894819757
2015-06-26,3.683071114892584e-05
2015-06-29,0.0037153311482876193
2015-06-30,0.0017256659233231657
2015-07-01,-0.002587531310867644
2015-07-02,-0.0013198522758884731
2015-07-06,0.0011480481086769778
2015-07-07,-0.001640061823067674
2015-07-08,0.0047780766770203695
2015-07-09,0.002794106360849857
2015-07-10,-0.003255436259874924
2015-07-13,-0.00234946468310423
2015-07-14,-0.001411802131680534
2015-07-15,0.002524941093140785
2015-07-16,-0.003921248363535593
2015-07-17,0.0011977580903409395
2015-07-20,0.0008158659068849414
2015-07-21,0.002648544933080027
2015-07-22,0.002146887869593911
2015-07-23,0.004663976560114003
2015-07-24,-0.002665429016018169
2015-07-27,0.00039890785234014095
2015-07-28,0.0
2015-07-29,-0.002091078812727043
2015-07-30,-0.0007570123334615063
2015-07-31,0.0004711656428022085
2015-08-03,0.00018594121941562983
2015-08-04,0.0013434270430087976
2015-08-05,0.0017405108762848908
2015-08-06,0.0033557907642012682
2015-08-07,9.348930103203015e-05
2015-08-10,-0.005458027221211283
2015-08-11,0.001761766182850892
2015-08-12,0.004826592917538933
2015-08-13,0.001729192891964257
2015-08-14,-0.0014059654920405762
2015-08-17,-0.004384837591941649
2015-08-18,-0.0009976836307618025
2015-08-19,0.0017326390409220425
2015-08-20,0.0053021747002283594
2015-08-21,0.0
2015-08-24,0.0
2015-08-25,-0.003942440138504442
2015-08-26,0.004021362979457024
2015-08-27,0.002114474628643213
2015-08-28,7.98609040949009e-07
2015-08-31,-0.00045450681336366866
2015-09-01,-0.0015733417452374714
2015-09-02,0.0006790574841761404
2015-09-03,0.0006290875144762956
2015-09-04,-0.0015396959414454036
2015-09-08,0.0012364329613302782
2015-09-09,-0.0016027052354650466
2015-09-10,0.0002957475605945948
2015-09-11,0.00030573391297649896
2015-09-14,-0.00022711788690075958
2015-09-15,0.0010237874487466039
2015-09-16,0.0014823091925073575
2015-09-17,0.0004921407277708269
2015-09-18,-0.0007634875559255686
2015-09-21,0.0006149009791745282
2015-09-22,-0.0011963632919426766
2015-09-23,-3.598059283298956e-05
2015-09-24,0.0006680812324426202
2015-09-25,0.0009160868787020336
2015-09-28,-0.0014131321616228537
2015-09-29,0.0006791365214883813
2015-09-30,0.0013307861862631508
2015-10-01,-0.0001968045904599011
2015-10-02,0.0005224322737331769
2015-10-05,0.0003750214236623036
2015-10-06,-0.0004194779656292371
2015-10-07,0.00044147561632823095
2015-10-08,0.0002525416358128245
2015-10-09,-0.00020645326630163238
2015-10-12,0.0002486468982636203
2015-10-13,-0.0010170660710607782
2015-10-14,0.000217677321569891
2015-10-15,0.001062836449598383
2015-10-16,0.000304761687812526
2015-10-19,-0.0005787773968597006
2015-10-20,-0.0002773742528664701
2015-10-21,-0.0007847138549547351
2015-10-22,0.0001548407284085681
2015-10-23,-0.0008946452744642893
2015-10-26,0.0007661007931235086
2015-10-27,0.0008462422056780771
2015-10-28,0.0006262789643114
2015-10-29,-0.0014142919850750114
2015-10-30,0.0030267165777281453
2015-11-02,-7.693347203753228e-05
2015-11-03,0.00028168424674970675
2015-11-04,0.0007511290397181444
2015-11-05,0.00048272054849367026
2015-11-06,-0.0008090243964897376
2015-11-09,0.0021883034721038594
2015-11-10,-0.0004889106047246546
2015-11-11,-0.002121898668997502
2015-11-12,0.0029624882927921006
2015-11-13,-5.181687668864172e-05
2015-11-16,-0.0037706117522237773
2015-11-17,0.0011039126388
2015-11-18,-0.0018217789320819442
2015-11-19,0.0
2015-11-20,0.0
2015-11-23,0.0
2015-11-24,0.0
2015-11-25,0.0
2015-11-27,0.0
2015-11-30,0.0
2015-12-01,0.0
2015-12-02,0.0
2015-12-03,0.0
2015-12-04,0.0
2015-12-07,0.0
2015-12-08,0.0
2015-12-09,0.0
2015-12-10,0.0
2015-12-11,0.0
2015-12-14,0.0
2015-12-15,0.0
2015-12-16,0.0
2015-12-17,0.0
2015-12-18,0.0
2015-12-21,0.0
2015-12-22,-0.0006530029609178783
2015-12-23,-0.0006796186781164859
2015-12-24,0.0004562193943297148
2015-12-28,-0.0003834023589449577
2015-12-29,-4.389692604852484e-05
2015-12-30,-0.0004230652939898593
2015-12-31,0.0005633712017106783
2016-01-04,-0.00044108646167121
2016-01-05,-0.0006274730860606434
2016-01-06,-0.00034676176196480463
2016-01-07,0.0008069687792820763
2016-01-08,-2.369658176256241e-05
2016-01-11,-0.0010602485693333122
2016-01-12,0.00030814773983120947
2016-01-13,-0.001050810301406877
2016-01-14,-0.000435459161676008
2016-01-15,-0.00028065284547290625
2016-01-19,0.000421139069340397
2016-01-20,0.0001595822143067818
2016-01-21,-0.00030702830421612407
2016-01-22,-0.0009601330318248551
2016-01-25,-0.0004775531017761415
2016-01-26,-0.0001285720054384249
2016-01-27,0.0010992802316316126
2016-01-28,-0.0006621266881482811
2016-01-29,0.0004476013148436676
2016-02-01,0.000791325203870094
2016-02-02,-0.0008358067729248447
2016-02-03,0.0007896725568511575
2016-02-04,0.0014487646178300226
2016-02-05,0.0003242412698670399
2016-02-08,-0.0036958300676246717
2016-02-09,-0.00010263538510297719
2016-02-10,0.0008898706383633015
2016-02-11,-0.0021900097576200437
2016-02-12,0.0027105551673165954
2016-02-16,0.0005412267202564258
2016-02-17,0.0005496578897960731
2016-02-18,-0.00242769009804852
2016-02-19,0.0003270323758652123
2016-02-22,0.000600190893068296
2016-02-23,0.0
2016-02-24,0.0
2016-02-25,0.0
2016-02-26,0.0
2016-02-29,0.0
2016-03-01,0.0
2016-03-02,0.0
2016-03-03,0.0
2016-03-04,0.0
2016-03-07,0.0
2016-03-08,0.0
2016-03-09,0.0
2016-03-10,0.0
2016-03-11,0.0
2016-03-14,0.0
2016-03-15,0.0
2016-03-16,0.0
2016-03-17,0.0
2016-03-18,0.0
2016-03-21,0.0
2016-03-22,0.0
2016-03-23,0.0
2016-03-24,0.0
2016-03-28,0.0
2016-03-29,0.0
2016-03-30,0.0
2016-03-31,0.0
2016-04-01,0.0
2016-04-04,0.0
2016-04-05,0.0
2016-04-06,0.0
2016-04-07,0.0
2016-04-08,0.0
2016-04-11,0.0
2016-04-12,0.0
2016-04-13,0.0
2016-04-14,0.0
2016-04-15,0.0
2016-04-18,0.0
2016-04-19,0.0011694906648873874
2016-04-20,0.0017400656584530853
2016-04-21,0.004700459426987526
2016-04-22,-0.002509668054079776
2016-04-25,-0.0009880966650114387
2016-04-26,0.003279896082021048
2016-04-27,-0.004083832273104586
2016-04-28,0.0008385826128603289
2016-04-29,-0.0046804514399742215
2016-05-02,-0.0005391460751069707
2016-05-03,0.0031042051343240975
2016-05-04,0.000506556090420011
2016-05-05,-0.00028591128243757893
2016-05-06,-0.0007741270872970371
2016-05-09,-0.0020131756717306874
2016-05-10,-0.0033080107096141714
2016-05-11,0.003861627999962665
2016-05-12,-0.003007254936599689
2016-05-13,0.0016110910183845385
2016-05-16,-0.002447459577658034
2016-05-17,0.005297371015262567
2016-05-18,-0.003069231836268653
2016-05-19,-0.0009596317171592998
2016-05-20,0.0005668928326854635
2016-05-23,0.0
2016-05-24,0.0
2016-05-25,0.0
2016-05-26,0.0
2016-05-27,0.0
2016-05-31,0.0
2016-06-01,0.0
2016-06-02,0.0
2016-06-03,0.0
2016-06-06,0.0
2016-06-07,0.0
2016-06-08,0.0
2016-06-09,0.0
2016-06-10,0.0
2016-06-13,0.0
2016-06-14,0.0
2016-06-15,0.0
2016-06-16,0.0
2016-06-17,0.0
2016-06-20,0.0
2016-06-21,0.0
2016-06-22,0.0
2016-06-23,0.0
2016-06-24,0.0
2016-06-27,0.0
2016-06-28,-0.0002801916609389843
2016-06-29,0.001347162837872575
2016-06-30,0.0012483617428019128
2016-07-01,0.00029283871769885067
2016-07-05,0.0
2016-07-06,0.0
2016-07-07,0.0
2016-07-08,0.0
2016-07-11,0.0
2016-07-12,0.0
2016-07-13,0.0
2016-07-14,0.0
2016-07-15,0.0
2016-07-18,0.0
2016-07-19,-0.00020187209450702018
2016-07-20,1.4492929348084318e-05
2016-07-21,0.0005412580458339599
2016-07-22,0.001749194714551669
2016-07-25,0.00045918568931139635
2016-07-26,-0.0010064819638303038
2016-07-27,0.0004255154751161754
2016-07-28,7.265257979746249e-05
2016-07-29,0.00014458437673349632
2016-08-01,0.001398067237407387
2016-08-02,0.0001428428158399569
2016-08-03,-0.0008578020380063963
2016-08-04,-0.00028690290236102635
2016-08-05,-0.0009911008557847963
2016-08-08,-0.0010586140556314227
2016-08-09,0.0001266592626455053
2016-08-10,9.334871701610384e-05
2016-08-11,-0.0008941159828431927
2016-08-12,0.0006735004968967298
2016-08-15,-0.0005963271959065988
2016-08-16,-0.0001432528120343712
2016-08-17,0.0003824359298569747
2016-08-18,-0.00028023083627372916
2016-08-19,-0.00018909898032342632
2016-08-22,0.0
2016-08-23,0.0
2016-08-24,0.0
2016-08-25,0.0
2016-08-26,0.0
2016-08-29,0.0
2016-08-30,0.0
2016-08-31,0.0
2016-09-01,0.0
2016-09-02,0.0
2016-09-06,0.0
2016-09-07,0.0
2016-09-08,0.0
2016-09-09,0.0
2016-09-12,0.0
2016-09-13,0.0
2016-09-14,0.0
2016-09-15,0.0
2016-09-16,0.0
2016-09-19,0.0
2016-09-20,0.0
2016-09-21,0.0
2016-09-22,0.0
2016-09-23,0.0
2016-09-26,0.0
2016-09-27,0.0
2016-09-28,0.0
2016-09-29,0.0
2016-09-30,0.0
2016-10-03,0.0
2016-10-04,0.0
2016-10-05,0.0
2016-10-06,0.0
2016-10-07,0.0
2016-10-10,0.0
2016-10-11,0.0
2016-10-12,0.0
2016-10-13,0.0
2016-10-14,0.0
2016-10-17,0.0
2016-10-18,0.0
2016-10-19,0.0
2016-10-20,0.0
2016-10-21,-0.0009960166230293347
2016-10-24,-0.0002219175174245424
2016-10-25,-0.0007261353918092813
2016-10-26,0.0025862030951861164
2016-10-27,0.001562856362387246
2016-10-28,-0.0007415844746422387
2016-10-31,-9.158531928984582e-05
2016-11-01,0.0005057588101396522
2016-11-02,-0.00012214189784516918
2016-11-03,-7.30460537415738e-05
2016-11-04,-9.307893919234612e-05
2016-11-07,0.000179505148623449
2016-11-08,-0.00035142076762671
2016-11-09,0.0015678252378512436
2016-11-10,-0.002227446686094713
2016-11-11,-0.0012737168183295962
2016-11-14,-0.00048305859560995526
2016-11-15,-0.0001493594965564606
2016-11-16,-9.286908851691455e-06
2016-11-17,-0.0010406097757120509
2016-11-18,0.0
2016-11-21,0.0
2016-11-22,0.0
2016-11-23,0.0
2016-11-25,0.0
2016-11-28,0.0
2016-11-29,0.0
2016-11-30,0.0
2016-12-01,0.0
2016-12-02,0.0
2016-12-05,0.00022056033262731096
2016-12-06,-0.00018613472429397806
2016-12-07,0.00018484259185014718
2016-12-08,0.0002387620638495573
2016-12-09,-0.0006321146085261071
2016-12-12,-8.082630678075793e-05
2016-12-13,0.0010529381634663086
2016-12-14,0.0005052745733984499
2016-12-15,-0.0004245313771706031
2016-12-16,0.00022149408627182403
2016-12-19,-0.0002439102673809651
2016-12-20,0.0009246848621148403
2016-12-21,0.00047135576990396796
2016-12-22,6.559665738517882e-05
2016-12-23,-0.00024892775398904543
2016-12-27,0.0007478526528637726
2016-12-28,-0.00016492458385435705
2016-12-29,0.00025164084342238523
2016-12-30,-7.209813755192386e-05
2017-01-03,-0.0004153569553718043
2017-01-04,-0.00010160345640352619
2017-01-05,-0.0006193518069574505
2017-01-06,-0.001097371161688001
2017-01-09,0.00024365669688037185
2017-01-10,0.0005970989244048746
2017-01-11,6.39043482293458e-05
2017-01-12,0.0007570457962064966
2017-01-13,-0.0007175396288970203
2017-01-17,0.0006038270290488614
2017-01-18,-0.0009682780843387142
2017-01-19,0.0007914022937836912
2017-01-20,-0.00023961036849179314
2017-01-23,-0.0006444300871320556
2017-01-24,-0.0011511281594444582
2017-01-25,-0.0017300200795313386
2017-01-26,-0.0008660428473815724
2017-01-27,-0.00014524136180774165
2017-01-30,-0.0011898722261140394
2017-01-31,0.001068907883563987
2017-02-01,-0.0002698295598779762
2017-02-02,2.0641219135249505e-05
2017-02-03,-0.00024651643101548286
2017-02-06,0.0004382619810896099
2017-02-07,0.0009217898118172895
2017-02-08,0.000631302103539824
2017-02-09,0.0018110516346400436
2017-02-10,-0.00020316114395162958
2017-02-13,-3.3482990054610386e-05
2017-02-14,-0.001797223426638145
2017-02-15,-0.0009034368702446358
2017-02-16,-0.0032202398710897166
2017-02-17,-0.0012635771431862516
2017-02-21,0.0013927534426660183
2017-02-22,0.0
2017-02-23,0.0
2017-02-24,0.0
2017-02-27,0.0
2017-02-28,0.0
2017-03-01,0.0
2017-03-02,-3.652287989950798e-05
2017-03-03,3.4499640723904525e-05
2017-03-06,0.0005494245463839499
2017-03-07,0.0006246711504631206
2017-03-08,0.0003993976063360661
2017-03-09,7.122930497235991e-05
2017-03-10,-0.0004691651867367085
2017-03-13,0.00010424839447945177
2017-03-14,0.0004040530359004211
2017-03-15,-0.0007037338700944743
2017-03-16,0.0006281660052374282
2017-03-17,-0.00046209535320890455
2017-03-20,0.0004827986947606879
2017-03-21,0.0008029484656203595
2017-03-22,-0.0001622874104081517
2017-03-23,-0.0005942898760217404
2017-03-24,5.255254462570999e-05
2017-03-27,0.0001485499976145025
2017-03-28,-0.0007172130287925364
2017-03-29,7.3602116160497e-06
2017-03-30,-0.00026261339536482473
2017-03-31,-0.00010546464720414282
2017-04-03,-0.00025747641499540715
2017-04-04,0.00016381308586362194
2017-04-05,0.00047193428754395135
2017-04-06,0.00015020449013825708
2017-04-07,0.00028906464895489705
2017-04-10,-0.00026471866327287157
2017-04-11,0.00010020462359013627
2017-04-12,0.00020351920352100887
2017-04-13,0.00016618253283171383
2017-04-17,-0.0006434375375030241
2017-04-18,-0.0002781590551490672
2017-04-19,-0.0005407174809929974
2017-04-20,-0.0005949255865518873
2017-04-21,0.0004627997566316447
2017-04-24,-0.0005764512141525714
2017-04-25,-0.00020865199317434817
2017-04-26,-0.0007027730430184653
2017-04-27,-0.00013476822684350433
2017-04-28,0.0003112323805884479
2017-05-01,-0.0002387608470559102
2017-05-02,6.414785624373167e-05
2017-05-03,0.001606552901886521
2017-05-04,-0.009926657083642336
2017-05-05,0.007935985232512167
2017-05-08,0.002291310365070817
2017-05-09,-0.003145298863633287
2017-05-10,0.00536413624426049
2017-05-11,-0.0017794416615179568
2017-05-12,-0.0010335221883357396
2017-05-15,0.0019497944470749
2017-05-16,-0.0029936421008576325
2017-05-17,0.0001830802291230779
2017-05-18,-0.0007912444746943602
2017-05-19,0.002582346972154476
2017-05-22,-0.0008891975541680459
2017-05-23,0.0
2017-05-24,0.0
2017-05-25,0.0
2017-05-26,0.0
2017-05-30,0.0
2017-05-31,0.0
2017-06-01,0.0
2017-06-02,0.0
2017-06-05,0.0
2017-06-06,0.0
2017-06-07,0.0
2017-06-08,0.0
2017-06-09,0.0
2017-06-12,0.0
2017-06-13,0.0
2017-06-14,0.0
2017-06-15,0.0
2017-06-16,0.0
2017-06-19,0.0
2017-06-20,0.0
2017-06-21,-0.004533339692439438
2017-06-22,-0.0036175240201375544
2017-06-23,0.0031952288539444664
2017-06-26,0.005570617409651218
2017-06-27,0.0021077595328014825
2017-06-28,0.009259863281377796
2017-06-29,-0.0035115194335798476
2017-06-30,0.005738938255843963
2017-07-03,0.0008161178261926957
2017-07-05,-0.001835591087382021
2017-07-06,-0.00710878159497312
2017-07-07,-0.000636643644435406
2017-07-10,-0.01844248583333992
2017-07-11,-0.0003816756630201805
2017-07-12,0.0046537017442167
2017-07-13,0.013098310381579922
2017-07-14,0.0015552700043575856
2017-07-17,0.002848516905055877
2017-07-18,-0.004328862890304236
2017-07-19,0.003288694656431751
2017-07-20,-0.0032906177512289653
2017-07-21,-0.001293158841506155
2017-07-24,-0.01833700078742089
2017-07-25,0.016731683483457407
2017-07-26,0.0006862785561616912
2017-07-27,0.010604525976397364
2017-07-28,-0.004336241799247874
2017-07-31,0.0061370955974282045
2017-08-01,0.005096415541012436
2017-08-02,0.003139937658579333
2017-08-03,-0.00758405659683131
2017-08-04,0.0058088970731186304
2017-08-07,0.0043027306219373795
2017-08-08,0.010124654257026936
2017-08-09,-0.006101802063103871
2017-08-10,-0.010520386249393415
2017-08-11,0.005060984574552788
2017-08-14,-0.009867085833432989
2017-08-15,-0.001382196149048945
2017-08-16,0.01139438066098249
2017-08-17,-0.009409167844001509
2017-08-18,0.002649818540772771
2017-08-21,-0.0005331037823658462
2017-08-22,0.0
2017-08-23,0.0
2017-08-24,0.0
2017-08-25,0.0
2017-08-28,0.0
2017-08-29,0.0
2017-08-30,0.0
2017-08-31,0.0
2017-09-01,0.0
2017-09-05,0.0
2017-09-06,0.0
2017-09-07,0.0
2017-09-08,0.0
2017-09-11,0.0
2017-09-12,0.0
2017-09-13,0.0010966041595936989
2017-09-14,-0.0014499154145569382
2017-09-15,0.0005951258128228926
2017-09-18,-0.0005146169638212479
2017-09-19,-0.00034853146057118326
2017-09-20,-0.002088199420572709
2017-09-21,0.001414442381272588
2017-09-22,-0.001868049235708978
2017-09-25,0.0021363904326073524
2017-09-26,-9.519086693439188e-05
2017-09-27,-0.00014525273411165787
2017-09-28,-0.0003382077198492168
2017-09-29,-0.00011031070341254717
2017-10-02,-0.0008955956974132795
2017-10-03,-0.0005602072714014036
2017-10-04,0.0020626732882684006
2017-10-05,-0.0005721075909575216
2017-10-06,-0.0005642352643731217
2017-10-09,-0.0007671449090999839
2017-10-10,-0.00024504201173901406
2017-10-11,0.0004479117388539307
2017-10-12,0.0039513928932078364
2017-10-13,0.00040334260506735066
2017-10-16,0.0016735066749810489
2017-10-17,0.0005716032663317914
2017-10-18,0.0012864356459598933
2017-10-19,-0.0015603770410220958
2017-10-20,-0.000995611327367999
2017-10-23,-0.0008758875131511174
2017-10-24,-0.0006861650374913243
2017-10-25,-0.00026198169148327146
2017-10-26,-0.0011847073170540177
2017-10-27,0.001903614475450899
2017-10-30,0.0013783260439927344
2017-10-31,0.002192380286832602
2017-11-01,0.000281384770946498
2017-11-02,-0.0018314192966427958
2017-11-03,-0.0005685873960576339
2017-11-06,-0.0019300104923174232
2017-11-07,0.003704129650260255
2017-11-08,0.002816931823159046
2017-11-09,-0.001215921070118324
2017-11-10,0.0008360951042233668
