date,beta,beta_std
1997-11-10,1.0660529128151153,0.30274311578964247
1997-11-11,1.0662630861344544,0.30272114141110884
1997-11-12,1.0784023246317902,0.3024824072664048
1997-11-13,1.0612706631859419,0.3010473534736053
1997-11-14,1.0263603333243978,0.29935354836697764
1997-11-17,1.0334947656730138,0.29441142344440463
1997-11-18,1.0331657743615823,0.2945649137970558
1997-11-19,1.0453935632826192,0.2939069720099923
1997-11-20,1.050896889005318,0.2926427971936694
1997-11-21,1.0504711699757119,0.2905791977165823
1997-11-24,1.0523324200103292,0.2906415273207021
1997-11-25,1.0457756231971478,0.2902683675685325
1997-11-26,1.0407645153260239,0.289014118571734
1997-11-28,1.0398234352466447,0.28913087053228304
1997-12-01,1.0662013287078445,0.28688140311252663
1997-12-02,1.0655488136929951,0.28567207345178464
1997-12-03,1.063543394625276,0.28425440281186487
1997-12-04,1.0603542902747665,0.28438058352469375
1997-12-05,1.061562091935219,0.28452643098890107
1997-12-08,1.052718577954309,0.2823829472312786
1997-12-09,1.0351890028642168,0.28055478452765403
1997-12-10,1.0329009272050496,0.2807075247580325
1997-12-11,1.0246086002701782,0.2805743991252496
1997-12-12,1.0246104536471348,0.28073210765240375
1997-12-15,1.0034084438861588,0.27582770203684165
1997-12-16,1.0033383478184565,0.2759722346553179
1997-12-17,0.9997410220101107,0.2759905701051004
1997-12-18,1.001249089566421,0.276098546422499
1997-12-19,0.9693523219876783,0.27014564290329723
1997-12-22,0.9676164388046926,0.2702719743189506
1997-12-23,0.9647149582010365,0.2703354458775533
1997-12-24,0.9611064705728528,0.26925572855217067
1997-12-26,0.9640581413093547,0.26859702547961534
1997-12-29,0.9697938971126544,0.2671204353925881
1997-12-30,0.9655675137305209,0.264097502643229
1997-12-31,0.9665218153334173,0.2641355290879726
1998-01-02,0.9694634395176006,0.26419739363265654
1998-01-05,0.9668210287201756,0.2605582973818223
1998-01-06,0.9632014821243502,0.26069770035179074
1998-01-07,0.9607192794151461,0.2603971372574391
1998-01-08,0.9617766692090802,0.2605834185249968
1998-01-09,0.95891393923963,0.2569169049841133
1998-01-12,0.9453519990311893,0.25535722935542143
1998-01-13,0.943627026833309,0.2555053831193622
1998-01-14,0.9102339813134747,0.24849491480241465
1998-01-15,0.9075141848718744,0.24831017341659337
1998-01-16,0.9059257221444995,0.24581966150259754
1998-01-20,0.9017234939498551,0.24196329403388342
1998-01-21,0.8998046673999756,0.2417937161777846
1998-01-22,0.8951118100092553,0.24112404399521795
1998-01-23,0.8946379235417311,0.2410857335578608
1998-01-26,0.8914393674197146,0.24108301145497532
1998-01-27,0.891470534402747,0.23805636697142063
1998-01-28,0.893567078811076,0.23819514747259365
1998-01-29,0.8960187891169213,0.2378767763466089
1998-01-30,0.8936558597656497,0.23801557872531365
1998-02-02,0.9064122820688698,0.23613062472520727
1998-02-03,0.9195363000345527,0.23380997140297582
1998-02-04,0.9205646098341033,0.23248847510389442
1998-02-05,0.9169781892728095,0.23130784043907565
1998-02-06,0.9168361232205906,0.22890907671752114
1998-02-09,0.9264367310080587,0.22876220043845685
1998-02-10,0.927533269379,0.22877311816513227
1998-02-11,0.9244078045646439,0.22810280609593317
1998-02-12,0.9219810438886856,0.22781923269947266
1998-02-13,0.9220055588115381,0.22803379876268154
1998-02-17,0.9252824171805261,0.22802055258999374
1998-02-18,0.9281948929489839,0.22794072131703186
1998-02-19,0.9272602361683498,0.22809362441128264
1998-02-20,0.9237925543724315,0.2276355231088858
1998-02-23,0.903630037694938,0.22334164089580638
1998-02-24,0.9024109514710471,0.2233940995339811
1998-02-25,0.8908205161383566,0.21937976698932757
1998-02-26,0.894225453677543,0.218985804395399
1998-02-27,0.8956147615395752,0.21888431887488835
1998-03-02,0.8961025982180779,0.2190681221419123
1998-03-03,0.8971597720466932,0.21843535430219216
1998-03-04,0.8869258562093769,0.2178169984033715
1998-03-05,0.887393301927216,0.2180338248306976
1998-03-06,0.8836415102615799,0.21728518284443166
1998-03-09,0.8796164620045421,0.21733603726455694
1998-03-10,0.8799632008503011,0.21612773810273647
1998-03-11,0.887570999647163,0.21558557090939806
1998-03-12,0.8903294984586221,0.21531322793128327
1998-03-13,0.8892009805670629,0.21552072822547574
1998-03-16,0.8945565358149425,0.2154019821963072
1998-03-17,0.9124477440196698,0.21466172489061436
1998-03-18,0.9251857054716518,0.21395176467992477
1998-03-19,0.911323754520253,0.21225452143892337
1998-03-20,0.8964772453577693,0.21051492657022813
1998-03-23,0.890270410267036,0.2102281157752942
1998-03-24,0.8867344810300144,0.20926096245910628
1998-03-25,0.8867725863199666,0.20949825242446216
1998-03-26,0.8861658982463468,0.20972961784369368
1998-03-27,0.8863197039264944,0.20996663815331693
1998-03-30,0.8852652741656272,0.21015862641380575
1998-03-31,0.8808393465369238,0.2088691385389648
1998-04-01,0.8817299811398633,0.2084080334755038
1998-04-02,0.8887744647741893,0.2082617460232784
1998-04-03,0.8913566543692153,0.20770151536616732
1998-04-06,0.9085866464121846,0.2061368094487691
1998-04-07,0.9039918697056252,0.2056254337607182
1998-04-08,0.904036986661348,0.2058684033141991
1998-04-09,0.8929011562610859,0.20410558636975656
1998-04-13,0.8710752560940539,0.19668600293057556
1998-04-14,0.8552365288353749,0.1952516422512686
1998-04-15,0.8497643528717856,0.19517177551935444
1998-04-16,0.8534665836780512,0.1950720480879028
1998-04-17,0.853034638469167,0.19499899900930495
1998-04-20,0.8526361771566711,0.1952430335867885
1998-04-21,0.851199300747043,0.19548935083875876
1998-04-22,0.8527276850253375,0.194798749447128
1998-04-23,0.8517622948413096,0.1950177614923539
1998-04-24,0.8520905581304351,0.19526805999143299
1998-04-27,0.8356453427818417,0.19312460075374843
1998-04-28,0.8362148428011487,0.19333575427275224
1998-04-29,0.8382351195778539,0.19330140749991045
1998-04-30,0.8405720913293029,0.1912502931323404
1998-05-01,0.8368740946188463,0.1882227840944277
1998-05-04,0.8365428580540503,0.1883095699802343
1998-05-05,0.8365058175740783,0.18857441695411273
1998-05-06,0.8350050490387374,0.18848263834780365
1998-05-07,0.834149379258984,0.18872909269360438
1998-05-08,0.8338145995343023,0.18841524114871658
1998-05-11,0.8352220613103458,0.18864784709484514
1998-05-12,0.8255425523301001,0.18550143512328188
1998-05-13,0.8254736595466967,0.1855329941320325
1998-05-14,0.8254827446751192,0.1856154050442158
1998-05-15,0.8277976705826372,0.1858140775609814
1998-05-18,0.8292734614656999,0.18589043837729705
1998-05-19,0.8331187170403201,0.18550023630886758
1998-05-20,0.8255194045943599,0.18416143976817143
1998-05-21,0.8248166437358886,0.18412744442977705
1998-05-22,0.825577373164371,0.1841607990921287
1998-05-26,0.8242168310205289,0.18441024493028163
1998-05-27,0.8244258356951493,0.18468052669648413
1998-05-28,0.8211701631961521,0.18450402006984118
1998-05-29,0.8207545745289401,0.18465101096779177
1998-06-01,0.8191639143147615,0.18479601584742847
1998-06-02,0.8218800816242101,0.18486475695332455
1998-06-03,0.8219001464677859,0.18502961118529646
1998-06-04,0.8232386915792549,0.18467065254207563
1998-06-05,0.8272936503075489,0.18393849182985414
1998-06-08,0.8331916351879234,0.18310353049465813
1998-06-09,0.8305538252730613,0.18275412519565606
1998-06-10,0.828430428890206,0.1822783853871653
1998-06-11,0.8248487189271732,0.1821606016848802
1998-06-12,0.8244827604340869,0.18239497412610928
1998-06-15,0.8244313368985188,0.182513584774153
1998-06-16,0.824432123059282,0.18278487702179277
1998-06-17,0.8287541662750857,0.18253792771286284
1998-06-18,0.8268699745003043,0.1819691899270391
1998-06-19,0.8295551097518258,0.1820016003483684
1998-06-22,0.8295469583997155,0.18226223480098713
1998-06-23,0.8304375989336163,0.18251823519122706
1998-06-24,0.8397663542045375,0.18047033510259694
1998-06-25,0.8387794185286993,0.1800863756519252
1998-06-26,0.839595270013785,0.17950595382589327
1998-06-29,0.8475159280469983,0.17918686316866667
1998-06-30,0.8463075777925653,0.17945023905004057
1998-07-01,0.8351651328510494,0.17724856310214931
1998-07-02,0.8166675014975232,0.17455118218949706
1998-07-06,0.8146878609907512,0.17278768949433537
1998-07-07,0.803282419773602,0.1720403087312092
1998-07-08,0.7736585609735979,0.16975892700849934
1998-07-09,0.7719282076212773,0.16974429456168355
1998-07-10,0.7713850339719055,0.16918493546636007
1998-07-13,0.7713358067198417,0.1691370928641257
1998-07-14,0.7731851877764042,0.16871093008770605
1998-07-15,0.773217908458383,0.16900702203578127
1998-07-16,0.7732989278227842,0.16930220923681388
1998-07-17,0.7726559945806316,0.16925381442567344
1998-07-20,0.7732079196410692,0.16952287350713074
1998-07-21,0.7755052452582264,0.1697521358477009
1998-07-22,0.7756140544284058,0.16962818240633076
1998-07-23,0.7765719175974921,0.16974885351096514
1998-07-24,0.7772748134243997,0.17003134931366393
1998-07-27,0.7783497904807917,0.17022113796995775
1998-07-28,0.7761624777272027,0.17040461736459106
1998-07-29,0.7761673739682737,0.17069534400269076
1998-07-30,0.7792923692544201,0.1698069879310291
1998-07-31,0.780726793177887,0.17008365711998286
1998-08-03,0.7809302668602882,0.17037257031431458
1998-08-04,0.7917253733052101,0.1692987260875141
1998-08-05,0.7905956173631933,0.1691253227260522
1998-08-06,0.7864631749219299,0.16838224801121832
1998-08-07,0.7873416189648463,0.16863359463695285
1998-08-10,0.7870635923850744,0.16881956862151462
1998-08-11,0.7898151239340309,0.16827547082494904
1998-08-12,0.7871548590911696,0.16819467816081027
1998-08-13,0.7834139312450907,0.168364493679781
1998-08-14,0.7816384186654011,0.1685424631021716
1998-08-17,0.7835107693851746,0.16666899660081452
1998-08-18,0.7948247578329677,0.16470834147864322
1998-08-19,0.7951529458853583,0.16500317671880582
1998-08-20,0.7963897784536489,0.16526102438128978
1998-08-21,0.797408519573203,0.16554155733859416
1998-08-24,0.7972033458349447,0.1657417746657241
1998-08-25,0.7967284502724187,0.16573838782602923
1998-08-26,0.7965873575924267,0.16603922541134997
1998-08-27,0.8180629574242616,0.16422524669621077
1998-08-28,0.8220688789619167,0.1627098992652256
1998-08-31,0.8300149989304496,0.15761113593464302
1998-09-01,0.8221921648031807,0.15763470592404916
1998-09-02,0.8190380899182648,0.15702748607126185
1998-09-03,0.8191614649957395,0.15734559522360902
1998-09-04,0.8470158230800262,0.15615370195465603
1998-09-08,0.8372349072331658,0.15522113488618647
1998-09-09,0.8415347363800564,0.15519360670885773
1998-09-10,0.8395765399950317,0.15301130608745916
1998-09-11,0.8444498806280177,0.1501860479828892
1998-09-14,0.8248541263157358,0.14617101363496865
1998-09-15,0.8427777934711329,0.14542253678960929
1998-09-16,0.8448858906844421,0.14315161692929626
1998-09-17,0.844696754182327,0.1434430680002334
1998-09-18,0.8338644390243216,0.14289199557535354
1998-09-21,0.8300299395669504,0.1429061245262076
1998-09-22,0.8167045329640139,0.1421754841823834
1998-09-23,0.8162993676458112,0.13565903255452125
1998-09-24,0.817982660684755,0.13589292405777456
1998-09-25,0.8039608024284349,0.13546913433630217
1998-09-28,0.7860380178660534,0.1346988905904809
1998-09-29,0.7867177834904336,0.13503429676602416
1998-09-30,0.7877788652163732,0.13526376642211052
1998-10-01,0.7818298932952862,0.1355464757573708
1998-10-02,0.7938289324073494,0.13489140629238633
1998-10-05,0.7929304128509822,0.13503133976779716
1998-10-06,0.7929141986211135,0.13540074138574637
1998-10-07,0.787473958880291,0.1351333886363199
1998-10-08,0.7878509570183634,0.1353765521469521
1998-10-09,0.782458279656766,0.13078376716426549
1998-10-12,0.7870300488141379,0.13055498857287132
1998-10-13,0.7808935815080549,0.1297648002798434
1998-10-14,0.752800694144206,0.12776393638770608
1998-10-15,0.7592865621118005,0.12812829471694914
1998-10-16,0.777114337476098,0.12804387554371957
1998-10-19,0.7915359928611002,0.12495387098238325
1998-10-20,0.7900315422104889,0.12070667423474449
1998-10-21,0.7976975401603996,0.12071911587008524
1998-10-22,0.8039095225191737,0.1189302091235304
1998-10-23,0.8060316748226828,0.11891147140239491
1998-10-26,0.800904823928579,0.11876586186667931
1998-10-27,0.8018598339426314,0.11914789766803768
1998-10-28,0.799351204405705,0.11917057048109256
1998-10-29,0.7979130743038761,0.11785510741704275
1998-10-30,0.8100615884007666,0.1172893280599769
1998-11-02,0.8087844636535961,0.11660744776343844
1998-11-03,0.8086304607276067,0.11658564127429827
1998-11-04,0.8085778932587663,0.1153758237433947
1998-11-05,0.8122878559957051,0.11356014728463994
1998-11-06,0.8166107105953296,0.11325420653676367
1998-11-09,0.8163739516961678,0.11368438968120613
1998-11-10,0.8157015394169002,0.11407862939459587
1998-11-11,0.814720934304095,0.11448274058850377
1998-11-12,0.8147458429921766,0.11491747983811365
1998-11-13,0.8140468078345198,0.11400467621792018
1998-11-16,0.8115946014108563,0.11302838758539496
1998-11-17,0.8244466280391467,0.11226054786085181
1998-11-18,0.8289863297706291,0.1118307689299804
1998-11-19,0.8282409566841106,0.11158797379635896
1998-11-20,0.8239489726772539,0.11086235301904038
1998-11-23,0.8297301207838824,0.10957454637760977
1998-11-24,0.8313895825003678,0.10939919431468766
1998-11-25,0.8313094119276636,0.10888715438389025
1998-11-27,0.8300098750257693,0.10867980681884518
1998-11-30,0.827455515012024,0.10892441910819382
1998-12-01,0.8234832550132267,0.10908341071237454
1998-12-02,0.8232627339075484,0.10902834571147023
1998-12-03,0.8233069927878678,0.10948542278239161
1998-12-04,0.8283816676014212,0.10900145692974786
1998-12-07,0.8331300032727197,0.10923131247864147
1998-12-08,0.8335649359643248,0.10968633229821584
1998-12-09,0.8341267848944176,0.11003975596137602
1998-12-10,0.8341697464660519,0.11043363598366339
1998-12-11,0.8327902718623168,0.11081432878866751
1998-12-14,0.833051360783209,0.11123192897224449
1998-12-15,0.8361074939175872,0.1113834497945863
1998-12-16,0.8410596552449146,0.11177115444828933
1998-12-17,0.8684319704718332,0.1093842634483271
1998-12-18,0.8748451570936042,0.10926682773797047
1998-12-21,0.8835681133836935,0.1086658165384051
1998-12-22,0.8856788872598519,0.10869733153694565
1998-12-23,0.8786016475105202,0.10810921541335963
1998-12-24,0.8737831058260184,0.10783533574675085
1998-12-28,0.8758879105026826,0.10806930432524506
1998-12-29,0.8780773701528667,0.10814573619699622
1998-12-30,0.8768204409330238,0.10794760666296639
1998-12-31,0.8774287223861958,0.10831302949240948
1999-01-04,0.8799196996109977,0.10838802818310946
1999-01-05,0.8801380962143703,0.10813100798795529
1999-01-06,0.8717719928889993,0.1065132912935952
1999-01-07,0.8678354087191615,0.10433379806470705
1999-01-08,0.8466668516050271,0.10262211332069414
1999-01-11,0.8444771577963832,0.10220744923965637
1999-01-12,0.8445903776558539,0.10266984173691578
1999-01-13,0.844087349393449,0.1031261603237801
1999-01-14,0.8446487688271965,0.10358606067506315
1999-01-15,0.8459071418723974,0.10338382861424343
1999-01-19,0.8552913979631642,0.10350642303506599
1999-01-20,0.864091103212573,0.10283559341218314
1999-01-21,0.8630706704781528,0.10282937968835883
1999-01-22,0.8561704189309729,0.10297399814705849
1999-01-25,0.8598541812630897,0.10314945283348793
1999-01-26,0.8603615838500092,0.10316911143381528
1999-01-27,0.8606654088686903,0.10365049994384705
1999-01-28,0.8543103620309058,0.10301992455033412
1999-01-29,0.8577184945799939,0.10201305623972712
1999-02-01,0.8609852394227255,0.10222387654699129
1999-02-02,0.8629643632921238,0.10266185822951551
1999-02-03,0.8691449715401202,0.10287480434309523
1999-02-04,0.8698865821955208,0.1033513866381915
1999-02-05,0.8696559297893315,0.103710792813932
1999-02-08,0.8661461502006037,0.10405357571684298
1999-02-09,0.8628457022890058,0.1042903521723528
1999-02-10,0.8569216452574901,0.10368506192501098
1999-02-11,0.852157790426013,0.10182109158258634
1999-02-12,0.851588755255135,0.10203059771445867
1999-02-16,0.8577524771323078,0.10152457948816968
1999-02-17,0.8575434492592752,0.10130884028659952
1999-02-18,0.8507224005705021,0.10090869524584856
1999-02-19,0.8508326058112556,0.1010829053214681
1999-02-22,0.8621214364327345,0.10096726556558654
1999-02-23,0.8655467691486394,0.1005164051034049
1999-02-24,0.8658071456567366,0.10098518389258503
1999-02-25,0.8661024797399443,0.10107793871415893
1999-02-26,0.8646214365631238,0.10093082270881751
1999-03-01,0.8608156832112014,0.1002203218484183
1999-03-02,0.8566063575897677,0.09984442957447902
1999-03-03,0.8564236609860356,0.09976925712147063
1999-03-04,0.8625339438162993,0.10001357526894043
1999-03-05,0.8695941400295905,0.09923857106048425
1999-03-08,0.8706042916689662,0.09926530255938966
1999-03-09,0.870424409879267,0.09858732976862149
1999-03-10,0.869278554467011,0.09799359720747373
1999-03-11,0.8650674806179436,0.09765412669540055
1999-03-12,0.8631061679948434,0.09754465956676016
1999-03-15,0.8556708193183151,0.09709853384068506
1999-03-16,0.8524779169920367,0.09730871818835284
1999-03-17,0.850968092209546,0.09770421769808874
1999-03-18,0.8434166384001119,0.09693534371813868
1999-03-19,0.8437201762790452,0.09727270721116785
1999-03-22,0.8400217011083132,0.0971911638452288
1999-03-23,0.8401723247274049,0.09769732216713543
1999-03-24,0.841041367034734,0.09811262508210057
1999-03-25,0.8430904417144316,0.09785328534273292
1999-03-26,0.841291481018742,0.09779942586771866
1999-03-29,0.841362715306993,0.09734999603721478
1999-03-30,0.8414656076743195,0.0973394942089207
1999-03-31,0.8410818606199101,0.09745283631799885
1999-04-01,0.8410082424118037,0.09782947416925392
1999-04-05,0.8301778795782745,0.09723563129855796
1999-04-06,0.8320893710273677,0.09754396827734266
1999-04-07,0.8410343003009546,0.09661277275083238
1999-04-08,0.8498702836395475,0.09574652720327846
1999-04-09,0.8476393279652811,0.09566280047561689
1999-04-12,0.8485353066478646,0.09550333651130563
1999-04-13,0.8515782585901804,0.09577584743463673
1999-04-14,0.8529409932369917,0.09616089746824961
1999-04-15,0.8524919711811467,0.09636698744778655
1999-04-16,0.8508174874471213,0.09619947834272384
1999-04-19,0.8507154188080596,0.09644029068928595
1999-04-20,0.8407030904386092,0.09613388229973067
1999-04-21,0.8391526381470047,0.09609669720343446
1999-04-22,0.8421174108056777,0.0958458193030237
1999-04-23,0.8421497461496463,0.09585842901053682
1999-04-26,0.841530571856933,0.09624964498415785
1999-04-27,0.8424997470536545,0.09576728699384107
1999-04-28,0.8405535135436746,0.09586441786894612
1999-04-29,0.8414693071491192,0.0960578158448173
1999-04-30,0.8417172347515459,0.09641586049315504
1999-05-03,0.8399800094347039,0.09633247943640413
1999-05-04,0.8414340010180584,0.09673720291804805
1999-05-05,0.8371063534439793,0.09682562559502707
1999-05-06,0.8344319098869664,0.09716829740172628
1999-05-07,0.8329116670948401,0.0971354594763205
1999-05-10,0.8353808227955826,0.09740975106152581
1999-05-11,0.8386140479248853,0.09756874406925228
1999-05-12,0.8447463862997553,0.09769733474842171
1999-05-13,0.8475457963698997,0.09719667145289715
1999-05-14,0.8442643686516081,0.09754367779727106
1999-05-17,0.8417550350859815,0.09770996489158817
1999-05-18,0.8417112048779806,0.09787079572532527
1999-05-19,0.8429180789894383,0.09767701878354368
1999-05-20,0.8451526885848081,0.09792021601453499
1999-05-21,0.844909891654951,0.09817547142042883
1999-05-24,0.8437025303768472,0.09861327658053136
1999-05-25,0.843637610802378,0.09911569110321261
1999-05-26,0.8378661721375606,0.09845381823957267
1999-05-27,0.8379527164767677,0.09894870070268486
1999-05-28,0.8298912552588471,0.09859551811254748
1999-06-01,0.8301438972233653,0.09885466361914991
1999-06-02,0.8267265069697084,0.09888913386802496
1999-06-03,0.8237276393228059,0.09858390990705984
1999-06-04,0.8295727290168013,0.09833245852623493
1999-06-07,0.8359513836774537,0.09779692369370273
1999-06-08,0.8335503582513006,0.09776089973214369
1999-06-09,0.8289740306138881,0.09768365948613095
1999-06-10,0.8260270400639258,0.09771211048895273
1999-06-11,0.8227520458414587,0.09749666228610548
1999-06-14,0.825003263853596,0.09775134311991691
1999-06-15,0.8263106339328657,0.09742355194633816
1999-06-16,0.8390442642344478,0.09649345788346175
1999-06-17,0.8322212488441706,0.09551011583941907
1999-06-18,0.8306576210284717,0.0950691755879417
1999-06-21,0.8388478305959417,0.09513733011941904
1999-06-22,0.8378078588969975,0.09517113768141601
1999-06-23,0.8369633035350283,0.09545169919898758
1999-06-24,0.8381746890555029,0.09585546131213127
1999-06-25,0.8387298613811263,0.0957084818845962
1999-06-28,0.8399592438461211,0.09536285840159689
1999-06-29,0.8359245679189381,0.09483603399499532
1999-06-30,0.8440406029247522,0.09461749463037139
1999-07-01,0.8434044676379958,0.09425075574781358
1999-07-02,0.8413130214459411,0.09417850109287887
1999-07-06,0.8413784750488238,0.09401127267610809
1999-07-07,0.8387228600761284,0.09402946217042593
1999-07-08,0.8390893354076657,0.09399352850146502
1999-07-09,0.8399277270133874,0.09416871618844384
1999-07-12,0.8378210300443445,0.09422973782765968
1999-07-13,0.8362544981164675,0.09444161808558899
1999-07-14,0.8332051049925552,0.09452143404500449
1999-07-15,0.8311114028419755,0.0943917033661876
1999-07-16,0.827628542724243,0.09417897022006297
1999-07-19,0.8295889777068105,0.09444467865678177
1999-07-20,0.8306185162792133,0.09490429436112452
1999-07-21,0.831863075890167,0.09541456239483898
1999-07-22,0.8367225159635453,0.09568538780393775
1999-07-23,0.8368026725364663,0.09596417211762104
1999-07-26,0.8372224643001664,0.09579150189691571
1999-07-27,0.8384562293205865,0.09563657900068677
1999-07-28,0.8375900275279,0.09567885673320474
1999-07-29,0.8360852085200273,0.0960426207851403
1999-07-30,0.8348824772551047,0.09651417812378928
1999-08-02,0.8366145412531462,0.09689620416561913
1999-08-03,0.8392535004919598,0.09726150043435208
1999-08-04,0.841043949882962,0.09768171685311519
1999-08-05,0.842840493770933,0.09794688005469535
1999-08-06,0.8428417183665193,0.09845608784062833
1999-08-09,0.8419507073325065,0.0986673112814801
1999-08-10,0.8398834445907235,0.0988771661598414
1999-08-11,0.8428180362906753,0.09857107541239309
1999-08-12,0.8428099032268057,0.0987480340603573
1999-08-13,0.8474424927984835,0.0980887267972378
1999-08-16,0.852097821246782,0.09798084852123942
1999-08-17,0.856054024139371,0.09716830666281688
1999-08-18,0.8612389742024564,0.09673823513354926
1999-08-19,0.8596337026667576,0.09690292743032097
1999-08-20,0.8594256716285223,0.0966985894544818
1999-08-23,0.8607961994197236,0.09622230734102677
1999-08-24,0.8625304098434051,0.09600511119749186
1999-08-25,0.8625745976841518,0.09615686766861628
1999-08-26,0.8632930694339707,0.09662733256930034
1999-08-27,0.8627282685472615,0.09689758850371444
1999-08-30,0.8616176950564592,0.0973913333832267
1999-08-31,0.865616818467561,0.09767991123895102
1999-09-01,0.866068611143933,0.09788220311145428
1999-09-02,0.8645779142163816,0.0981719334212615
1999-09-03,0.8647817994339195,0.09698969751870334
1999-09-07,0.8617098461605461,0.09718573001149354
1999-09-08,0.8632364044659575,0.09756957123005576
1999-09-09,0.8614714545762154,0.09801954325769298
1999-09-10,0.8547692336108982,0.09784731448446601
1999-09-13,0.8535961095156754,0.09785490888173423
1999-09-14,0.8543130051031483,0.09835818772645365
1999-09-15,0.8559897675212852,0.0988176459781032
1999-09-16,0.8582014898105865,0.09901827539329523
1999-09-17,0.8574690994980544,0.09904753703742517
1999-09-20,0.8595155649187376,0.09912142608095696
1999-09-21,0.8590387687020957,0.0995264019634969
1999-09-22,0.8605665954330188,0.09992599293582476
1999-09-23,0.8544578529594852,0.09972710552488423
1999-09-24,0.8329589072641516,0.09808395054601841
1999-09-27,0.8318190060386702,0.09832477594520021
1999-09-28,0.8295958409260998,0.09835200413124003
1999-09-29,0.8303591805064363,0.09879207105984356
1999-09-30,0.8340678261776864,0.09859298126417759
1999-10-01,0.8330111153204504,0.09867736221815812
1999-10-04,0.8378637429540927,0.09786050949246382
1999-10-05,0.8324245755892365,0.09749430974725652
1999-10-06,0.8270371123587131,0.09695797739792529
1999-10-07,0.8275215564025414,0.09737079841035294
1999-10-08,0.8301890747840749,0.09773215635101053
1999-10-11,0.8306600575119053,0.09822763261882672
1999-10-12,0.8312279272767434,0.09862424688527789
1999-10-13,0.8312377844097302,0.09911692166515232
1999-10-14,0.831922471555081,0.09956601947450609
1999-10-15,0.8329187149481603,0.09999059395355946
1999-10-18,0.8326018870372431,0.10000156656076141
1999-10-19,0.8215853141522551,0.09757224451651686
1999-10-20,0.835084629326709,0.09631583284519663
1999-10-21,0.8438214238281646,0.09585063612171663
1999-10-22,0.840963367467248,0.09367744520804747
1999-10-25,0.8338697340969252,0.09334303695053318
1999-10-26,0.8311458600525095,0.09324321382753774
1999-10-27,0.8373425977307544,0.09213112867523768
1999-10-28,0.8502433754859392,0.09053639310699461
1999-10-29,0.848015154575944,0.08998076294213425
1999-11-01,0.8360414678441851,0.08970729493619697
1999-11-02,0.8345640972359742,0.08980894933966388
1999-11-03,0.8343576518767751,0.0901404672809557
1999-11-04,0.8367271501115318,0.09018035593140176
1999-11-05,0.8390338813387328,0.08975447200334674
1999-11-08,0.8315262552616943,0.08936523779230078
1999-11-09,0.831513260749723,0.089723279464507
1999-11-10,0.826517391739866,0.08988241167407739
1999-11-11,0.8276367529016243,0.09018514240017778
1999-11-12,0.8291929101887221,0.08917654095843923
1999-11-15,0.8257299216170003,0.08913575515909955
1999-11-16,0.824567867901786,0.08915263939602512
1999-11-17,0.8201597325696357,0.08897552305170278
1999-11-18,0.8237962121251672,0.08921757170192747
1999-11-19,0.8250008500100541,0.08939286326814969
1999-11-22,0.8250039241044486,0.08966770532971115
1999-11-23,0.8247735419594915,0.0901000032118537
1999-11-24,0.8254501869448881,0.09064529674501012
1999-11-26,0.8250787564229898,0.09085762246246376
1999-11-29,0.8247593612808473,0.09140322531122609
1999-11-30,0.8224110118974188,0.09135688492659721
1999-12-01,0.8225381982031692,0.09143794159623847
1999-12-02,0.8268671046550582,0.09183265475223389
1999-12-03,0.834612136824233,0.09172602119612877
1999-12-06,0.8350388279318446,0.09218079990835457
1999-12-07,0.83403034697049,0.09271369289187921
1999-12-08,0.8337539649611646,0.09325051732980938
1999-12-09,0.8350852415198655,0.09355264428037625
1999-12-10,0.8266755749054283,0.09252175049609204
1999-12-13,0.8268687731696288,0.09260865080317263
1999-12-14,0.8268078363750082,0.09303880607083517
1999-12-15,0.8259916299422316,0.09337611530201151
1999-12-16,0.8258079734419167,0.09367664171824201
1999-12-17,0.8253327122501043,0.09414744529333621
1999-12-20,0.8256152720579532,0.0945723381255739
1999-12-21,0.8295305683479964,0.09430320154368664
1999-12-22,0.8322689611694778,0.09452276072355195
1999-12-23,0.8384418525412003,0.09430830278187423
1999-12-27,0.8390087311656274,0.09439798098508441
1999-12-28,0.8380111112783587,0.09434936265428116
1999-12-29,0.8388258545767495,0.09414562124510628
1999-12-30,0.8373011115253695,0.09375673181294714
1999-12-31,0.8375164269776951,0.09384000763788874
2000-01-03,0.8353935465262883,0.0943159104144987
2000-01-04,0.8342943030285155,0.09477476835615964
2000-01-05,0.8331989259390441,0.0950896231005639
2000-01-06,0.8082954732056751,0.09294810992749901
2000-01-07,0.8118953408289936,0.09297164911436769
2000-01-10,0.8132026031001713,0.09343759859161749
2000-01-11,0.8132030609953811,0.09390628498260253
2000-01-12,0.8128539850770565,0.0940042748741674
2000-01-13,0.8117344229905765,0.09360262331876822
2000-01-14,0.8060016329327934,0.09178683790428918
2000-01-18,0.8055592099478774,0.09217605197565826
2000-01-19,0.8118733870489707,0.09238002139600893
2000-01-20,0.8151918157220084,0.09275079652856998
2000-01-21,0.8164257321090002,0.09324417789272395
2000-01-24,0.8179235256949589,0.09374110407702499
2000-01-25,0.822034330707383,0.09385178394346647
2000-01-26,0.8296705730291862,0.09288193367488322
2000-01-27,0.8356814398724021,0.09209700272296645
2000-01-28,0.8356371328085506,0.09257654790829366
2000-01-31,0.8363928005065158,0.09161756221193053
2000-02-01,0.8442403769973379,0.09108183712197034
2000-02-02,0.8464820033915803,0.09135987510484113
2000-02-03,0.8495309225828969,0.09181932125535096
2000-02-04,0.8503525040551787,0.09220955122548939
2000-02-07,0.8525858481026893,0.0925711197087097
2000-02-08,0.8550446534062536,0.09195568906728034
2000-02-09,0.8545041943615306,0.0921831105515203
2000-02-10,0.8566013433447235,0.0926252856599414
2000-02-11,0.8559379126363362,0.09275421823962675
2000-02-14,0.8529377599963135,0.09312684472219515
2000-02-15,0.8498874396693744,0.09272908164002179
2000-02-16,0.8470404791603873,0.09280427001816029
2000-02-17,0.8456876539347682,0.09306541016412397
2000-02-18,0.8422191032286428,0.09345769703627053
2000-02-22,0.8423985588747602,0.09326321023251678
2000-02-23,0.837671599437104,0.09273548487941119
2000-02-24,0.8366132813646143,0.0929501624776413
2000-02-25,0.8375303002031944,0.0932831446857126
2000-02-28,0.8366453648796182,0.09261361559984764
2000-02-29,0.8409501440046223,0.09239841084763899
2000-03-01,0.8483988421757994,0.09232776398445504
2000-03-02,0.8492478133400223,0.09251662483125224
2000-03-03,0.8510372128168895,0.09264860171320524
2000-03-06,0.8570185675124165,0.09290247151861616
2000-03-07,0.8577856783149586,0.09319798799020566
2000-03-08,0.8545044847849685,0.09348761253217977
2000-03-09,0.8579257775170573,0.09381863488574668
2000-03-10,0.8555327603951628,0.09405091302284627
2000-03-13,0.8565138418052025,0.09406525448860585
2000-03-14,0.856468437952672,0.09431084613769027
2000-03-15,0.8516549622470613,0.09243576395419119
2000-03-16,0.8587957091267963,0.08945953446910446
2000-03-17,0.8595275287137746,0.08829419223664187
2000-03-20,0.8500029814555414,0.08812308905923878
2000-03-21,0.8561113990392747,0.08752848084209087
2000-03-22,0.8551356974149424,0.08720627509055959
2000-03-23,0.8644525385356029,0.08588646050426188
2000-03-24,0.8588871497921884,0.0853594769698059
2000-03-27,0.8560462240206969,0.08538149905063708
2000-03-28,0.8557688712267466,0.0855757495379347
2000-03-29,0.8542200173198148,0.08602584203447787
2000-03-30,0.8521364012494753,0.08649391255338437
2000-03-31,0.8441411148921432,0.08621587338820576
2000-04-03,0.8435917323645531,0.08481072630929287
2000-04-04,0.8364858516077287,0.08487737554524084
2000-04-05,0.8337154477621173,0.08498681406821088
2000-04-06,0.8359629620257135,0.08521044573746572
2000-04-07,0.8372500843582318,0.08559026336540199
2000-04-10,0.840194946612354,0.08564695148416718
2000-04-11,0.8384719451640976,0.08583416710642199
2000-04-12,0.8302466345384533,0.08512097270829524
2000-04-13,0.8287092379721314,0.08542712402775082
2000-04-14,0.8284335689219323,0.0860087169187004
2000-04-17,0.8256664916372614,0.08628610427825874
2000-04-18,0.8267479609910587,0.086209977877873
2000-04-19,0.8264023602134105,0.08662229875983414
2000-04-20,0.8242220246027377,0.08679774235464535
2000-04-24,0.8046436311772153,0.08614052124894235
2000-04-25,0.8005947009430118,0.08511865320672689
2000-04-26,0.8005868032624617,0.08536501524637122
2000-04-27,0.7969044732659251,0.0856261131352708
2000-04-28,0.796955203306832,0.08617767462400547
2000-05-01,0.7982379386538307,0.08621735998386569
2000-05-02,0.8049299738273559,0.08637615984890445
2000-05-03,0.8049496390744384,0.08664961718216968
2000-05-04,0.8053580916517746,0.08704668367437424
2000-05-05,0.8045946772453312,0.0873662707496871
2000-05-08,0.8014630131255931,0.08732271368484056
2000-05-09,0.7972627872154152,0.08734284160524983
2000-05-10,0.7964153940309506,0.08780981019466368
2000-05-11,0.796260577732103,0.08777646444832206
2000-05-12,0.7968891807018756,0.08729294459599479
2000-05-15,0.7998617592649183,0.08620837302747139
2000-05-16,0.8023459190429982,0.08625954390628107
2000-05-17,0.8037026347436136,0.08642450691984177
2000-05-18,0.804278944817295,0.08616991463695424
2000-05-19,0.7997671945300913,0.08629979451360154
2000-05-22,0.7952473846889305,0.08622048358167007
2000-05-23,0.785571167893898,0.08524483406571437
2000-05-24,0.7540428411411051,0.08335422849592608
2000-05-25,0.7450482450141104,0.08310064242616828
2000-05-26,0.7445870012750541,0.08323735317014995
2000-05-30,0.7517561794305027,0.0832353738877019
2000-05-31,0.7553343156809327,0.08295150033424427
2000-06-01,0.7601734885743502,0.0824256141781314
2000-06-02,0.759849772933597,0.08060354344384882
2000-06-05,0.7607452300944869,0.08065075472493373
2000-06-06,0.7610748823687041,0.08116132744433621
2000-06-07,0.7584582787257186,0.08117012594938489
2000-06-08,0.759035055029005,0.08145444294969718
2000-06-09,0.7548827365347786,0.08176139730734448
2000-06-12,0.7503965217421951,0.08179704045109887
2000-06-13,0.7494768654613382,0.08203551814828133
2000-06-14,0.7556930330907166,0.08225309688614255
2000-06-15,0.7561867201065864,0.08285607572213674
2000-06-16,0.7560413588746214,0.08334427121615914
2000-06-19,0.7586529343056327,0.08377888366003808
2000-06-20,0.7635289879583126,0.08396178399115126
2000-06-21,0.7642066139517097,0.08430620796335243
2000-06-22,0.7640283085890579,0.08464820751214
2000-06-23,0.7648036243591214,0.08470867930091384
2000-06-26,0.7664209555265186,0.08457092100089876
2000-06-27,0.7701624857675184,0.08484312518756097
2000-06-28,0.7714653179247226,0.08534623963235896
2000-06-29,0.7741148209037283,0.08561573813177631
2000-06-30,0.7743280594947216,0.08619543568870533
2000-07-03,0.7768308099910639,0.08585478361630315
2000-07-05,0.7773609691655199,0.08564487083316369
2000-07-06,0.7768684202024858,0.0854077510965333
2000-07-07,0.7812049914528942,0.08460308218592162
2000-07-10,0.780976234588856,0.08438360948151215
2000-07-11,0.7856467743189035,0.08451556792966186
2000-07-12,0.7869158930004105,0.0845806132390292
2000-07-13,0.7896475928499395,0.084878629596871
2000-07-14,0.7941862543352189,0.08454844558109026
2000-07-17,0.7957267950510423,0.08468264255435547
2000-07-18,0.794830390375209,0.08496235076398259
2000-07-19,0.7937260764919124,0.08512776928321014
2000-07-20,0.7854231558048725,0.0842994936221179
2000-07-21,0.7881940065120044,0.08390518617812844
2000-07-24,0.7885515003465091,0.08420889448208935
2000-07-25,0.7846596324770856,0.08410163271699204
2000-07-26,0.7815927496374011,0.08444019422851208
2000-07-27,0.7824844550453508,0.0847025027408855
2000-07-28,0.7787636480779845,0.08492629520977797
2000-07-31,0.7800099200652875,0.08472848099989608
2000-08-01,0.787038455244284,0.08458154367228371
2000-08-02,0.789860849645216,0.08472614825069207
2000-08-03,0.7766223387094586,0.08405881338697554
2000-08-04,0.7657194581338844,0.08215777377473865
2000-08-07,0.7690559751725589,0.08171715549627562
2000-08-08,0.7710154187343531,0.0817492065375734
2000-08-09,0.7625002654229316,0.08142123360255492
2000-08-10,0.7565143731668482,0.08122698285628245
2000-08-11,0.752862597498664,0.08099868215953834
2000-08-14,0.7518247727821733,0.08065567098681709
2000-08-15,0.7500255222409026,0.08076963339304437
2000-08-16,0.7472380653751248,0.08104796149320398
2000-08-17,0.7468355729852054,0.0811692362520451
2000-08-18,0.7464348716369218,0.08120080017783515
2000-08-21,0.7466713547298973,0.08121258281907266
2000-08-22,0.7523471037794169,0.08108770352372002
2000-08-23,0.7602367012291262,0.08118545935670929
2000-08-24,0.7622899608234025,0.08160277093030842
2000-08-25,0.7616987322146808,0.08197906766001939
2000-08-28,0.7634410536160284,0.08218224598865526
2000-08-29,0.7634953458161207,0.08249968323673797
2000-08-30,0.7672110653296993,0.08252536933789827
2000-08-31,0.7718797876734728,0.08150461060794627
2000-09-01,0.777158832552879,0.08157681570508217
2000-09-05,0.7795472204952093,0.08131812784079541
2000-09-06,0.775882639193437,0.08123318632148707
2000-09-07,0.7770122759430743,0.08100638420694296
2000-09-08,0.7742924154343702,0.08043704405483841
2000-09-11,0.7700876528237115,0.080096091684008
2000-09-12,0.7486358338593448,0.07988875581706811
2000-09-13,0.7348348092688541,0.07990455656401273
2000-09-14,0.7292867941037606,0.08007040489584379
2000-09-15,0.7279792934430068,0.08046829991531546
2000-09-18,0.7236222665330749,0.08090044445455255
2000-09-19,0.7183301894466946,0.0807982510186684
2000-09-20,0.7180377528026383,0.08106593778583455
2000-09-21,0.713856714739982,0.08139125983063157
2000-09-22,0.7184829756474328,0.08092694325075132
2000-09-25,0.7187356621936223,0.0808141040835226
2000-09-26,0.7183564128886017,0.08110623496383185
2000-09-27,0.7185538306685526,0.08149802050889872
2000-09-28,0.7211511694175966,0.08132540940773743
2000-09-29,0.7226926542008404,0.08169766393299957
2000-10-02,0.7269530587740691,0.08169183035052352
2000-10-03,0.7215512788580477,0.08137149033965574
2000-10-04,0.7205670939181265,0.0816689177828446
2000-10-05,0.7113001618422975,0.08149921033089383
2000-10-06,0.709364898198074,0.08197674067501357
2000-10-09,0.7081504090887616,0.08243242125258217
2000-10-10,0.7076736679860195,0.08298792306000152
2000-10-11,0.7084858464757271,0.08355729799576898
2000-10-12,0.7088757469587762,0.0841504420437792
2000-10-13,0.7102176044945294,0.08394706246937403
2000-10-16,0.7126556312039245,0.08431797136706329
2000-10-17,0.7127035413398214,0.08490812582397722
2000-10-18,0.7114026930423246,0.08540381878106373
2000-10-19,0.7155855991997421,0.08491390893854985
2000-10-20,0.7152896589418846,0.08492118211904813
2000-10-23,0.7151777570161728,0.08496184271738728
2000-10-24,0.7221007406849418,0.08470817301727254
2000-10-25,0.7250955642912206,0.08481010246576216
2000-10-26,0.7275980913829612,0.08510311045295281
2000-10-27,0.7227161554054695,0.08461826917486327
2000-10-30,0.7396358301482652,0.08344460644374503
2000-10-31,0.7521905950715193,0.08262452870592928
2000-11-01,0.7559154062512135,0.0822783619556198
2000-11-02,0.7528546987599892,0.08185650479483889
2000-11-03,0.7491884917315613,0.08193261163153025
2000-11-06,0.7435023338608809,0.08106624885282468
2000-11-07,0.7405140545547467,0.08096463163983958
2000-11-08,0.7397788908448465,0.08142741439916314
2000-11-09,0.7387196043907651,0.08137034557129892
2000-11-10,0.7373447678192122,0.08174894128586555
2000-11-13,0.7366290837798158,0.08216071198409354
2000-11-14,0.7389180942675676,0.08269025323544665
2000-11-15,0.7357604641819779,0.08315658923721107
2000-11-16,0.7370073217592985,0.08368532478010697
2000-11-17,0.7371434566211037,0.0842634078486795
2000-11-20,0.7368106654193183,0.08480883370370784
2000-11-21,0.735911758286959,0.08503913052286584
2000-11-22,0.7345048014473269,0.08548398319834816
2000-11-24,0.7392264945751632,0.08543191812508709
2000-11-27,0.7412300589421291,0.08529439294997215
2000-11-28,0.7292164740534681,0.08487124408082
2000-11-29,0.7202861969365558,0.08438422960091253
2000-11-30,0.7155836322351207,0.08456409183328376
2000-12-01,0.7162221476178878,0.08473964426619365
2000-12-04,0.7202341624697334,0.08509899932265433
2000-12-05,0.7384254864399794,0.08418019877674912
2000-12-06,0.7388869675993486,0.08477094947373798
2000-12-07,0.7348944858192163,0.08481878857134277
2000-12-08,0.7276790517484653,0.08385513828388864
2000-12-11,0.7309556276405823,0.08199105811394929
2000-12-12,0.7349277178096002,0.08148287623248077
2000-12-13,0.7441189483404193,0.08154259615141199
2000-12-14,0.7429280252413774,0.08180122095684114
2000-12-15,0.7472435627106612,0.08210681392010191
2000-12-18,0.7512428713630405,0.08155363456507271
2000-12-19,0.7460427773335244,0.08106763511724407
2000-12-20,0.7445894073881705,0.08142949279047433
2000-12-21,0.738696122776115,0.08022040563933713
2000-12-22,0.7380651948781509,0.07974581338827491
2000-12-26,0.7378815644506828,0.0795613874012855
2000-12-27,0.7391055567376505,0.07935496985036955
2000-12-28,0.741915459553248,0.07932185572685382
2000-12-29,0.7401360330697879,0.07961612210934742
2001-01-02,0.7292981465230902,0.07948984427375863
2001-01-03,0.7568102030018782,0.07806411478322985
2001-01-04,0.7670294772570222,0.07703126835504903
2001-01-05,0.7674347532982355,0.0775850059039653
2001-01-08,0.7680900383731445,0.07781882023237666
2001-01-09,0.7692755598898103,0.07824603154188238
2001-01-10,0.7747929270460568,0.07796000823740806
2001-01-11,0.7882668273154364,0.07759295802684542
2001-01-12,0.7904823877619639,0.07762527406365707
2001-01-16,0.783127896993745,0.07701791062625618
2001-01-17,0.7843681384012741,0.07725678947417648
2001-01-18,0.7818599295047564,0.07753977262167346
2001-01-19,0.7768113219955894,0.07761957725657379
2001-01-22,0.7715144866888922,0.07730558071012054
2001-01-23,0.773023232626126,0.07723893926162195
2001-01-24,0.7779057993645057,0.07704284947902534
2001-01-25,0.777485693349888,0.07688013091866946
2001-01-26,0.776224035297598,0.07629252602421352
2001-01-29,0.7770180653738165,0.07587644042996394
2001-01-30,0.7760530061645114,0.07531096182668803
2001-01-31,0.7766623292763776,0.07557893024881802
2001-02-01,0.7804306447908236,0.07584374916173635
2001-02-02,0.7770791097583097,0.07590113522508617
2001-02-05,0.7767526903800126,0.07604338799630987
2001-02-06,0.7758950950902486,0.07657914060354344
2001-02-07,0.777512209920799,0.07711005409600026
2001-02-08,0.7783371427722725,0.07754338681126285
2001-02-09,0.7774816553714086,0.0775564203274936
2001-02-12,0.7778487180042963,0.07743332744044526
2001-02-13,0.7717355902865758,0.0773693295243105
2001-02-14,0.7678493066946338,0.07721819671092234
2001-02-15,0.7658819288018952,0.07717079181155702
2001-02-16,0.7671368104738508,0.07704227331666912
2001-02-20,0.766830109717016,0.07754105393378365
2001-02-21,0.7640877766184615,0.07806029514164037
2001-02-22,0.7639511223613947,0.07820264646999177
2001-02-23,0.7550080461975954,0.07801030718273165
2001-02-26,0.751722508861451,0.07729602501309102
2001-02-27,0.7444658450119196,0.07695361968984951
2001-02-28,0.7389525949611082,0.07693589473858833
2001-03-01,0.7385986529517471,0.07729944050798042
2001-03-02,0.7380640163768575,0.0775555271853762
2001-03-05,0.7412825254295686,0.0776882581613194
2001-03-06,0.7446536407821124,0.07739698648400807
2001-03-07,0.7496943104120903,0.07640139025274394
2001-03-08,0.7476790858904486,0.07579908611736662
2001-03-09,0.7456747093392062,0.07597271970415648
2001-03-12,0.736574438919963,0.07627963491145354
2001-03-13,0.7311507105476227,0.07561122744458898
2001-03-14,0.725050485515515,0.07603101346935447
2001-03-15,0.726362913622853,0.07612078960658315
2001-03-16,0.7262248062675358,0.07639442832546021
2001-03-19,0.724139422616706,0.07607819774480942
2001-03-20,0.7190410583681399,0.07642183665019178
2001-03-21,0.7089469133454342,0.07667876931882675
2001-03-22,0.7044339778043827,0.07709973466559983
2001-03-23,0.707849082831862,0.0762662919340939
2001-03-26,0.7115494155808297,0.07613717242431536
2001-03-27,0.7140619314267995,0.07548202866626703
2001-03-28,0.7109713520246032,0.07533380020763632
2001-03-29,0.7141240318251447,0.07561771327979169
2001-03-30,0.7210538675319548,0.07532831964378763
2001-04-02,0.7234586137521583,0.07545889020809197
2001-04-03,0.7190484074627336,0.0759069209169057
2001-04-04,0.7179124287402572,0.07646282086873953
2001-04-05,0.7223299963445556,0.0763524034387056
2001-04-06,0.7212989594498592,0.07684629606583296
2001-04-09,0.7178021533330449,0.07683063785904386
2001-04-10,0.7284181944931816,0.07644113574869087
2001-04-11,0.7376304875090303,0.07615549751851901
2001-04-12,0.7426183497042778,0.07597670548406647
2001-04-16,0.7458461524447719,0.07608958576318015
2001-04-17,0.7475033169055738,0.07627896063467601
2001-04-18,0.7588749344881757,0.07531842616196414
2001-04-19,0.7565355947155517,0.07467330473392551
2001-04-20,0.7557521830727534,0.0748618282120531
2001-04-23,0.7537925744469995,0.07498539108591791
2001-04-24,0.754423106490416,0.07516974019937134
2001-04-25,0.7540140283049878,0.07517981295806964
2001-04-26,0.7573278846208318,0.07516000405212388
2001-04-27,0.7596491161440146,0.07466438979659754
2001-04-30,0.7557579557906707,0.07477786531325001
2001-05-01,0.7559973024803356,0.07474451877850116
2001-05-02,0.7598664941967872,0.07485437276019183
2001-05-03,0.759592470139162,0.07496649873386121
2001-05-04,0.7646018927899161,0.07493771422745142
2001-05-07,0.7616390859740346,0.07500773396667938
2001-05-08,0.75696773356087,0.0751901824454869
2001-05-09,0.7542607634280791,0.07536913644386312
2001-05-10,0.7531746598988246,0.07537844732871325
2001-05-11,0.7537914442009342,0.07586344943315139
2001-05-14,0.7566836408954419,0.07589777188782465
2001-05-15,0.7544165663323892,0.07577256423173463
2001-05-16,0.7538846482403742,0.07532330844065507
2001-05-17,0.7528984157892916,0.07519982728522283
2001-05-18,0.7513727618342629,0.07509384724987764
2001-05-21,0.7565204746458473,0.0752154445600734
2001-05-22,0.7550824039381617,0.07469139907457581
2001-05-23,0.7502486111315193,0.07457742385108623
2001-05-24,0.7461911939162701,0.07421099126137837
2001-05-25,0.7457207994067279,0.07441966524860642
2001-05-29,0.7458134896887696,0.07432111980870271
2001-05-30,0.7438229598496265,0.07438504709316583
2001-05-31,0.7440035146373092,0.07433410483494497
2001-06-01,0.745417557227989,0.07459707487274587
2001-06-04,0.7471184330485956,0.07461277361522677
2001-06-05,0.7395516504802094,0.07432197884340967
2001-06-06,0.7312992325006058,0.0743219190324104
2001-06-07,0.7240462762047328,0.07438375774716836
2001-06-08,0.7177328753883349,0.07456535629949573
2001-06-11,0.7159209145177282,0.07472802204431009
2001-06-12,0.7114835892652246,0.07474630595418638
2001-06-13,0.7116485263046651,0.07479008354594173
2001-06-14,0.7130084672615292,0.07512295160962847
2001-06-15,0.7181275248199592,0.07521720612812799
2001-06-18,0.7141938890764465,0.07497224765422679
2001-06-19,0.7126766478620944,0.07481008124131089
2001-06-20,0.7160515047449589,0.0746945532372532
2001-06-21,0.7215009618057591,0.074371679403847
2001-06-22,0.7162925826515996,0.07416780485600849
2001-06-25,0.7160112423142658,0.07430036241566006
2001-06-26,0.7135877429436724,0.07454601676546446
2001-06-27,0.7102590467014801,0.07468592081622599
2001-06-28,0.7133906198419547,0.07484630455708592
2001-06-29,0.7123438301022852,0.07492587054110839
2001-07-02,0.7165721735109111,0.07488111907067044
2001-07-03,0.7174399241930887,0.07490816999991848
2001-07-05,0.7177168953751617,0.07500186520663078
2001-07-06,0.7178466107355372,0.07542680885468235
2001-07-09,0.714596263751078,0.07550995998564841
2001-07-10,0.7114263559129462,0.07594520247828615
2001-07-11,0.7091343894783235,0.07608498500409121
2001-07-12,0.7044832718987964,0.07559441334927121
2001-07-13,0.7008114539873237,0.0752564603368889
2001-07-16,0.6888305119413625,0.07487859023835003
2001-07-17,0.6841920591309248,0.07414674817227926
2001-07-18,0.6886000595107268,0.07387619041239046
2001-07-19,0.6914017021173904,0.07394954477707981
2001-07-20,0.6922987056214827,0.07413735795538504
2001-07-23,0.6920839623480471,0.0743410580118107
2001-07-24,0.6913838225972452,0.07451884263888725
2001-07-25,0.6912114479306308,0.07453251046323446
2001-07-26,0.6911945034308189,0.07441454148561844
2001-07-27,0.6947628484183911,0.07432350738897249
2001-07-30,0.694141322311625,0.07432000467826198
2001-07-31,0.6916002416964729,0.07433732379601869
2001-08-01,0.6926570219539755,0.07450503950892516
2001-08-02,0.6921624458193695,0.07450530289712433
2001-08-03,0.6914643604100627,0.0745643886656441
2001-08-06,0.6901179408159239,0.0747324134248861
2001-08-07,0.6891484636265995,0.07477598331783993
2001-08-08,0.6864909122292996,0.07487937335948538
2001-08-09,0.6836235257737511,0.07484526428727263
2001-08-10,0.6846056833670433,0.07494985253132791
2001-08-13,0.683894956943591,0.07494058576164153
2001-08-14,0.6854397191152585,0.07512231957475826
2001-08-15,0.6857432150224054,0.07523684064521224
2001-08-16,0.6840094874167981,0.07510807015266027
2001-08-17,0.6818928733328069,0.07525094155096451
2001-08-20,0.6772500697426175,0.07513512539078904
2001-08-21,0.6728135526359514,0.07514768312238265
2001-08-22,0.6726378632536663,0.07492663237621473
2001-08-23,0.6694918101418142,0.07481341381925388
2001-08-24,0.6719021197107767,0.07514086051354789
2001-08-27,0.6742162588577504,0.07538997615256363
2001-08-28,0.6742560852089693,0.07568473639943417
2001-08-29,0.6739526264754819,0.07613689943203591
2001-08-30,0.672112741129796,0.07631778300996588
2001-08-31,0.669123688582676,0.07611320897369953
2001-09-04,0.6693931599778178,0.07597883609564224
2001-09-05,0.6626031428384888,0.07599036830368695
2001-09-06,0.658150236095938,0.076325822518462
2001-09-07,0.6584919576395833,0.07670849009168912
2001-09-10,0.6608223233045211,0.07707010649172774
2001-09-17,0.6604956007134329,0.07769610909010875
2001-09-18,0.6567056034154048,0.07789923987347819
2001-09-19,0.6518214429059789,0.07803169919518106
2001-09-20,0.6430927508804404,0.07841203949203106
2001-09-21,0.6422752531853149,0.07901013508531442
2001-09-24,0.646968214278116,0.07868843113261274
2001-09-25,0.6488794598682066,0.07803166274918806
2001-09-26,0.6452646264032867,0.07787739013311586
2001-09-27,0.6423467864756708,0.07728165834984632
2001-09-28,0.6448957436350738,0.07665167131558301
2001-10-01,0.6432922682516607,0.07633943924261084
2001-10-02,0.6477035041213239,0.07613477318208885
2001-10-03,0.6461113047435875,0.07597264586626655
2001-10-04,0.6452843783426211,0.07619802461834096
2001-10-05,0.6457602490994074,0.07676025083633245
2001-10-08,0.6454081488755214,0.077324848515493
2001-10-09,0.6475046506786452,0.0779192321312391
2001-10-10,0.6464771992901959,0.07751286706810902
2001-10-11,0.6467783488596874,0.0774725100223993
2001-10-12,0.6472339376363336,0.07785086334460266
2001-10-15,0.6448937280148165,0.07727490126791885
2001-10-16,0.6402197424068335,0.07640233686957836
2001-10-17,0.6442185062883545,0.07634846943062543
2001-10-18,0.6432700737559593,0.07638782724910032
2001-10-19,0.6414349287499358,0.07643301114949513
2001-10-22,0.6466818230334431,0.0761124878800352
2001-10-23,0.6499434870234783,0.0759106487300133
2001-10-24,0.651501208850274,0.07560375482400385
2001-10-25,0.657640623708059,0.07531982934269756
2001-10-26,0.6601464321733735,0.07530062104911937
2001-10-29,0.6553290559879545,0.07556697546363081
2001-10-30,0.6535196656136935,0.07580154994171379
2001-10-31,0.652131995354598,0.07592932034577118
2001-11-01,0.6550364835942173,0.07577687126989331
2001-11-02,0.6520692929405278,0.07552472710242579
2001-11-05,0.6525336388576276,0.07543838387431814
2001-11-06,0.6572722170317283,0.07518393355004567
2001-11-07,0.6633207137542154,0.07497785227557674
2001-11-08,0.665682119643736,0.07486891335258976
2001-11-09,0.6677115292138168,0.0748776061421754
2001-11-12,0.6673156591725731,0.07492532044016119
2001-11-13,0.6689391108552601,0.07487579203160535
2001-11-14,0.67085167399693,0.07489104191292258
2001-11-15,0.6716249691120136,0.07498571385593746
2001-11-16,0.6723742972965194,0.07519362643860138
2001-11-19,0.673216033260103,0.07497974942529662
2001-11-20,0.6712111534379707,0.07504724847473511
2001-11-21,0.667733664164844,0.07508771636363881
2001-11-23,0.6661139440019003,0.07480709730352324
2001-11-26,0.6662414870676021,0.07476886900262067
2001-11-27,0.6694518301039615,0.0750621283179741
2001-11-28,0.6659360519643502,0.07550272115883004
2001-11-29,0.6623508090503072,0.07529020052530425
2001-11-30,0.6634056054694373,0.07567689174162619
2001-12-03,0.6587705049124418,0.07585369283986938
2001-12-04,0.6584288227253237,0.07574394616376469
2001-12-05,0.6669135884983369,0.07565637079043805
2001-12-06,0.6753846839919944,0.0754454972693096
2001-12-07,0.6747383327600703,0.07537450551791446
2001-12-10,0.6728838045403089,0.07566934101518225
2001-12-11,0.6696733542122704,0.07566185863200163
2001-12-12,0.6669380413245286,0.07559557403462552
2001-12-13,0.6632537578195813,0.07586048242377609
2001-12-14,0.6576016894494148,0.07603735283528708
2001-12-17,0.6544633674867777,0.07568265974141208
2001-12-18,0.6564623933466264,0.0756499550433207
2001-12-19,0.660508846578062,0.07557538681493413
2001-12-20,0.655598613508462,0.07567072730645802
2001-12-21,0.6536623964601541,0.0760230956730035
2001-12-24,0.653751605692113,0.0761502967124466
2001-12-26,0.6540802002875021,0.07610210211727181
2001-12-27,0.6530263219119083,0.07598476906759927
2001-12-28,0.6527056208743058,0.07584335280817725
2001-12-31,0.6527053971674808,0.07595898861206825
2002-01-02,0.6526647442784465,0.07602987071632002
2002-01-03,0.6574256105648263,0.07610818170986108
2002-01-04,0.6664294213948174,0.07594180568914512
2002-01-07,0.6698043168441548,0.07608306458755065
2002-01-08,0.6712466583403197,0.07636218381911798
2002-01-09,0.6725286515146194,0.07653086701876785
2002-01-10,0.6748598414693129,0.07661765224836797
2002-01-11,0.6743128077406791,0.07690213829236146
2002-01-14,0.6700397112504121,0.07707847573045072
2002-01-15,0.6695988314854618,0.07701152895125166
2002-01-16,0.663242835352232,0.07716645837815142
2002-01-17,0.6633827199801835,0.07718627941252836
2002-01-18,0.6595929722478542,0.07729780433703085
2002-01-22,0.6519507999659939,0.07688522018659703
2002-01-23,0.6491858423426108,0.07674489100415349
2002-01-24,0.6464372508022844,0.07644717349749373
2002-01-25,0.6424399344086635,0.07653752427443845
2002-01-28,0.6367341644016626,0.07653905585267257
2002-01-29,0.635675224753775,0.0771704638773105
2002-01-30,0.6343466958975387,0.07698689738541398
2002-01-31,0.6374508881779432,0.07660194126968813
2002-02-01,0.6323932563439015,0.07687189644049024
2002-02-04,0.6280765912180964,0.07733725725329128
2002-02-05,0.6199374365497484,0.07766212354296105
2002-02-06,0.618810224186723,0.07783018602837292
2002-02-07,0.6219309868855393,0.07790159708098773
2002-02-08,0.6274746061144326,0.07751506673479408
2002-02-11,0.632894524120407,0.07725604269285857
2002-02-12,0.6327854515610938,0.07725379672916302
2002-02-13,0.6216771216911483,0.07702604985480142
2002-02-14,0.618098038807614,0.07699874047883695
2002-02-15,0.6182254259507239,0.07728344647830283
2002-02-19,0.6156372574043202,0.0776579251341021
2002-02-20,0.6132219545709353,0.07744362707790292
2002-02-21,0.6108464236976837,0.07742605116712863
2002-02-22,0.6033258444712017,0.07740716484509942
2002-02-25,0.6022265016631865,0.07691599767589487
2002-02-26,0.6008365583637153,0.07670624519890365
2002-02-27,0.5993537021135736,0.07654941987950221
2002-02-28,0.6001083169617003,0.0764407267879368
2002-03-01,0.6016682072383838,0.07624086267890784
2002-03-04,0.6204855479175377,0.07581598650964559
2002-03-05,0.6268206054219544,0.07599842486909539
2002-03-06,0.6365591867095247,0.07572831368446384
2002-03-07,0.6390442141851781,0.07561545728339779
2002-03-08,0.6424549355701559,0.07542569662739804
2002-03-11,0.6517759224155679,0.07541407163377059
2002-03-12,0.6542784596761322,0.07539631594402901
2002-03-13,0.6516260799339907,0.07550955402997815
2002-03-14,0.6504679181231754,0.07568814964701859
2002-03-15,0.6508970196112183,0.07529348086185655
2002-03-18,0.6481626194301471,0.07528498124972574
2002-03-19,0.6509970235639126,0.07530912238662908
2002-03-20,0.64946495229249,0.07553546474141097
2002-03-21,0.6466533620060861,0.07562132677160786
2002-03-22,0.6466381368658354,0.07554995709362433
2002-03-25,0.6462161301936166,0.07565744606702057
2002-03-26,0.6453909204405157,0.07553191856431024
2002-03-27,0.6473882236524345,0.07558678786240296
2002-03-28,0.6497970472528076,0.07578369209983533
2002-04-01,0.6502884515580221,0.07585933157419743
2002-04-02,0.6477927873860493,0.07580116071124456
2002-04-03,0.6463602434240932,0.07590927625861729
2002-04-04,0.6420072805472119,0.07589304897126403
2002-04-05,0.6423758624036116,0.07587526803586774
2002-04-08,0.6421716624622942,0.07578858598100109
2002-04-09,0.6428811647436343,0.07575301406781768
2002-04-10,0.6418871073637528,0.07572629346474377
2002-04-11,0.6368202556741382,0.07598950681341449
2002-04-12,0.6365376813737655,0.07581772511626111
2002-04-15,0.6383293909165576,0.07596428044467064
2002-04-16,0.6421494504808083,0.07572705625599893
2002-04-17,0.6530867889630285,0.07567022375527664
2002-04-18,0.6567462731962366,0.07572235899836449
2002-04-19,0.6590124728946851,0.07557245707174065
2002-04-22,0.6552103046654166,0.07566398851696765
2002-04-23,0.6520218932879679,0.07554475838576379
2002-04-24,0.648528393574064,0.07563322883548651
2002-04-25,0.6445899117721249,0.07581297097477709
2002-04-26,0.6410323261156746,0.07572330687385279
2002-04-29,0.6376361272351359,0.07582587612842212
2002-04-30,0.6384966618704311,0.0756483088064176
2002-05-01,0.6411718526349994,0.07567415460851643
2002-05-02,0.6442213346906032,0.07545438867732612
2002-05-03,0.6418673328016511,0.07539224569845163
2002-05-06,0.6374038198918918,0.07561363738289652
2002-05-07,0.6360183312574481,0.07563523292210667
2002-05-08,0.6466427202813612,0.07547083066154904
2002-05-09,0.6432142179435681,0.07537470270106564
2002-05-10,0.639816886099003,0.07548051819278724
2002-05-13,0.6435601354170946,0.0753289001878302
2002-05-14,0.6502400450994935,0.07514528462703077
2002-05-15,0.6490323982611516,0.07511476586852112
2002-05-16,0.6524621159906842,0.07508113047930419
2002-05-17,0.6538886761706771,0.0749787933511394
2002-05-20,0.6531346647491948,0.07516516722022142
2002-05-21,0.6541723052852355,0.07538992397061646
2002-05-22,0.6540669610866793,0.07542025625907381
2002-05-23,0.6562506075583946,0.07523302656331857
2002-05-24,0.6550350174541516,0.07529934766440202
2002-05-28,0.6526635786958244,0.07542799938101907
2002-05-29,0.649688673760838,0.07540022306793381
2002-05-30,0.6448846095863482,0.07548888027962089
2002-05-31,0.6431427506785077,0.07556864216329613
2002-06-03,0.6392107441150524,0.07584389438117839
2002-06-04,0.637697304205861,0.07598082295942277
2002-06-05,0.6382558032931948,0.07616050252892125
2002-06-06,0.6384433463997179,0.07670627785452341
2002-06-07,0.6366104514530686,0.0767519319460446
2002-06-10,0.6367682506338197,0.07677275984515707
2002-06-11,0.6327042697785701,0.07688997401989231
2002-06-12,0.6317988819093132,0.07687799988660456
2002-06-13,0.631363914798427,0.07717285058506679
2002-06-14,0.630499158002536,0.0770098714316768
2002-06-17,0.6431133599125483,0.07647279941040981
2002-06-18,0.64275444153241,0.07621361017569775
2002-06-19,0.6409150433870422,0.07621599566473242
2002-06-20,0.6375744516103706,0.0765208421549242
2002-06-21,0.6371577253221196,0.07693245057680921
2002-06-24,0.6377122157601528,0.07710446317231989
2002-06-25,0.6371798062111962,0.077257009069099
2002-06-26,0.6351037863239847,0.07773088442458642
2002-06-27,0.6387840433631481,0.07773107233543221
2002-06-28,0.6449110288885184,0.0773650526793793
2002-07-01,0.6352718909078156,0.07750740865346448
2002-07-02,0.6305272296628593,0.07754025146478556
2002-07-03,0.6287083976300278,0.07771539166088792
2002-07-05,0.635420778773461,0.07736385921586512
2002-07-08,0.6332967150720872,0.07704009901920823
2002-07-09,0.6304119900723627,0.07728391900638854
2002-07-10,0.627960851972937,0.07772597909136421
2002-07-11,0.6272511469885785,0.07773166616291131
2002-07-12,0.6259104237376657,0.07787134583975347
2002-07-15,0.625971972942781,0.07810259585658468
2002-07-16,0.6211548451186321,0.07846895217442244
2002-07-17,0.6195207781170852,0.07885407043290726
2002-07-18,0.6183220400147847,0.07938017060327693
2002-07-19,0.614598569811953,0.07981218412842042
2002-07-22,0.6079495112352432,0.08023370925238192
2002-07-23,0.5955495335984825,0.08078550187259971
2002-07-24,0.6078467805980845,0.08082203653312084
2002-07-25,0.601906087559433,0.08061522486697295
2002-07-26,0.5940987573935217,0.08008617668505164
2002-07-29,0.6190368230827812,0.0791215028708119
2002-07-30,0.6235596544769391,0.07888823202057467
2002-07-31,0.620596866441683,0.07824218309555658
2002-08-01,0.6228321906925909,0.07844731718669407
2002-08-02,0.6190032752285446,0.07878899265042683
2002-08-05,0.6122385198067568,0.0791997278582135
2002-08-06,0.6162416017624501,0.0790063157111828
2002-08-07,0.6182601471327949,0.0785837709427569
2002-08-08,0.6378304618474608,0.07758347179731555
2002-08-09,0.6417548564167136,0.07723097339138399
2002-08-12,0.6371586365897818,0.07723660992552041
2002-08-13,0.6311593455373994,0.07747399591913566
2002-08-14,0.6313631079779668,0.0772391058808935
2002-08-15,0.6287558656221782,0.07719973597103828
2002-08-16,0.6289100802335971,0.07727789192306532
2002-08-19,0.645665827075541,0.07703423106361076
2002-08-20,0.647480390043004,0.07720184193355473
2002-08-21,0.649630582830322,0.07718703071056772
2002-08-22,0.6474477075550386,0.07704219362363207
2002-08-23,0.642367878326133,0.07721280982396757
2002-08-26,0.6433039415827693,0.07696551806754903
2002-08-27,0.644828188875912,0.07683602164579251
2002-08-28,0.6444734220885979,0.07707913081967303
2002-08-29,0.6458684530715636,0.07713179747202883
2002-08-30,0.6454825927782432,0.07723332871129555
2002-09-03,0.6422319724025749,0.07773678361116208
2002-09-04,0.6430539724283527,0.07782076286058397
2002-09-05,0.6343939254904416,0.07789525042982305
2002-09-06,0.6242992944989857,0.07749242459758453
2002-09-09,0.6189166263399094,0.07741380558910671
2002-09-10,0.6153896193370729,0.07755945314393223
2002-09-11,0.6124532885699139,0.07760218972329974
2002-09-12,0.6075822020458581,0.07790061523566012
2002-09-13,0.6038025556914942,0.07784235514963536
2002-09-16,0.5998585432369443,0.07785686801584221
2002-09-17,0.5977107906227201,0.0779440219992273
2002-09-18,0.5927015706539716,0.07831140648396943
2002-09-19,0.5917339139483982,0.0788758928187562
2002-09-20,0.5933623574861494,0.07920372441131053
2002-09-23,0.5839877857293847,0.07919160560467815
2002-09-24,0.580206294465307,0.07957082295124421
2002-09-25,0.5777581924791101,0.07940409682175777
2002-09-26,0.5762542707905799,0.07871063239285078
2002-09-27,0.5710051510586533,0.07893797593322255
2002-09-30,0.5750044790615385,0.07911093669493911
2002-10-01,0.5815913123573165,0.07861046671561003
2002-10-02,0.5744061963209779,0.07889400216337175
2002-10-03,0.5742895807636375,0.07952365293544165
2002-10-04,0.5717063322288088,0.08010292155880863
2002-10-07,0.5724774964423983,0.08069952962280591
2002-10-08,0.5687527963726314,0.08065712483292908
2002-10-09,0.5660581635668622,0.0812188993559951
2002-10-10,0.563439361362814,0.08082000292668759
2002-10-11,0.5769931525753768,0.07975775996230516
2002-10-14,0.5728235734598073,0.07906409593733442
2002-10-15,0.5900611807147459,0.07707055339759492
2002-10-16,0.5869320848485827,0.0762753588063882
2002-10-17,0.5889770719912057,0.07562219042289262
2002-10-18,0.5903062215391344,0.07529517742711424
2002-10-21,0.6033844921429364,0.0750033239502787
2002-10-22,0.6047814339750642,0.07508228002377462
2002-10-23,0.6032418006036685,0.07505636406940087
2002-10-24,0.6043113042252135,0.0753611241278638
2002-10-25,0.6091624032620703,0.07523911740785535
2002-10-28,0.618503618370373,0.07529807298838459
2002-10-29,0.6150815586197056,0.07535983624331159
2002-10-30,0.6177375446591907,0.07521035058525097
2002-10-31,0.6170226980826378,0.0753209196061303
2002-11-01,0.6227758253413898,0.07530125915917553
2002-11-04,0.6286768176279406,0.07532884598092675
2002-11-05,0.6336254871989213,0.07522072330555872
2002-11-06,0.6333541258118631,0.07538830945861687
2002-11-07,0.6290679289870872,0.07587038568326354
2002-11-08,0.6246493872518377,0.07614954612913388
2002-11-11,0.6251492833370363,0.07634685102431205
2002-11-12,0.6254399429012176,0.0763297804685688
2002-11-13,0.6291164543164042,0.07636713660992157
2002-11-14,0.6376395727836482,0.07609633101217012
2002-11-15,0.6415309807411593,0.07603398985916651
2002-11-18,0.643080774955045,0.07629908153182091
2002-11-19,0.6428400882470352,0.07626427234242575
2002-11-20,0.6569360762020164,0.07601098065779549
2002-11-21,0.6694984508488959,0.07551782636055424
2002-11-22,0.6738915513959725,0.07543569714271174
2002-11-25,0.6750829096407358,0.07545880868773874
2002-11-26,0.6734006198742063,0.07577540162455274
2002-11-27,0.6778821031930946,0.07564033808876082
2002-11-29,0.680355229075559,0.07580160172915865
2002-12-02,0.6827644325736565,0.0760578221094482
2002-12-03,0.6791914974095797,0.07614404824920445
2002-12-04,0.678267832208496,0.07617090803162004
2002-12-05,0.6733683578656148,0.0764363066552676
2002-12-06,0.6763140287868,0.07643835030218547
2002-12-09,0.6691179166502214,0.07651299722854245
2002-12-10,0.671303433924798,0.07627927968178624
2002-12-11,0.6713043537041611,0.07621923636886022
2002-12-12,0.6716411048796378,0.07622102055793047
2002-12-13,0.6704115081009381,0.07648801170812189
2002-12-16,0.6761746407454875,0.07618282573300393
2002-12-17,0.6805251495159559,0.07629336071038688
2002-12-18,0.6770686134954169,0.07653206270717018
2002-12-19,0.6709307103919351,0.076642218786356
2002-12-20,0.678579514350631,0.07631904357845234
2002-12-23,0.6798330106342425,0.07629215093886765
2002-12-24,0.6772608222383987,0.07638615958837819
2002-12-26,0.678037353934909,0.0764348398465018
2002-12-27,0.6750543128978681,0.07660665710124148
2002-12-30,0.6741978656116175,0.0765755546900182
2002-12-31,0.674384158972596,0.07664221498427232
2003-01-02,0.6842727628089276,0.07646515776189643
2003-01-03,0.6911791539709854,0.07653071546940982
2003-01-06,0.7072396100009333,0.07637898705346743
2003-01-07,0.7110501921492499,0.07634432352708649
2003-01-08,0.7059733241069402,0.07642117452518707
2003-01-09,0.7060909025565321,0.07629278297053114
2003-01-10,0.7050950475003732,0.07632512831599748
2003-01-13,0.7049946392670895,0.07625553898257177
2003-01-14,0.706862735769025,0.07624635306477666
2003-01-15,0.7060790530486853,0.07645538261865237
2003-01-16,0.70478951463856,0.07664111077985519
2003-01-17,0.6993007788756141,0.07664209141576996
2003-01-21,0.6942371888050876,0.07681403969533274
2003-01-22,0.6870247781665595,0.07687156770862798
2003-01-23,0.6863515673137812,0.0767829152792084
2003-01-24,0.6818392996127387,0.07712386920995334
2003-01-27,0.6787085722548943,0.0774449919246958
2003-01-28,0.6780624376440135,0.07749944770425415
2003-01-29,0.6768466007223817,0.07745120425354299
2003-01-30,0.6747830318467809,0.07763616952889478
2003-01-31,0.6738017265411386,0.0774472494204707
2003-02-03,0.6754469907404297,0.07742550437514578
2003-02-04,0.6746201111487105,0.07770300127136891
2003-02-05,0.6737287305436644,0.07785818208281221
2003-02-06,0.6688469300362995,0.07795875540536239
2003-02-07,0.665675191542453,0.07811833848426472
2003-02-10,0.6649651885616512,0.07815318267037356
2003-02-11,0.6647473730124043,0.078288391883036
2003-02-12,0.6620220062992042,0.0784714241778685
2003-02-13,0.6583332687376408,0.07848448151097988
2003-02-14,0.659823769470548,0.07823411930142116
2003-02-18,0.6647141765419198,0.07797232476684551
2003-02-19,0.6662472372870911,0.07793830158656471
2003-02-20,0.66862355858094,0.07801530604126829
2003-02-21,0.6695355579899623,0.07788718004405795
2003-02-24,0.6684955886153545,0.07818365547201717
2003-02-25,0.66929045775862,0.07824599689620046
2003-02-26,0.6692014195876358,0.07843904953062013
2003-02-27,0.6702909548108168,0.07835889192969418
2003-02-28,0.6706769824954151,0.07835360826694684
2003-03-03,0.6730146094830897,0.07851308396566918
2003-03-04,0.6715554068495937,0.07870204585144862
2003-03-05,0.6726785320414168,0.07859996196433686
2003-03-06,0.666881278595147,0.07863862634052698
2003-03-07,0.6657086454785006,0.07850543453713384
2003-03-10,0.6633339049844218,0.0788735536776224
2003-03-11,0.6600899853766692,0.07924447738215505
2003-03-12,0.6582044582423879,0.07937500542357971
2003-03-13,0.6637841461223002,0.07903347514881691
2003-03-14,0.6618556131286859,0.07902515008671543
2003-03-17,0.6708113216211535,0.0786252256456788
2003-03-18,0.6762474995635571,0.07870154759290235
2003-03-19,0.6807920253038382,0.0785064099720712
2003-03-20,0.6837139465097127,0.07847385860670186
2003-03-21,0.6924906592830369,0.07828173273601242
2003-03-24,0.6909493373001304,0.07856494725341798
2003-03-25,0.6931480412229017,0.07859656004560144
2003-03-26,0.6951869152000627,0.07878677610842422
2003-03-27,0.6959679440682364,0.07893089897679563
2003-03-28,0.6981800917749422,0.07895524371205855
2003-03-31,0.6971170733746015,0.07930243047421044
2003-04-01,0.698434418285473,0.07922202444698082
2003-04-02,0.7030513593241335,0.0787914429697314
2003-04-03,0.7041433373785917,0.07883141730523291
2003-04-04,0.7079788178428219,0.07870090901345748
2003-04-07,0.7103996721566772,0.07880391031448655
2003-04-08,0.7112899881051069,0.07856681464781132
2003-04-09,0.7110040573613682,0.07866163588846635
2003-04-10,0.7086825116781644,0.07850790799513922
2003-04-11,0.7067491243668313,0.07846257927696806
2003-04-14,0.7120142620045511,0.07834313571580434
2003-04-15,0.7149287320768798,0.07819697857745123
2003-04-16,0.7145645806877988,0.07831521275773196
2003-04-17,0.7185943175375982,0.07820739199457684
2003-04-21,0.7208696728259948,0.07822095616082586
2003-04-22,0.7281656775096154,0.07795746683264483
2003-04-23,0.7349191153613147,0.07785121879142254
2003-04-24,0.7334634866671454,0.07802171548913435
2003-04-25,0.7314178489327517,0.07827438100156284
2003-04-28,0.7341589549773703,0.07818395823185569
2003-04-29,0.7369839882684672,0.07817613263283026
2003-04-30,0.7387020726305672,0.07814712468325165
2003-05-01,0.738461419794155,0.07813161527404831
2003-05-02,0.7409302791936566,0.07803000745029104
2003-05-05,0.7454908775316322,0.07816567111321106
2003-05-06,0.7487193130232672,0.07819621957518043
2003-05-07,0.7506094637079992,0.07826258111206735
2003-05-08,0.7476329716782651,0.07841803052816118
2003-05-09,0.7466555246210818,0.07844224898654045
2003-05-12,0.750684863523558,0.0783830319876463
2003-05-13,0.7509983948651768,0.07843241324663223
2003-05-14,0.7504973400968237,0.07854811784591181
2003-05-15,0.7527104682884255,0.07852761647365894
2003-05-16,0.7549773047244209,0.07859926865228865
2003-05-19,0.7543514527143537,0.07892913286222242
2003-05-20,0.7540448151515062,0.07906924722935842
2003-05-21,0.7536637601766436,0.07904792924276736
2003-05-22,0.7530202230294828,0.0790562785890466
2003-05-23,0.7541030337441175,0.07896286543613634
2003-05-27,0.7597026542479611,0.07871025064005992
2003-05-28,0.7649030953792455,0.0787861968601749
2003-05-29,0.7663140638356561,0.07897361921348259
2003-05-30,0.769035136508278,0.07895155345204304
2003-06-02,0.7756266369139803,0.07899120633635437
2003-06-03,0.7740964547952512,0.07870960988472729
2003-06-04,0.7769588856867543,0.07845834668183407
2003-06-05,0.7798729962976799,0.07840213919805662
2003-06-06,0.7805914517371949,0.07837799334484925
2003-06-09,0.7765490974652847,0.07858699496304368
2003-06-10,0.7740766884568027,0.07844951492531016
2003-06-11,0.7733028964492759,0.07817860426335703
2003-06-12,0.7738716031016385,0.07812148472861061
2003-06-13,0.7739764016897559,0.07812752707882262
2003-06-16,0.7785298393419952,0.07789021689808803
2003-06-17,0.7806396312759606,0.07786181665856884
2003-06-18,0.7764603359131427,0.07790091126598277
2003-06-19,0.7747205391106093,0.07815252597468532
2003-06-20,0.774908524193348,0.07818480386454425
2003-06-23,0.7722675304887675,0.07838456740242439
2003-06-24,0.7740170542981573,0.07854370231020114
2003-06-25,0.7707710984144106,0.07842206465129502
2003-06-26,0.7701443723116536,0.0782247495659532
2003-06-27,0.7674091966426947,0.07820753915883791
2003-06-30,0.7688265395853598,0.07832688158350914
2003-07-01,0.767737440905128,0.07822371986435224
2003-07-02,0.7675690046912006,0.07815161573090193
2003-07-03,0.7669533771072011,0.07822486574724453
2003-07-07,0.7703478532566278,0.07812235673372375
2003-07-08,0.7721852513402059,0.07801760929426198
2003-07-09,0.7735054093949335,0.07795347225699056
2003-07-10,0.7711096602298467,0.07800472542324573
2003-07-11,0.7720718446066643,0.07782412882479568
2003-07-14,0.7795471632263188,0.07769798640297111
2003-07-15,0.7816398144381136,0.07768443618086285
2003-07-16,0.7788092295900706,0.07782226766318696
2003-07-17,0.7749822955344516,0.07808171787352054
2003-07-18,0.7717438057125194,0.07791761966796812
2003-07-21,0.7682876455299272,0.07805673724026028
2003-07-22,0.7679811363638891,0.07796225900660071
2003-07-23,0.7671628983555694,0.07793358915269336
2003-07-24,0.7676830187699084,0.0781662937667084
2003-07-25,0.7700574214554304,0.07800396368334689
2003-07-28,0.7718660799044997,0.07810272849354155
2003-07-29,0.7711588787624125,0.07815505721359076
2003-07-30,0.770256901061464,0.07822076307142027
2003-07-31,0.7702344964675816,0.07830423798342902
2003-08-01,0.7661256386382249,0.07862206725385773
2003-08-04,0.7647984450484292,0.07862285454539089
2003-08-05,0.7628805764361921,0.07892191966295886
2003-08-06,0.7619321580059647,0.07892303443627309
2003-08-07,0.7616290525222069,0.07896368891647743
2003-08-08,0.7602694999411111,0.07887242343076936
2003-08-11,0.7620950823956545,0.07899097235611606
2003-08-12,0.7636617926595813,0.07891201723401131
2003-08-13,0.7640555102955144,0.07902464018995961
2003-08-14,0.7657076249612199,0.07898386055636131
2003-08-15,0.7648141585268363,0.0789887680823549
2003-08-18,0.767115453846657,0.07909255618144403
2003-08-19,0.7683781349625992,0.07913273636205082
2003-08-20,0.7713659302788649,0.07908846148930614
2003-08-21,0.7722418949723718,0.07922268745550197
2003-08-22,0.7729810120807109,0.07964932049228363
2003-08-25,0.7735176586406625,0.07994240104278899
2003-08-26,0.7715541787662327,0.08003531413040575
2003-08-27,0.7707883537831309,0.08014359133825849
2003-08-28,0.7728879371409487,0.0800838970900785
2003-08-29,0.7735757186567057,0.07991321597923078
2003-09-02,0.7760524091054334,0.0798551578254508
2003-09-03,0.7792873392600943,0.0801004315083278
2003-09-04,0.7816015592046224,0.08046980968451742
2003-09-05,0.7805623100567726,0.08064833657427996
2003-09-08,0.7810848042089384,0.08058440305044545
2003-09-09,0.7808662486695096,0.08074924421917479
2003-09-10,0.7790143811031325,0.0810322416735903
2003-09-11,0.778462976343142,0.0810297321056502
2003-09-12,0.77960080571757,0.08101736693489431
2003-09-15,0.7773157835032245,0.08080172812511467
2003-09-16,0.7790234802966178,0.08063726704099887
2003-09-17,0.7792524268237162,0.08055527866200658
2003-09-18,0.7824196031388112,0.08020484233003176
2003-09-19,0.7827828823772562,0.08021872829200964
2003-09-22,0.7816130687044757,0.08035864861654012
2003-09-23,0.7827584745902205,0.08035691819480262
2003-09-24,0.7814776320428304,0.08049637840311953
2003-09-25,0.7789183322093329,0.08055451629567928
2003-09-26,0.7759670069277441,0.0805482504066783
2003-09-29,0.7775040509657907,0.08059040324799589
2003-09-30,0.7775690217655358,0.08074896148612262
2003-10-01,0.7812778426532507,0.08060930700049176
2003-10-02,0.7805783887609418,0.08060440784780824
2003-10-03,0.7804845492129333,0.08056706794098911
2003-10-06,0.7808093767556724,0.08041106348292718
2003-10-07,0.7838113728238136,0.08041501753988069
2003-10-08,0.7824202753280589,0.0804460736658475
2003-10-09,0.7818064991441401,0.08042606452034196
2003-10-10,0.7798579087837356,0.0803699604829835
2003-10-13,0.7830032397745132,0.08026796204357567
2003-10-14,0.7844386791020553,0.08012705450969507
2003-10-15,0.7847253159530974,0.08018978805772423
2003-10-16,0.7861215006657876,0.08025949966333717
2003-10-17,0.7846635140519801,0.08035069706093688
2003-10-20,0.7858408699579167,0.08045882324661528
2003-10-21,0.787097521313875,0.08058518298052063
2003-10-22,0.7795036564164342,0.0806527041902205
2003-10-23,0.7754990791114051,0.0805710049669326
2003-10-24,0.7729843327697563,0.08056221047054647
2003-10-27,0.7687015697016443,0.0811304071507064
2003-10-28,0.7727457407849105,0.08163089372417512
2003-10-29,0.7749631571399305,0.0815863862782189
2003-10-30,0.773512774782192,0.08143172111294818
2003-10-31,0.7722484889581815,0.08129982926051317
2003-11-03,0.7756106511911091,0.08124001095394284
2003-11-04,0.7768276357557121,0.08133305027379292
2003-11-05,0.7756447473492234,0.08126592557008762
2003-11-06,0.7727488977871974,0.08114664803949406
2003-11-07,0.7718770130555239,0.08126533168083735
2003-11-10,0.7718518895396661,0.08143214059252218
2003-11-11,0.7726525474010255,0.08153197260539219
2003-11-12,0.7716574113572992,0.08153903358690356
2003-11-13,0.7719051926540021,0.08164749211351363
2003-11-14,0.7713488321790306,0.08183296769650392
2003-11-17,0.7712030326035139,0.08195619021066838
2003-11-18,0.769838881894786,0.08213381286617304
2003-11-19,0.7678755380769297,0.08214405160329734
2003-11-20,0.7672857252696306,0.0822482500206561
2003-11-21,0.7683703589551216,0.08224707982953126
2003-11-24,0.7691241157492333,0.08216208973962609
2003-11-25,0.7704584268382979,0.08213803504361587
2003-11-26,0.769969787203339,0.08207476742919965
2003-11-28,0.7693024040330549,0.08208868619473265
2003-12-01,0.7687151234224198,0.08194088124948283
2003-12-02,0.7688398690073892,0.0818734306734143
2003-12-03,0.770597866455411,0.08208210215640668
2003-12-04,0.7692092796142564,0.08217964754477432
2003-12-05,0.7674345956440359,0.08231091456523229
2003-12-08,0.767699254931524,0.08220468030138357
2003-12-09,0.7658090060511344,0.08231408727726568
2003-12-10,0.7639788972407867,0.08234291911575035
2003-12-11,0.7644494724900752,0.08232327112658462
2003-12-12,0.765247089925669,0.0823587013849533
2003-12-15,0.7653042623276709,0.08228081472178186
2003-12-16,0.7658315893966355,0.08206514160802587
2003-12-17,0.764949942360187,0.08195453953479166
2003-12-18,0.7625015769596977,0.08174247945475359
2003-12-19,0.7622855538281121,0.08168906059146143
2003-12-22,0.7637209470989615,0.08169143253884259
2003-12-23,0.7640724438811222,0.08167274155817321
2003-12-24,0.764131314615681,0.08171101999055638
2003-12-26,0.7639749978404395,0.08168685081759568
2003-12-29,0.7642854643264686,0.0815755049023856
2003-12-30,0.7643796430099072,0.08153446415745326
2003-12-31,0.7651231908256477,0.08156253211335812
2004-01-02,0.7666740974700745,0.08181480733603722
2004-01-05,0.7666063224175886,0.08189232098714833
2004-01-06,0.7709830235953544,0.08197138069211904
2004-01-07,0.775097116645332,0.08205502217811102
2004-01-08,0.7793600460401159,0.0821080558220548
2004-01-09,0.7820188688467599,0.08227399313241643
2004-01-12,0.7828442391153688,0.08233027440598525
2004-01-13,0.7839171630613574,0.08241309297175253
2004-01-14,0.7840846451482076,0.08228735383113571
2004-01-15,0.7837754294180436,0.08237949555416399
2004-01-16,0.7846873590624834,0.08237709123711603
2004-01-20,0.7819947718256638,0.08220102070086237
2004-01-21,0.7829074497596799,0.0818050403888645
2004-01-22,0.7826495767637194,0.0817477302275535
2004-01-23,0.7818570474445922,0.08183532238121943
2004-01-26,0.782961064258778,0.08171219555094086
2004-01-27,0.7826794308936086,0.08174759636544131
2004-01-28,0.7814661380618502,0.08201940998669513
2004-01-29,0.7799637697195743,0.08207154396826441
2004-01-30,0.7776919587443131,0.08201827470516798
2004-02-02,0.7774058050677869,0.08201770747599631
2004-02-03,0.7778874103315497,0.08205035933390865
2004-02-04,0.7767783790326934,0.08205710209828719
2004-02-05,0.7760891622179398,0.08203553004580355
2004-02-06,0.778263975635536,0.08191632222785318
2004-02-09,0.7795205557251124,0.08208816015079637
2004-02-10,0.7799348832591829,0.08218402582611434
2004-02-11,0.7830173510334804,0.08218084760326592
2004-02-12,0.784807242151959,0.08226317447682803
2004-02-13,0.7847372575099969,0.08233663362205415
2004-02-17,0.7864008779011376,0.08233543842763177
2004-02-18,0.7866449055181253,0.08241634278856484
2004-02-19,0.7883955267494559,0.08250123869540453
2004-02-20,0.7880005279418749,0.08256436859278611
2004-02-23,0.7854487369046894,0.08249372629350617
2004-02-24,0.7851093464983958,0.08259303871426257
2004-02-25,0.7852559921378068,0.08261217888091224
2004-02-26,0.785739232041524,0.08259412770484328
2004-02-27,0.7879686377808701,0.08263046494505882
2004-03-01,0.7905632403497538,0.08263504232181935
2004-03-02,0.7913774520587483,0.08259722178914665
2004-03-03,0.7932686191663759,0.082593192902671
2004-03-04,0.7965007566437932,0.08270457560241883
2004-03-05,0.7983565180592416,0.08265935318846679
2004-03-08,0.7991186176104452,0.08272563699218274
2004-03-09,0.7986598659426667,0.08288672165616012
2004-03-10,0.7993882925869159,0.08322896452996147
2004-03-11,0.7978370758336734,0.08344942524586613
2004-03-12,0.7966919417821722,0.08341110654102503
2004-03-15,0.7956053621810005,0.08358560379321052
2004-03-16,0.7956810753155121,0.08354316677328998
2004-03-17,0.7992975484119157,0.08349167787999566
2004-03-18,0.7999369248925806,0.08357193245316726
2004-03-19,0.7978176989214946,0.08366932179771262
2004-03-22,0.7969721440450844,0.0839089413890795
2004-03-23,0.7976764928835877,0.08405446716009028
2004-03-24,0.7973399525378643,0.08417041846881006
2004-03-25,0.7980645348516462,0.08394999848942589
2004-03-26,0.7963790341534185,0.08384036725623806
2004-03-29,0.7979062977440697,0.08364666070692355
2004-03-30,0.7965579277815054,0.08347430788245022
2004-03-31,0.7973401533135585,0.08358959111784973
2004-04-01,0.7981042077319319,0.08356832683229694
2004-04-02,0.7970858604725183,0.08374902001080511
2004-04-05,0.796342687523228,0.08370680686844144
2004-04-06,0.7934542386540828,0.08357742269808252
2004-04-07,0.7930091350887074,0.08366148359728297
2004-04-08,0.7926726456287213,0.08378837575394522
2004-04-12,0.7927418606797553,0.0836875625235298
2004-04-13,0.7895384844125448,0.08392563404913943
2004-04-14,0.7860884159643928,0.08410020029770338
2004-04-15,0.7823269413045209,0.08415522886891219
2004-04-16,0.7824464488285726,0.08410781716171817
2004-04-19,0.7822698531663176,0.08405006380728651
2004-04-20,0.7806546349259741,0.08424350134776433
2004-04-21,0.7751111658618414,0.08424628347587036
2004-04-22,0.7752323105941785,0.08411694692116439
2004-04-23,0.7747726170890071,0.0840947847699416
2004-04-26,0.7761846061700383,0.08416690747317823
2004-04-27,0.7759296270600282,0.08410275007981084
2004-04-28,0.7744131714518172,0.08426551412753093
2004-04-29,0.7730891161265457,0.08438915443337638
2004-04-30,0.7727276606361374,0.08448890774101885
2004-05-03,0.7729695773707536,0.08445627359431794
2004-05-04,0.7743273256371608,0.08437226502754817
2004-05-05,0.7734633327627359,0.08436744756330343
2004-05-06,0.773526192631592,0.08462940471883958
2004-05-07,0.7718089976655178,0.08497872022197
2004-05-10,0.767936518726102,0.08523205864702012
2004-05-11,0.7642968765182251,0.0852521651231105
2004-05-12,0.7622981624392332,0.08487412427187349
2004-05-13,0.7619551821247348,0.08482624244289641
2004-05-14,0.7613762980391976,0.08483567240374543
2004-05-17,0.7600717204776787,0.08492479173841849
2004-05-18,0.7592254957582167,0.08479491066900233
2004-05-19,0.760120657328009,0.08481816638358287
2004-05-20,0.7601495869253734,0.0847266296401322
2004-05-21,0.7607853995184475,0.08469972941640092
2004-05-24,0.7608606371342286,0.08470588077828915
2004-05-25,0.7633755007599751,0.08456088137494396
2004-05-26,0.763204756011272,0.0844501327869047
2004-05-27,0.7642535274103714,0.08450579612085733
2004-05-28,0.7631658115991491,0.08445536459263339
2004-06-01,0.7630087864190092,0.0844824052456024
2004-06-02,0.7649523157302042,0.08450461837848922
2004-06-03,0.7641253272788335,0.08455375162694886
2004-06-04,0.7644914528078239,0.08449592949852137
2004-06-07,0.7673686107247587,0.08431051439693152
2004-06-08,0.7685006678757285,0.08436558772999611
2004-06-09,0.7681529648506255,0.08451274170937512
2004-06-10,0.767495751486756,0.08447210868154305
2004-06-14,0.7671138164506099,0.0847462045031993
2004-06-15,0.7642006362924042,0.0845533922027059
2004-06-16,0.764206701152491,0.08457762330305825
2004-06-17,0.7646069920535653,0.08465812237940956
2004-06-18,0.7628101264837628,0.08455801535651392
2004-06-21,0.7603668771817662,0.08447890379764053
2004-06-22,0.7601315926570663,0.08455458602246563
2004-06-23,0.7628148877995731,0.08456512608456032
2004-06-24,0.7633137132378195,0.08447187622807226
2004-06-25,0.7660598944274493,0.08470108817958141
2004-06-28,0.7658145320834883,0.08468143254349084
2004-06-29,0.7675115919943616,0.08473114867111865
2004-06-30,0.7701268408745596,0.08476352491770921
2004-07-01,0.7693491852173997,0.08490717739119384
2004-07-02,0.7682580508280382,0.0849374059426577
2004-07-06,0.7653184669871015,0.08507140471250633
2004-07-07,0.7613262735398908,0.08503959779512178
2004-07-08,0.7606745654952503,0.08516583508537158
2004-07-09,0.7603400279974253,0.08518160611823265
2004-07-12,0.7589121321284145,0.08503846485932304
2004-07-13,0.7592212920598581,0.08497070139324774
2004-07-14,0.7575327243193254,0.08511510563159685
2004-07-15,0.7557271932643885,0.08526421216379715
2004-07-16,0.7533427886057917,0.08523014570146559
2004-07-19,0.7516126731257675,0.08507364299022266
2004-07-20,0.7532895231873525,0.08507725972362058
2004-07-21,0.7569273078865333,0.08531868796758496
2004-07-22,0.7566667864526968,0.08525573809090471
2004-07-23,0.7554341647301508,0.08526766841418308
2004-07-26,0.7540473098004986,0.08522700345689165
2004-07-27,0.7560569360623249,0.08528648427116012
2004-07-28,0.7575192179866772,0.08534360922964851
2004-07-29,0.7582864587119083,0.08538545316664273
2004-07-30,0.7593249228743063,0.08541501444667114
2004-08-02,0.7589924166442966,0.08533274155001894
2004-08-03,0.7569906378658973,0.08530999847753347
2004-08-04,0.7580316259494387,0.08544927781282864
2004-08-05,0.756368170489805,0.08570485467558397
2004-08-06,0.7548943381232496,0.08581931846459342
2004-08-09,0.7542353707181961,0.08587635328582749
2004-08-10,0.7571361914269232,0.08572178565231883
2004-08-11,0.7566304113342649,0.08560225635771464
2004-08-12,0.7566399111777843,0.08563218913483758
2004-08-13,0.7572122144485326,0.08572973959945342
2004-08-16,0.7600761398583381,0.08557722390085752
2004-08-17,0.7606140860783341,0.0854125131106007
2004-08-18,0.7617914332438463,0.08528479513381564
2004-08-19,0.7602763545935962,0.08523806840030636
2004-08-20,0.7616687401587235,0.085098898059272
2004-08-23,0.761906333276323,0.08511974028060958
2004-08-24,0.7615966884936003,0.08508897338248328
2004-08-25,0.7652953212431375,0.08510681311452584
2004-08-26,0.767072787553027,0.08521588310453097
2004-08-27,0.7676785555961578,0.08513681695790044
2004-08-30,0.7648521523564393,0.08512010315859288
2004-08-31,0.7648827460920724,0.08499847181027237
2004-09-01,0.7665346462314415,0.08535893911998658
2004-09-02,0.7691146928931643,0.08545298797485329
2004-09-03,0.7705946561806919,0.08558581812194017
2004-09-07,0.7689741662380849,0.0854193981056282
2004-09-08,0.7668390986606423,0.08545283526284579
2004-09-09,0.7670245485717119,0.08540145121836804
2004-09-10,0.7666157731826051,0.08533212724206403
2004-09-13,0.7640777121803208,0.08537817712275969
2004-09-14,0.7650727817523982,0.08546252141869976
2004-09-15,0.7642084222757901,0.0855720258669359
2004-09-16,0.765620610232795,0.08557797820822555
2004-09-17,0.7654000545322918,0.08549492164717735
2004-09-20,0.7650367953703057,0.08559209597570783
2004-09-21,0.7672634170611639,0.08554396394052194
2004-09-22,0.7687197703310457,0.08578517949956053
2004-09-23,0.7686791430266755,0.08599702315708325
2004-09-24,0.7686795778184841,0.08595456018371886
2004-09-27,0.7665218046189878,0.08602245943159798
2004-09-28,0.7672945510251816,0.0861168872363871
2004-09-29,0.7690451877984047,0.08620268591049397
2004-09-30,0.7704732966108652,0.08634018131626353
2004-10-01,0.7712313094642539,0.08610341929622214
2004-10-04,0.7680125456850673,0.08599377837807727
2004-10-05,0.7642247050553524,0.08585318755568713
2004-10-06,0.7612737784203795,0.0856434550625323
2004-10-07,0.7600524603478547,0.08554710796923176
2004-10-08,0.7610103163755174,0.0856382707780002
2004-10-11,0.7592690285096855,0.08560433747444522
2004-10-12,0.7589720615725708,0.0855808988160453
2004-10-13,0.7591723933054206,0.08575837486141216
2004-10-14,0.7586673735054172,0.08606570201749413
2004-10-15,0.7568395253917117,0.08592939338873498
2004-10-18,0.7575420287948684,0.08591986859526808
2004-10-19,0.7554728263678707,0.08613243486727792
2004-10-20,0.7538028804123784,0.0864113437206464
2004-10-21,0.754559664173874,0.08647119928559163
2004-10-22,0.7541073389987132,0.08655325422347582
2004-10-25,0.7525362993176957,0.08666371150809474
2004-10-26,0.7534672824888666,0.08664021885150242
2004-10-27,0.7549423269457819,0.08648040693328038
2004-10-28,0.7571392756638208,0.08640205326869102
2004-10-29,0.7575578463103919,0.08630879870808243
2004-11-01,0.7561366160591931,0.08619530616633439
2004-11-02,0.755767163741368,0.08616697506385951
2004-11-03,0.7556357778733233,0.08601889220825319
2004-11-04,0.7577087297535879,0.0857816383327838
2004-11-05,0.7578145151408958,0.08583841985741036
2004-11-08,0.7574912370631469,0.08587567072519293
2004-11-09,0.756775729596757,0.08592641745853458
2004-11-10,0.754857109559415,0.08586962884742862
2004-11-11,0.7523345772173652,0.08556245171792796
2004-11-12,0.7505089600964653,0.08538763177462207
2004-11-15,0.7502720417141215,0.0853985685867714
2004-11-16,0.748958206315873,0.08558991621052321
2004-11-17,0.7481738065382458,0.0857300022536547
2004-11-18,0.7465185627412284,0.0858536903495996
2004-11-19,0.7458319020146762,0.08607783206231209
2004-11-22,0.7449812342145921,0.08604755559323297
2004-11-23,0.7443683078976877,0.08601890693889565
2004-11-24,0.7446556342693803,0.08601745385792008
2004-11-26,0.7446725942911258,0.0860403437582489
2004-11-29,0.7433437982524521,0.08611303843109644
2004-11-30,0.7446179891661369,0.086184321901689
2004-12-01,0.7471916039730558,0.08612840814549255
2004-12-02,0.7490716704986983,0.08619145731444934
2004-12-03,0.7482609387487578,0.08626781991495519
2004-12-06,0.7477561953718513,0.08626086339880161
2004-12-07,0.7479671792011675,0.0864744929461411
2004-12-08,0.7461007108673549,0.0864890382065691
2004-12-09,0.7459082112655544,0.0864904461900698
2004-12-10,0.7464145136654333,0.0866158089140997
2004-12-13,0.7491674202771013,0.08665681662773005
2004-12-14,0.752413232425733,0.08673628667928479
2004-12-15,0.7545002903492674,0.08675538849360175
2004-12-16,0.7542394109051498,0.08673411584216213
2004-12-17,0.7547011366369217,0.08700952113150393
2004-12-20,0.7543550212620463,0.08702699682897552
2004-12-21,0.7540351011516367,0.08677135593750174
2004-12-22,0.7520785468659352,0.08654865187753763
2004-12-23,0.7524086263252665,0.08654305984503122
2004-12-27,0.7519774758298817,0.08658063945539896
2004-12-28,0.7518592629595867,0.08651636348626349
2004-12-29,0.7518999840309238,0.08655886950317462
2004-12-30,0.7512945774665201,0.0865655492850804
2004-12-31,0.7507021753683168,0.08658424761027202
2005-01-03,0.7522970393284804,0.08677182199674302
2005-01-04,0.7516247365669504,0.08703462387848916
2005-01-05,0.7528206561314289,0.0872951824618022
2005-01-06,0.7542587044378471,0.08743036789859959
2005-01-07,0.7547574718224809,0.08764558184496267
2005-01-10,0.7525469194930102,0.08755031660490693
2005-01-11,0.750564235593873,0.0875862902386435
2005-01-12,0.7506916177149279,0.0876626272046738
2005-01-13,0.751220488837986,0.08788128350376136
2005-01-14,0.7504398406661602,0.08784804143251491
2005-01-18,0.7504925963963109,0.08754643626491579
2005-01-19,0.7501923865464096,0.08773019797746297
2005-01-20,0.7462025677039745,0.08770207299503056
2005-01-21,0.7439271383054737,0.08779218693751326
2005-01-24,0.7429092695721993,0.08780263008951728
2005-01-25,0.7413066544604344,0.08770173478271426
2005-01-26,0.7401252294205304,0.08763544781742456
2005-01-27,0.7400888372201063,0.08772009263310038
2005-01-28,0.7407880169151294,0.08771613686947187
2005-01-31,0.7406371833255889,0.08749819855448031
2005-02-01,0.7405051588179976,0.08735084442166414
2005-02-02,0.7404259680842258,0.08731759962884028
2005-02-03,0.7406927438962911,0.08743625899838048
2005-02-04,0.7408212508321197,0.08733549134033526
2005-02-07,0.742729361606488,0.08741157772833077
2005-02-08,0.7416657227806427,0.08737927101813782
2005-02-09,0.7414183811553828,0.0875326020290698
2005-02-10,0.7396018154073594,0.08744425755811293
2005-02-11,0.7395201254009741,0.087480878448308
2005-02-14,0.739280218250582,0.08748121470189008
2005-02-15,0.73908121550639,0.08746495265746947
2005-02-16,0.7388285984254049,0.08757625704821351
2005-02-17,0.7375312594063427,0.08775674848184542
2005-02-18,0.7375143606878711,0.08801520399445929
2005-02-22,0.736561095565028,0.0882778533489071
2005-02-23,0.7373674213720663,0.08821610995554031
2005-02-24,0.7372154959216869,0.08805336032322703
2005-02-25,0.7368694310031726,0.08781619395024967
2005-02-28,0.735159169232736,0.08782072054819827
2005-03-01,0.7360978525613965,0.08770116891962189
2005-03-02,0.7371317671779827,0.08784914091899214
2005-03-03,0.7381232011873567,0.08799323704175344
2005-03-04,0.7396845588171325,0.08791644941187936
2005-03-07,0.7401573673204501,0.08801730687508232
2005-03-08,0.739145371986291,0.08813882158688688
2005-03-09,0.7383422602582991,0.08836611031114755
2005-03-10,0.7370822171135697,0.08841508928079371
2005-03-11,0.735799543896357,0.08848590315166868
2005-03-14,0.7368957900946598,0.08852393929075379
2005-03-15,0.7370136356575786,0.08864397900824775
2005-03-16,0.7385678271951923,0.08892065963125857
2005-03-17,0.7387822135506443,0.08904621551286375
2005-03-18,0.7377357764593186,0.0890588648401551
2005-03-21,0.7380873143349372,0.08928595151434718
2005-03-22,0.7369628691268076,0.08957291602118837
2005-03-23,0.7348716465568599,0.08958905316200844
2005-03-24,0.7348915707662705,0.08969876593473608
2005-03-28,0.7326351435942279,0.08955699290178011
2005-03-29,0.7319182756911753,0.08967882936756885
2005-03-30,0.7331387224213338,0.08969850712611376
2005-03-31,0.7315051841631269,0.0897013770000813
2005-04-01,0.7295617186908623,0.08975977590472685
2005-04-04,0.7259271768934665,0.08974985939869796
2005-04-05,0.7286556078754016,0.08971900478417168
2005-04-06,0.7291650639417477,0.08962776207199834
2005-04-07,0.7292803233141172,0.08954236905257533
2005-04-08,0.7282594749931623,0.08959403575153661
2005-04-11,0.7276479815205827,0.08952852628672056
2005-04-12,0.7281311056537964,0.08933103179223714
2005-04-13,0.7271690323114957,0.08943841638516425
2005-04-14,0.7262828244700937,0.08963048918746722
2005-04-15,0.7258801552655614,0.08984111761725774
2005-04-18,0.7281781058864826,0.08977837668559796
2005-04-19,0.7299781264238894,0.08971280256886134
2005-04-20,0.7312096136023208,0.08993889511032743
2005-04-21,0.7326025595542979,0.08998728999842663
2005-04-22,0.732270780790911,0.09003499354638375
2005-04-25,0.7323477817391704,0.08990480473442436
2005-04-26,0.7325378370308114,0.08996816042499668
2005-04-27,0.7340047257294483,0.08992053924965375
2005-04-28,0.7326685992734825,0.08999418930266981
2005-04-29,0.7336312717686955,0.08991750080815744
2005-05-02,0.7334385230906055,0.08980946382407168
2005-05-03,0.7329558017138914,0.08979598623960944
2005-05-04,0.7342310155466915,0.08958934337548179
2005-05-05,0.7339249871630443,0.08959695710291724
2005-05-06,0.7334952184825891,0.08973997656619136
2005-05-09,0.7343952011479153,0.08973088242042489
2005-05-10,0.7319557689190722,0.08986608772795966
2005-05-11,0.7310542793835746,0.08983844667195734
2005-05-12,0.7295079963665072,0.0899601356498126
2005-05-13,0.7279084814585942,0.09009128820021886
2005-05-16,0.7265492249017005,0.08989299331574334
2005-05-17,0.7278885988743248,0.08975481575100444
2005-05-18,0.7315215195372002,0.08955027438618685
2005-05-19,0.7336593265918976,0.08958536277808703
2005-05-20,0.7333760320344652,0.0895809048424222
2005-05-23,0.7326311028047614,0.08961154187508016
2005-05-24,0.7321379465913408,0.08962614728343751
2005-05-25,0.7322645502505511,0.08967873411072072
2005-05-26,0.731970551796899,0.08966299236158146
2005-05-27,0.7313976980084584,0.08970343570717328
2005-05-31,0.7318020943229421,0.089843567555716
2005-06-01,0.7319866838248987,0.08991945269442889
2005-06-02,0.7323205184036006,0.09000783202560528
2005-06-03,0.7325555187708507,0.09018338100670241
2005-06-06,0.7321267912097875,0.09022618098410559
2005-06-07,0.7319659509656263,0.09027736899010284
2005-06-08,0.732696707660144,0.09030234071878299
2005-06-09,0.7315391585218372,0.0902724938976324
2005-06-10,0.7311135535640335,0.0903190681635476
2005-06-13,0.7315210836296988,0.09038522163937836
2005-06-14,0.7320094342610344,0.0904142181285653
2005-06-15,0.7307725070841082,0.09021745529047773
2005-06-16,0.7318314829494618,0.090244401578675
2005-06-17,0.732495614451218,0.09020581816704117
2005-06-20,0.7323387057844725,0.09019526408568605
2005-06-21,0.7311240244943857,0.0900881136635925
2005-06-22,0.7318885743359397,0.09008511152384968
2005-06-23,0.7318165570516747,0.09025367147548545
2005-06-24,0.7296701440832041,0.09028378584845952
2005-06-27,0.7299966591134951,0.09042786499526285
2005-06-28,0.7310074122917513,0.09040804017862487
2005-06-29,0.7308411490287892,0.09034405895357216
2005-06-30,0.7310775822552109,0.09070532649344298
2005-07-01,0.7314806474346793,0.09102701459923138
2005-07-05,0.730919626140243,0.0911244355806487
2005-07-06,0.7301835664738425,0.09130979244993441
2005-07-07,0.729306699860332,0.09140192930313325
2005-07-08,0.7294627565563667,0.09128291386528627
2005-07-11,0.7302373728316144,0.0912653941343669
2005-07-12,0.7315558924988496,0.09123501249879604
2005-07-13,0.731963454677508,0.09108726578560976
2005-07-14,0.732917922873653,0.0910471563839262
2005-07-15,0.7335947209125403,0.09099983165039552
2005-07-18,0.7343219224486752,0.09128003405004582
2005-07-19,0.7339855825263867,0.09147916912421741
2005-07-20,0.7335140998073701,0.09155639024364617
2005-07-21,0.7350817009896614,0.09169162954759878
2005-07-22,0.735938201009744,0.09167166561678103
2005-07-25,0.73595205927106,0.09175628701692373
2005-07-26,0.7359891894391336,0.0918518856889977
2005-07-27,0.7368298180718548,0.09203096467352503
2005-07-28,0.737959065984425,0.09216157011836767
2005-07-29,0.7379762001114731,0.09236066461845653
2005-08-01,0.7385640919177608,0.0924315168798122
2005-08-02,0.7392010854831951,0.0923728138640618
2005-08-03,0.7401271699229873,0.09243887037068552
2005-08-04,0.7399125314959585,0.09250990989205185
2005-08-05,0.7401126699543166,0.09270924027503986
2005-08-08,0.7398799212314336,0.0929019649730974
2005-08-09,0.740095145261366,0.09300590105853462
2005-08-10,0.7395292506774952,0.09311783054590293
2005-08-11,0.7392644416675092,0.09316410061650347
2005-08-12,0.7370751839039118,0.09323960483802889
2005-08-15,0.7365146801668493,0.09309189649795616
2005-08-16,0.7339752022237975,0.0928464107558426
2005-08-17,0.7325773302107842,0.09279672131282898
2005-08-18,0.732976979432302,0.09277941232799893
2005-08-19,0.733021220524213,0.09286267722769201
2005-08-22,0.7325324236810633,0.09287196402595944
2005-08-23,0.732712804351731,0.093036317995023
2005-08-24,0.7317494094062922,0.09325502240371894
2005-08-25,0.7322667418694285,0.09329583677361383
2005-08-26,0.7308577455051518,0.09341625521501525
2005-08-29,0.7300690920265737,0.0932727872775567
2005-08-30,0.7289764833302642,0.09335262071559679
2005-08-31,0.7303417424549468,0.09342790251827447
2005-09-01,0.7314618141186604,0.09345100506750037
2005-09-02,0.732547517016548,0.09355157590238257
2005-09-06,0.7341413952553878,0.09343467339930447
2005-09-07,0.7363219095925666,0.09343998559452246
2005-09-08,0.7365520202353004,0.09356672246616998
2005-09-09,0.7376833649396569,0.09366063504254449
2005-09-12,0.7376035418874635,0.09380357157894909
2005-09-13,0.7356875368972104,0.09389002818483472
2005-09-14,0.7355612028712779,0.09395003067049372
2005-09-15,0.7346742421664754,0.09395945174068483
2005-09-16,0.7363383119819608,0.0935675027354844
2005-09-19,0.7355840227652363,0.09359702633149755
2005-09-20,0.7361016896354904,0.09376520439396697
2005-09-21,0.7359497123341276,0.09407405892343972
2005-09-22,0.73712968141267,0.09423195251827049
2005-09-23,0.736549310336531,0.09429386253630115
2005-09-26,0.7363294178917815,0.0944233429239574
2005-09-27,0.7362845152903783,0.09451944831286238
2005-09-28,0.7372800558909761,0.09469005917054313
2005-09-29,0.7384581383851323,0.09456757939158807
2005-09-30,0.7365987647621705,0.09455594708104395
2005-10-03,0.7371169404780634,0.09459586063997832
2005-10-04,0.7351614689221513,0.09468579360136065
2005-10-05,0.7335815474909674,0.09472026406081238
2005-10-06,0.7333194454227039,0.09464552677807068
2005-10-07,0.7344139364327916,0.09463201720945917
2005-10-10,0.7334029891517211,0.0947218516535968
2005-10-11,0.7326571661545489,0.0948478917349588
2005-10-12,0.7321969680312836,0.09491372890898117
2005-10-13,0.7342609690008615,0.09491682202541411
2005-10-14,0.7364877755421745,0.09492242368242271
2005-10-17,0.7367663765980474,0.09494900792310816
2005-10-18,0.7370640127808541,0.09515208398277314
2005-10-19,0.7400568844237354,0.09486993935057637
2005-10-20,0.7416181750903763,0.09490999023272824
2005-10-21,0.7438532321097131,0.09492365838285542
2005-10-24,0.7444211716519054,0.09443122614751731
2005-10-25,0.7449744836147114,0.0944040458649474
2005-10-26,0.7469557536231801,0.09441221748511071
2005-10-27,0.7472865871830228,0.09444744955848684
2005-10-28,0.7468975272897252,0.09414151051510442
2005-10-31,0.7483586516257922,0.0941734774925862
2005-11-01,0.7501593888418684,0.09424955681687028
2005-11-02,0.7511671427452883,0.0941181001999334
2005-11-03,0.7511303503740827,0.094130553492738
2005-11-04,0.7515179363099829,0.09407359046023439
2005-11-07,0.7527825544759245,0.09399157193268866
2005-11-08,0.7517933396976233,0.09401876236180931
2005-11-09,0.752832560990708,0.09399509971150151
2005-11-10,0.753891375315809,0.09369871068692265
2005-11-11,0.7533851186364298,0.09357712374044633
2005-11-14,0.7520712878571816,0.09350470653173665
2005-11-15,0.7510594271401875,0.09363387725672935
2005-11-16,0.7517707009747916,0.09379133021939344
2005-11-17,0.7514836554362609,0.09373237781217436
2005-11-18,0.7512075021389917,0.09365592531713514
2005-11-21,0.749168759754677,0.09355168101494289
2005-11-22,0.749634661380828,0.09344748710488837
2005-11-23,0.7509005515456161,0.09320196779089401
2005-11-25,0.750786505379918,0.09305046761788471
2005-11-28,0.7519975234028083,0.09317441580299546
2005-11-29,0.7520673653775941,0.09316291515500728
2005-11-30,0.7516016923184317,0.09344609863785987
2005-12-01,0.7527187591798282,0.09357066343211204
2005-12-02,0.7543338628265556,0.09354648054165174
2005-12-05,0.7532674729878837,0.09345380891061861
2005-12-06,0.7532976718998364,0.09349199400686886
2005-12-07,0.7529521359268476,0.09367152196304299
2005-12-08,0.753770897447955,0.0937808706791788
2005-12-09,0.7558165875562112,0.09379799315253197
2005-12-12,0.7569539932467728,0.09388299472302726
2005-12-13,0.7561949998156247,0.09363950262692361
2005-12-14,0.7557810825665203,0.09348778998017253
2005-12-15,0.7560537080238899,0.0935018596618137
2005-12-16,0.756269784155155,0.09342682567364495
2005-12-19,0.7566784616762955,0.09357278553631752
2005-12-20,0.7563678587909728,0.0935884929909026
2005-12-21,0.757392595453445,0.09363520297546565
2005-12-22,0.7579112527121568,0.09357331892667022
2005-12-23,0.7591666181095478,0.09357249366449284
2005-12-27,0.7596358191218562,0.09371961291947045
2005-12-28,0.759776378178598,0.09388151144082443
2005-12-29,0.7598379851959545,0.09398415209513208
2005-12-30,0.7592626596174864,0.09405420720290572
2006-01-03,0.758433586064866,0.0937338833070217
2006-01-04,0.7572721812646487,0.09384130558401435
2006-01-05,0.7572349327080125,0.09387864392793216
2006-01-06,0.7585773051092009,0.09393794603959894
2006-01-09,0.7616714165364862,0.09397019210388417
2006-01-10,0.7636758206770918,0.09412970837188625
2006-01-11,0.7645026247201004,0.09424084377308435
2006-01-12,0.762726916732988,0.0943973648269522
2006-01-13,0.7620020961924933,0.09447189999981334
2006-01-17,0.7622179185366097,0.09467533433000641
2006-01-18,0.7607000826175122,0.09478354643310777
2006-01-19,0.7596530064336887,0.09488303262023434
2006-01-20,0.7583491399303394,0.09521619432444316
2006-01-23,0.7591615635605022,0.09543125289157839
2006-01-24,0.757868213286002,0.09542470933852999
2006-01-25,0.7580256388616442,0.09529161411663667
2006-01-26,0.7627479557776308,0.09516844992826626
2006-01-27,0.765049217480942,0.0951939967569565
2006-01-30,0.7668942003984407,0.09533609651724108
2006-01-31,0.7677302291342576,0.09549032735537341
2006-02-01,0.769181668491932,0.09565889175747211
2006-02-02,0.7711171319252067,0.09590306042089407
2006-02-03,0.7710360570272126,0.09612450995586885
2006-02-06,0.7696854081203699,0.0961174144082361
2006-02-07,0.7680511979989487,0.09609316415753065
2006-02-08,0.768530138002802,0.0960380835584776
2006-02-09,0.7689490623727154,0.09598134872176037
2006-02-10,0.7694893320920284,0.09595261359192093
2006-02-13,0.7696483251444745,0.0960498567543213
2006-02-14,0.769748109853211,0.095919788583955
2006-02-15,0.770175143354324,0.09582604455493218
2006-02-16,0.7716239311865005,0.09568803505218647
2006-02-17,0.7719403528514829,0.0956826165697583
2006-02-21,0.7720292264515392,0.09574483956762801
2006-02-22,0.7737175217432923,0.09557804966070797
2006-02-23,0.7718114645202423,0.09543790323366631
2006-02-24,0.7726867584088773,0.09528050584106126
2006-02-27,0.7717093784844921,0.0951572564678114
2006-02-28,0.7699948700617474,0.09519160982205657
2006-03-01,0.7720007377459532,0.09531110982522961
2006-03-02,0.773723479997187,0.09551739807762832
2006-03-03,0.7739674075178806,0.09559580714836119
2006-03-06,0.7733322585249894,0.095636790169148
2006-03-07,0.7719607161082561,0.0955145586376869
2006-03-08,0.7718256594616814,0.0954697208564487
2006-03-09,0.7700420024257826,0.09553679822545318
2006-03-10,0.7684567541883001,0.0954306403258391
2006-03-13,0.767746867246248,0.09542727744203265
2006-03-14,0.7679660839341642,0.09532879691099747
2006-03-15,0.7668836202068439,0.0952714509049257
2006-03-16,0.7658263512031183,0.09514157238696855
2006-03-17,0.7654471485787794,0.09507531229925
2006-03-20,0.7655552542248442,0.09507948535754705
2006-03-21,0.7654903322345399,0.09521366470087265
2006-03-22,0.7680245077423292,0.09512817446491154
2006-03-23,0.7693942103861416,0.09522514612408439
2006-03-24,0.769548949047083,0.09520949107788312
2006-03-27,0.7698604811942867,0.09525721337915621
2006-03-28,0.7698634459016546,0.09552387449006593
2006-03-29,0.7705209823908605,0.09566698842946153
2006-03-30,0.7710595921013441,0.09585156752926852
2006-03-31,0.771850903968971,0.09595992152738123
2006-04-03,0.7729294375360729,0.09596765291143189
2006-04-04,0.7728660413261434,0.09575007718852929
2006-04-05,0.7732588656819545,0.09561073621112422
2006-04-06,0.7733456259977852,0.09571525928750856
2006-04-07,0.7725068808598999,0.09591873345046435
2006-04-10,0.7730395868409983,0.09602897608141774
2006-04-11,0.7724954205016678,0.0961283681008143
2006-04-12,0.7730707419385389,0.09612578958944262
2006-04-13,0.7744105449585801,0.09614608295017595
2006-04-17,0.7747392480912073,0.09626141336651184
2006-04-18,0.7760567460434907,0.0961388997975536
2006-04-19,0.7762498789850538,0.09609267578102527
2006-04-20,0.775486165010802,0.09601501022274589
2006-04-21,0.7726462616061031,0.09578090809042204
2006-04-24,0.7720231466827914,0.09566114682351994
2006-04-25,0.7698484244299094,0.09564258047612398
2006-04-26,0.7691174372634885,0.09542146077151442
2006-04-27,0.7710611343580496,0.09480790311425465
2006-04-28,0.7761006835465153,0.0943032165302694
2006-05-01,0.7767834627139115,0.0944356887332399
2006-05-02,0.7791013496091008,0.09440891027100229
2006-05-03,0.780009456356525,0.09447527033006956
2006-05-04,0.7793526234936505,0.09429394841753999
2006-05-05,0.7817366940208476,0.09407449189898663
2006-05-08,0.7812860392496698,0.09415176732136778
2006-05-09,0.7806437711399054,0.09417347872406055
2006-05-10,0.7801270648658684,0.09420943578648262
2006-05-11,0.7786523005416477,0.09438513432862723
2006-05-12,0.7767736195762452,0.09460258590192483
2006-05-15,0.7759146337829991,0.09458428513189222
2006-05-16,0.7745278210786573,0.09457201649957299
2006-05-17,0.773435175797782,0.09488669496473894
2006-05-18,0.7724430220764501,0.09513953044228896
2006-05-19,0.7716859081078372,0.09519988764609397
2006-05-22,0.7710459148100918,0.09524506619516922
2006-05-23,0.7690805737106307,0.0952925280114403
2006-05-24,0.7676032907311449,0.09524396452134835
2006-05-25,0.7690140609585793,0.09509619199509556
2006-05-26,0.769766090503666,0.0949040644499532
2006-05-30,0.7688271107773686,0.09508555298094766
2006-05-31,0.7698990428091307,0.09525663765701446
2006-06-01,0.7733613533748802,0.09523483309405809
2006-06-02,0.7738433641082769,0.0950463782898325
2006-06-05,0.7722679494158962,0.09518330077510383
2006-06-06,0.7701868333906146,0.09531464196152549
2006-06-07,0.7679342072008332,0.09527143831454542
2006-06-08,0.7671585489382327,0.09521911803653531
2006-06-09,0.7666049504585831,0.09530540396212284
2006-06-12,0.7655863276553714,0.09547149980634217
2006-06-13,0.7650304062739791,0.09587771502563848
2006-06-14,0.7639791021949097,0.09616853566187003
2006-06-15,0.7622040838923041,0.09579644116424559
2006-06-16,0.761356740756309,0.09589056470629449
2006-06-19,0.7609910649671217,0.09603330211914017
2006-06-20,0.7631828547753485,0.09612218002974261
2006-06-21,0.7664652723568449,0.09609098162375442
2006-06-22,0.7661719676924262,0.0960214953226927
2006-06-23,0.7656421655356399,0.09607007256925182
2006-06-26,0.7679618194373591,0.09609074600439531
2006-06-27,0.7664549107585263,0.09617402461726929
2006-06-28,0.7668216568918705,0.09609725020831109
2006-06-29,0.7712207073804771,0.09571327851249871
2006-06-30,0.7708664614077939,0.09580536605800237
2006-07-03,0.7726158951231339,0.09559422332973856
2006-07-05,0.7709364275695251,0.09553694411836687
2006-07-06,0.770044044296183,0.09547734304894705
2006-07-07,0.7703087227354909,0.09556741606074766
2006-07-10,0.77015647932747,0.09550191254169778
2006-07-11,0.7712623907952739,0.09550245919423701
2006-07-12,0.7707807491975288,0.09570078787718472
2006-07-13,0.7692613674009293,0.09595605506646915
2006-07-14,0.7655394135683606,0.09595536389926415
2006-07-17,0.7640514434542135,0.0960091456779733
2006-07-18,0.7628258112605096,0.09597254011254538
2006-07-19,0.7706396530579955,0.09535126942683879
2006-07-20,0.7728469332851593,0.09532236323733023
2006-07-21,0.7728775897210248,0.09516396504412492
2006-07-24,0.7763955286533627,0.09498801423728276
2006-07-25,0.7785522688412245,0.09487818622883085
2006-07-26,0.7787589379726839,0.0948092502365863
2006-07-27,0.7789364236722729,0.0948027693464359
2006-07-28,0.7805482598783692,0.09460365366726206
2006-07-31,0.7818192392997656,0.09461236341374715
2006-08-01,0.7817953387284229,0.09463796172561466
2006-08-02,0.7804619645430008,0.09452732228051848
2006-08-03,0.7807243171271593,0.09451651892099813
2006-08-04,0.7775633539009776,0.09442220132738972
2006-08-07,0.7776704681713809,0.09446691685840403
2006-08-08,0.7769529980721724,0.09453339153538602
2006-08-09,0.775855841092436,0.0947220140622883
2006-08-10,0.7744363768628882,0.09480986084679752
2006-08-11,0.7738625072617846,0.09489644181432011
2006-08-14,0.7741764013166912,0.0950249425018211
2006-08-15,0.7766058499956076,0.09473014222742211
2006-08-16,0.7786341292718699,0.09462448107639163
2006-08-17,0.7795179551684632,0.09466494889247572
2006-08-18,0.7798752872254405,0.09458835528293465
2006-08-21,0.7791067088543664,0.0945992348894056
2006-08-22,0.778355812299807,0.09461230940912288
2006-08-23,0.7787919594079656,0.09464228989247657
2006-08-24,0.7794679666893018,0.09466826217832247
2006-08-25,0.7799663612257371,0.09480768777508537
2006-08-28,0.7818155887029731,0.09485923027634903
2006-08-29,0.7819224563885931,0.0948648198599722
2006-08-30,0.7824622308103398,0.09505523869101624
2006-08-31,0.7829171983476065,0.09520317383486536
2006-09-01,0.7828567428075128,0.09521464529085852
2006-09-05,0.7828579487636744,0.0952120917251981
2006-09-06,0.7833989342465136,0.0952653221105503
2006-09-07,0.7815081686316835,0.09534526112945137
2006-09-08,0.7807222095783447,0.09534678012294838
2006-09-11,0.781997193504514,0.09550947281259857
2006-09-12,0.7835662155937125,0.09541488422421701
2006-09-13,0.7850337029709681,0.09534470852883548
2006-09-14,0.7857436784705789,0.0953371479841475
2006-09-15,0.7883745195835218,0.09549730342101498
2006-09-18,0.7870473289885301,0.09546651404892526
2006-09-19,0.7867928494742499,0.09539914841606717
2006-09-20,0.7871012585946197,0.0952459957881403
2006-09-21,0.7863744795462756,0.09530403419753533
2006-09-22,0.7856717262657902,0.09528443725407128
2006-09-25,0.7842226700159658,0.09512188128333905
2006-09-26,0.7822079706299203,0.0949252216599573
2006-09-27,0.7820844473764326,0.09496801810469896
2006-09-28,0.7824963565878776,0.0949161988087459
2006-09-29,0.7817929578312276,0.09491000877017675
2006-10-02,0.7811354019179525,0.09491544500302186
2006-10-03,0.7823799994707602,0.09467750882480155
2006-10-04,0.7803795828518124,0.09449100179380339
2006-10-05,0.7803832168239643,0.09455875712779792
2006-10-06,0.7792273982368232,0.09467884093658965
2006-10-09,0.7790783756200953,0.0946584854478304
2006-10-10,0.7802839371482579,0.09463927556749473
2006-10-11,0.7821062963257361,0.09481586954243217
2006-10-12,0.7844221513985113,0.09483038585154374
2006-10-13,0.7844355371983804,0.09481752387180888
2006-10-16,0.7845588179206685,0.09501888256928039
2006-10-17,0.7855339277016031,0.09511400725658037
2006-10-18,0.7827149954043796,0.09512631928218576
2006-10-19,0.7821429225877439,0.09530434564822515
2006-10-20,0.7819373789786898,0.09527479387421177
2006-10-23,0.7827473584278144,0.09527623666570355
2006-10-24,0.7826681479414498,0.09536588146417417
2006-10-25,0.7815723468471035,0.09523418045382785
2006-10-26,0.782726708335623,0.09516318701063256
2006-10-27,0.7825345663910421,0.09530133764859659
2006-10-30,0.7825006303684803,0.09530149968241416
2006-10-31,0.7825710126077541,0.09533857876887747
2006-11-01,0.781591704985687,0.09545521840454198
2006-11-02,0.7812491051504199,0.09552158543107292
2006-11-03,0.7813923755512219,0.09559853852007898
2006-11-06,0.7824046212732478,0.09538786224261092
2006-11-07,0.7814863885749469,0.09528531839941264
2006-11-08,0.7813045019357566,0.0952196481239538
2006-11-09,0.7800762817205596,0.09525319373179233
2006-11-10,0.7804203769188058,0.09520614172478366
2006-11-13,0.781362110602315,0.09530371779102867
2006-11-14,0.7810745770463059,0.09524381077665103
2006-11-15,0.7808036966264686,0.09534899039652554
2006-11-16,0.7811331217528508,0.09527587356508029
2006-11-17,0.7806784027193072,0.09529234493105468
2006-11-20,0.7812776950096861,0.09530485442785129
2006-11-21,0.7813583094131433,0.09538224219981416
2006-11-22,0.781052013667545,0.09545331885111494
2006-11-24,0.7800261318841811,0.09551660106652096
2006-11-27,0.7791738241693196,0.09572696144464242
2006-11-28,0.7763425940992171,0.09571314010184966
2006-11-29,0.7777380912646643,0.09580361445088365
2006-11-30,0.7772277979249843,0.09590183904613009
2006-12-01,0.7769655153075683,0.09605050679241361
2006-12-04,0.7804516243929053,0.09633409329309738
2006-12-05,0.7827812857865024,0.09641031457601604
2006-12-06,0.7824537402935011,0.09648579077218938
2006-12-07,0.7821482664062669,0.09658910083556184
2006-12-08,0.783910114284256,0.09686296726928462
2006-12-11,0.7854711117213,0.09668185601301976
2006-12-12,0.7855352429981238,0.09656921829577073
2006-12-13,0.7846179786081005,0.09646337016103074
2006-12-14,0.7854475274975645,0.09642922401233747
2006-12-15,0.7866207327147824,0.09639600898499052
2006-12-18,0.7858550531020072,0.09630848249423023
2006-12-19,0.7859177149954,0.09632170248166524
2006-12-20,0.785544964291722,0.09632283068916693
2006-12-21,0.7872294248255066,0.09638964422116433
2006-12-22,0.7856158938445287,0.09647931183866372
2006-12-26,0.7857099778272677,0.09641840802448928
2006-12-27,0.7878709702466776,0.09640110376568692
2006-12-28,0.7886683024115981,0.0964552309568365
2006-12-29,0.7875252677478225,0.09656821430465025
2007-01-03,0.7865452131655616,0.09664327414412253
2007-01-04,0.7857367791971926,0.0965805606237644
2007-01-05,0.7852495199260535,0.09670979096297155
2007-01-08,0.7851110245588941,0.09670743221139282
2007-01-09,0.7842278161971431,0.0967136265896757
2007-01-10,0.785028497742936,0.0967140922170951
2007-01-11,0.7866194374940397,0.09682928522974243
2007-01-12,0.7857300580540622,0.09685045498419713
2007-01-16,0.7867186095299437,0.09685998140813333
2007-01-17,0.7874306684290722,0.09692200335790957
2007-01-18,0.786770319815462,0.0969716981617547
2007-01-19,0.7880353899585711,0.09691356230755155
2007-01-22,0.7914440386707379,0.09690012946799371
2007-01-23,0.7936034315700553,0.09701518844160639
2007-01-24,0.7962082823051759,0.09710687187649374
2007-01-25,0.7979134947840203,0.0973676446449746
2007-01-26,0.7978628147543009,0.09757356623484181
2007-01-29,0.798380093317206,0.09781691877571316
2007-01-30,0.7994087669460228,0.09770118585284056
2007-01-31,0.8012987436569825,0.09753057314007683
2007-02-01,0.802133309140399,0.09741575512972071
2007-02-02,0.8016878246957498,0.09743819190096577
2007-02-05,0.8012813535796602,0.09742284062659962
2007-02-06,0.800351922776894,0.09733207551722602
2007-02-07,0.8004306575736385,0.09727953608356801
2007-02-08,0.7996246974741116,0.0972994612443586
2007-02-09,0.7986404007210969,0.09742393440254934
2007-02-12,0.7982548069973749,0.09746924740305998
2007-02-13,0.7980563956950812,0.09727059527338494
2007-02-14,0.798861627158511,0.09713023388492942
2007-02-15,0.7988862630741261,0.09717498763435407
2007-02-16,0.7984978209304395,0.09714781246387204
2007-02-20,0.7996466944928221,0.09716203712222275
2007-02-21,0.8003737019439633,0.09723041806737295
2007-02-22,0.8010290009106271,0.09733314516458792
2007-02-23,0.8012702014473086,0.09760393359806006
2007-02-26,0.8008681699543428,0.09773524974659924
2007-02-27,0.8007778300617981,0.09820136247586106
2007-02-28,0.8011051868021405,0.09840578266533667
2007-03-01,0.8016308500773419,0.0986210644588998
2007-03-02,0.7997769963000458,0.09882059195232282
2007-03-05,0.7981550164929158,0.09901551482478532
2007-03-06,0.7972647815758646,0.09859700609983035
2007-03-07,0.7974361964962304,0.0986296417295192
2007-03-08,0.7983895823058507,0.09860094787712459
2007-03-09,0.7984730367281173,0.09855290745019893
2007-03-12,0.7981731165086884,0.0985133572411152
2007-03-13,0.79669091952585,0.09892308632349303
2007-03-14,0.7969880589120614,0.09900759608215264
2007-03-15,0.7976656502857887,0.09894049257196309
2007-03-16,0.7968908413018632,0.09909520206114596
2007-03-19,0.7964999094589258,0.0988932826723937
2007-03-20,0.7958594273298941,0.09871357033761824
2007-03-21,0.7979705501457578,0.098240353775372
2007-03-22,0.7969437787465352,0.0982172972396781
2007-03-23,0.7966782610723823,0.09821631106077669
2007-03-26,0.7975289382581728,0.09827887042380719
2007-03-27,0.7965353525046561,0.09822662164008716
2007-03-28,0.7968774010324831,0.0985259554550713
2007-03-29,0.7977275766588318,0.09851704013234518
2007-03-30,0.7979979655422174,0.09859129604166864
2007-04-02,0.7989156047565559,0.09880763267785866
2007-04-03,0.7992564172095311,0.09875714699796777
2007-04-04,0.799270873718204,0.09875433724763417
2007-04-05,0.8001180346940577,0.09878929947777203
2007-04-09,0.8011331421519013,0.09881848180321763
2007-04-10,0.8017625278103675,0.09877818603166708
2007-04-11,0.8028838607864545,0.09895882970517524
2007-04-12,0.8039264853211625,0.09910768111850826
2007-04-13,0.8035362566726376,0.09913090726344687
2007-04-16,0.8044629511890156,0.09885616098606474
2007-04-17,0.8052881807406618,0.09877837753961774
2007-04-18,0.811410852408405,0.09858945905077574
2007-04-19,0.8144489066181081,0.09882746198284456
2007-04-20,0.8166959388970351,0.0988865424519939
2007-04-23,0.8177567667375979,0.09908373339110525
2007-04-24,0.8174660404297168,0.0991342596684376
2007-04-25,0.8179314911684104,0.09895172360182422
2007-04-26,0.8195926263156662,0.09908528909004441
2007-04-27,0.8187924463967127,0.09913337772102064
2007-04-30,0.816662378099866,0.09912633557702966
2007-05-01,0.8170303285414764,0.09921683656329844
2007-05-02,0.8173071749229,0.09915398121570959
2007-05-03,0.817268846730741,0.09908134048452619
2007-05-04,0.816997883196512,0.09907888512136717
2007-05-07,0.8167431297501054,0.09903949895760221
2007-05-08,0.8158112882020044,0.0990570919150998
2007-05-09,0.8178337375091117,0.09906725641719728
2007-05-10,0.8172035925588991,0.09933677550993437
2007-05-11,0.81638530209069,0.09932993032024352
2007-05-14,0.8156050605945767,0.09940497957930407
2007-05-15,0.8155757195631621,0.0993967045615563
2007-05-16,0.8183244358616238,0.09935451258275976
2007-05-17,0.81770857165082,0.09936104618490324
2007-05-18,0.8170208729308996,0.09933405800563734
2007-05-21,0.8170198936710622,0.09936461263190818
2007-05-22,0.8152793452575531,0.09930307138450259
2007-05-23,0.8142648944287852,0.09935742181767276
2007-05-24,0.813532243020998,0.09948726854487462
2007-05-25,0.8130369196744155,0.09950091416972427
2007-05-29,0.8135105012102013,0.09953010813410888
2007-05-30,0.8151902191137779,0.09967798486119664
2007-05-31,0.8152991194147641,0.09977753716677797
2007-06-01,0.8153677282183626,0.09980716380476616
2007-06-04,0.8140951527663394,0.09981488188403076
2007-06-05,0.8131461822964993,0.09990021537515074
2007-06-06,0.8117661839099758,0.10005042842337192
2007-06-07,0.8106200018877683,0.10027730565587405
2007-06-08,0.8108952297574563,0.10021218903727541
2007-06-11,0.8115667633893753,0.10028533156191656
2007-06-12,0.8095683264517316,0.10045125091072864
2007-06-13,0.8102263785145906,0.10026929213250417
2007-06-14,0.811218050652833,0.10033656713756434
2007-06-15,0.8123312941328401,0.10037899547669787
2007-06-18,0.8126776872830462,0.10046974985992288
2007-06-19,0.8123872002490841,0.10028220718688353
2007-06-20,0.8096429866990987,0.10043667986064243
2007-06-21,0.8101666570661842,0.10053631062878712
2007-06-22,0.8094896852785302,0.10084910039575731
2007-06-25,0.8083864036804547,0.10101115069738448
2007-06-26,0.8089372456330984,0.10110112789518418
2007-06-27,0.8104052178028532,0.10100729580871948
2007-06-28,0.8101155538927624,0.10103830662652757
2007-06-29,0.808910363462819,0.10113606938535064
2007-07-02,0.8098454193466101,0.10102990222910688
2007-07-03,0.8101513629138919,0.10093538521364447
2007-07-05,0.8088713335709546,0.10099264371172931
2007-07-06,0.8096306856715301,0.10110449026668207
2007-07-09,0.8101191462099155,0.10126922263037035
2007-07-10,0.8077420641901838,0.1014823528289808
2007-07-11,0.8085737068641136,0.10152293615204899
2007-07-12,0.8117002108836401,0.10113266248373404
2007-07-13,0.8144935969327708,0.10106108530929514
2007-07-16,0.8141620083983732,0.10101813669983423
2007-07-17,0.8138543887159783,0.10096274066093201
2007-07-18,0.8117537072039746,0.10111165014439247
2007-07-19,0.8104700804337243,0.10120983329786304
2007-07-20,0.8095712583880298,0.10153077365873892
2007-07-23,0.8083773545150847,0.10171495235764758
2007-07-24,0.8060651922687175,0.10206801166289847
2007-07-25,0.8015889686480318,0.10192973909217347
2007-07-26,0.7987187926079184,0.10214489304939968
2007-07-27,0.7976400780579593,0.102175331074235
2007-07-30,0.7985526228437989,0.10209351965112225
2007-07-31,0.7969265796713522,0.10219252583536657
2007-08-01,0.7972071488233627,0.1021673165590514
2007-08-02,0.7976956718657714,0.10212394851423964
2007-08-03,0.7968119026510332,0.10238145634051017
2007-08-06,0.7994061990035949,0.10200864317587842
2007-08-07,0.7994446159163551,0.10170916879346718
2007-08-08,0.8016415772937187,0.10118481982144625
2007-08-09,0.7987457817428602,0.10149165350442638
2007-08-10,0.7969855030580062,0.10153953306060573
2007-08-13,0.7951645275367368,0.1016088429892447
2007-08-14,0.7944439172306899,0.10184965159577
2007-08-15,0.7919024755594316,0.1018205125584293
2007-08-16,0.7988629095542076,0.10108074722990655
2007-08-17,0.8022906733711832,0.09994353543842042
2007-08-20,0.8020246584653147,0.09985807935124773
2007-08-21,0.8010033647673265,0.09987134411382875
2007-08-22,0.7988154632876373,0.09977594095758704
2007-08-23,0.7963050163723651,0.09970683054037152
2007-08-24,0.7965529203224874,0.09969558639328818
2007-08-27,0.7957691184806837,0.09998907169117154
2007-08-28,0.7947930132639426,0.10038830344812585
2007-08-29,0.7936521351811487,0.10026001481511726
2007-08-30,0.7936472295824497,0.10035852331025748
2007-08-31,0.7946143195876534,0.10024288784902116
2007-09-04,0.7971375854990345,0.10008419594096189
2007-09-05,0.796745360525613,0.10038466876235073
2007-09-06,0.7970821697441138,0.1005573921100138
2007-09-07,0.7967811479502628,0.10084878716763672
2007-09-10,0.7981938406854574,0.10098926566959082
2007-09-11,0.7999021469900652,0.10087680444130324
2007-09-12,0.8002595157992772,0.10088769831575943
2007-09-13,0.8038727809109816,0.10073591190214745
2007-09-14,0.804391217556961,0.10068226224315474
2007-09-17,0.8047447222206935,0.1008308461632504
2007-09-18,0.8121322360727762,0.10017494386321651
2007-09-19,0.8131566618447388,0.1000843148129681
2007-09-20,0.8120756111329447,0.10017147085521678
2007-09-21,0.8110025872309297,0.10006208686890954
2007-09-24,0.8098711603693218,0.10025284567558826
2007-09-25,0.8096265365263259,0.10044533945107255
2007-09-26,0.8091245563267129,0.10046632481847326
2007-09-27,0.8087290885791626,0.1004280055761751
2007-09-28,0.808140820909511,0.10054582570999851
2007-10-01,0.8107983879775641,0.10047514352123389
2007-10-02,0.8095424344854577,0.10004111722314016
2007-10-03,0.8078692203115546,0.09986993802866134
2007-10-04,0.8069508509426468,0.09967128658581588
2007-10-05,0.8071320608790251,0.09952820519591055
2007-10-08,0.8073863098305849,0.09959894278454759
2007-10-09,0.8075689453395386,0.09959685626855222
2007-10-10,0.8061123957806076,0.09970229431811611
2007-10-11,0.8043866325629879,0.09971669406018567
2007-10-12,0.8052479263684129,0.09984933081823981
2007-10-15,0.8052550516666083,0.10009264174239973
2007-10-16,0.8047517837867791,0.10048067547696495
2007-10-17,0.8085117447695663,0.1006931898816569
2007-10-18,0.8100075273337484,0.10107577492125883
2007-10-19,0.8104609876258867,0.10151265908967773
2007-10-22,0.8114312577677283,0.10164671762797857
2007-10-23,0.8137973633427722,0.10171138611103092
2007-10-24,0.8162802861665621,0.1018550880514105
2007-10-25,0.8174214767857451,0.10207485098745692
2007-10-26,0.8201743972399612,0.10174504523890002
2007-10-29,0.8184762233436319,0.1016965620061732
2007-10-30,0.8175376662438192,0.10170031201554065
2007-10-31,0.8180686120868621,0.10161284991578305
2007-11-01,0.8180619805640195,0.10210377288190137
2007-11-02,0.8165812677759532,0.10250636066539659
2007-11-05,0.8162937492746645,0.10286130539769994
2007-11-06,0.818495687591116,0.10254195497927697
2007-11-07,0.8185192203930655,0.10302186090113455
2007-11-08,0.8192924438894853,0.10321276411881374
2007-11-09,0.8164598053830512,0.103095140922937
2007-11-12,0.8159854087743109,0.1030829403937774
2007-11-13,0.8222626545132914,0.10176782117438074
2007-11-14,0.825512234962226,0.10172348942519241
2007-11-15,0.8254700023687582,0.10216545466712579
2007-11-16,0.8230009771783586,0.10227391943705617
2007-11-19,0.8221950350078274,0.1027247971619678
2007-11-20,0.8224532546240472,0.10295670068901205
2007-11-21,0.8213431361403851,0.10326291056409109
2007-11-23,0.8231976096541098,0.10292753574479943
2007-11-26,0.8223788122763879,0.10328901984947218
2007-11-27,0.8274905426914523,0.10296246969858762
2007-11-28,0.8302532399399889,0.10173185800002246
2007-11-29,0.8301713672404839,0.10156439969994434
2007-11-30,0.8348854499590928,0.10075502659229679
2007-12-03,0.8362077101570395,0.10084008058935935
2007-12-04,0.8353978490177938,0.10112967101585729
2007-12-05,0.8363233061930108,0.10105233093770476
2007-12-06,0.840176423557481,0.10072629939139142
2007-12-07,0.8421458585969537,0.10087782584302425
2007-12-10,0.8445266443208337,0.10037393934554621
2007-12-11,0.8449916501391699,0.10081793090012477
2007-12-12,0.8464116752721202,0.10127877104142248
2007-12-13,0.8472950579679434,0.10160510146405198
2007-12-14,0.8479663092129059,0.10199388959594374
2007-12-17,0.8476414226974476,0.1023081355080292
2007-12-18,0.8461181994306509,0.10251576620704164
2007-12-19,0.8455216642960341,0.10257342130357414
2007-12-20,0.8435828128179977,0.10268835042227685
2007-12-21,0.844321476756343,0.1025121841688467
2007-12-24,0.8464798124440783,0.10231082227329877
2007-12-26,0.8474484785380555,0.10226554423439164
2007-12-27,0.8462824380349075,0.10256975131178094
2007-12-28,0.8456899894532357,0.10282630680224601
2007-12-31,0.8463986643874656,0.10287410990671084
2008-01-02,0.8442763580741937,0.10316468234953009
2008-01-03,0.8432838918340536,0.10338718279586692
2008-01-04,0.841354692556931,0.10365078773931857
2008-01-07,0.8419633907827409,0.10374676533612616
2008-01-08,0.8417040271824262,0.10420855212655057
2008-01-09,0.8424092029972755,0.10431556072422184
2008-01-10,0.8458201727518827,0.10408379702427407
2008-01-11,0.8471015770531422,0.10436567798501283
2008-01-14,0.8471232489989576,0.10412914153551538
2008-01-15,0.8454823382718664,0.1045453309344795
2008-01-16,0.8518973607280624,0.10435054000290564
2008-01-17,0.852185071585003,0.10482381013590115
2008-01-18,0.8526455457441465,0.10528760725519637
2008-01-22,0.8536769753645495,0.10473000784550286
2008-01-23,0.8745680606535524,0.1017127233644169
2008-01-24,0.8770141779573414,0.10150060733129476
2008-01-25,0.8744755131414672,0.10164371340853567
2008-01-28,0.8746214957982605,0.10069445942293719
2008-01-29,0.8814106491807724,0.10004280113866762
2008-01-30,0.8814489723904843,0.09975532598089361
2008-01-31,0.8689251451220665,0.09854916114060583
2008-02-01,0.8657822207068702,0.09779815037926094
2008-02-04,0.8620677345160161,0.0980034156967408
2008-02-05,0.8608813811854741,0.09848193841969084
2008-02-06,0.8593715110289045,0.09872650409014924
2008-02-07,0.8609255331378916,0.09836723047819419
2008-02-08,0.8606754728592074,0.09870241280228988
2008-02-11,0.8590055854914806,0.09885574733318096
2008-02-12,0.8551039328951409,0.09862990943237665
2008-02-13,0.855566928986227,0.09835019674359059
2008-02-14,0.8542695728797579,0.09866711828929844
2008-02-15,0.8546181297577299,0.09862477288283877
2008-02-19,0.853135452232537,0.09864817017555233
2008-02-20,0.8528915476197646,0.09855194618647335
2008-02-21,0.8544917922695313,0.09881432621017147
2008-02-22,0.8574608444009012,0.09877367867844682
2008-02-25,0.8575737303297664,0.09863651708024058
2008-02-26,0.8571535949241024,0.09870765101787073
2008-02-27,0.8592729613632435,0.09868946307409689
2008-02-28,0.8584777855594401,0.09912386376709921
2008-02-29,0.858392287181172,0.09962617190400304
2008-03-03,0.8575092098425182,0.10004366520545765
2008-03-04,0.8563020455555944,0.10036375414499647
2008-03-05,0.8568723207909543,0.10082889569233094
2008-03-06,0.8565638063567629,0.10130151948997478
2008-03-07,0.8561438777486798,0.10145651851562121
2008-03-10,0.8562616926079515,0.10193422504388895
2008-03-11,0.858855005057438,0.10058614574141542
2008-03-12,0.860971139736238,0.10064782679472208
2008-03-13,0.8588491521152918,0.10063859412852769
2008-03-14,0.8583383382265141,0.10110570161837867
2008-03-17,0.8721487643729228,0.10123257640703476
2008-03-18,0.8796515501560334,0.09893094020367388
2008-03-19,0.8815475867597887,0.09865803980425598
2008-03-20,0.8856150624246504,0.09609163303787947
2008-03-24,0.8865580145219032,0.0951889703383071
2008-03-25,0.888934205748438,0.09552138797155024
2008-03-26,0.8881309056381879,0.09596456603418649
2008-03-27,0.8878771548698302,0.0964475669911257
2008-03-28,0.8885756061764272,0.09684328268560882
2008-03-31,0.8901810675559308,0.09708139205981342
2008-04-01,0.9005002760989735,0.095227044621583
2008-04-02,0.9014518005058723,0.09510640669550353
2008-04-03,0.9016022640245064,0.09506446676080989
2008-04-04,0.9022967233064434,0.09540300217470835
2008-04-07,0.9022061102766014,0.09551961203052815
2008-04-08,0.9030991178729344,0.09593047519062475
2008-04-09,0.9032720621252298,0.0962629709173712
2008-04-10,0.9027718968425116,0.0964988509245669
2008-04-11,0.9013975919540478,0.09686154562105054
2008-04-14,0.9015539488445639,0.09735981064393649
2008-04-15,0.903647757275012,0.09762066591848337
2008-04-16,0.9136235260302222,0.09691443859649403
2008-04-17,0.9144397587979892,0.09645751193265878
2008-04-18,0.9112975944525403,0.0956867255770965
2008-04-21,0.9123207821285926,0.09591709477353712
2008-04-22,0.9153111209778689,0.09623803969106562
2008-04-23,0.9154891366320476,0.09643735479503845
2008-04-24,0.9192269779536594,0.09600003382247639
2008-04-25,0.9219824226350362,0.09566809000629367
2008-04-28,0.9217047074703498,0.09565328789783924
2008-04-29,0.921790737824101,0.09580740962576
2008-04-30,0.9246223505534784,0.0960100497188377
2008-05-01,0.9244710296101043,0.0950250210976713
2008-05-02,0.9181263324407829,0.09457558434104582
2008-05-05,0.9177364021831458,0.09480260172473136
2008-05-06,0.9173990732735019,0.09481703515225971
2008-05-07,0.9162836119607711,0.09506028413955941
2008-05-08,0.9165199832544648,0.09552794767637741
2008-05-09,0.9189084820002853,0.09594603254523429
2008-05-12,0.9189633406769194,0.09577860691458567
2008-05-13,0.9174025709426492,0.09608051515832544
2008-05-14,0.9174548366458954,0.0961354696737917
2008-05-15,0.9218164630611311,0.09621904602162078
2008-05-16,0.9233273737119674,0.09648723560355826
2008-05-19,0.9224066525975969,0.09663822870587925
2008-05-20,0.9187102660708067,0.09697960308736198
2008-05-21,0.916908600857784,0.09738543781273598
2008-05-22,0.9176723902401696,0.09753487507356877
2008-05-23,0.9182428271962876,0.09791238578840893
2008-05-27,0.9202351781438253,0.09797636351476134
2008-05-28,0.9214767913065562,0.09816250225206131
2008-05-29,0.9214098299559501,0.0978357323898314
2008-05-30,0.9217839387432405,0.09804767608913526
2008-06-02,0.9208821275502947,0.09832953265614641
2008-06-03,0.9207115090816347,0.09857532675236245
2008-06-04,0.9215479758619544,0.09907020700122242
2008-06-05,0.9242833348952194,0.09934030141623254
2008-06-06,0.9242765424180591,0.09984229992131614
2008-06-09,0.9238337701749549,0.10033996302132155
2008-06-10,0.9246842982490125,0.10062715224359467
2008-06-11,0.9244177436232067,0.10106246689706312
2008-06-12,0.9251033025885941,0.10092396803109088
2008-06-13,0.9322526701139168,0.10066265049151864
2008-06-16,0.9330811052050222,0.10019648551456273
2008-06-17,0.9340447310798335,0.10060446631100266
2008-06-18,0.9349416340153859,0.10108186759264809
2008-06-19,0.9363403540381726,0.10143840917788517
2008-06-20,0.936594622864554,0.10192785376951084
2008-06-23,0.9353543831178477,0.1023798907992512
2008-06-24,0.9363476587624648,0.10230829059107223
2008-06-25,0.9376988127038716,0.10231972719169866
2008-06-26,0.935568351971904,0.10271314048597863
2008-06-27,0.934661870598688,0.10316557438111247
2008-06-30,0.9346565321242958,0.10364528506732312
2008-07-01,0.9339560807122353,0.10396520710336721
2008-07-02,0.9296456743185287,0.10439008042420983
2008-07-03,0.9329245898155893,0.10481479642675509
2008-07-07,0.93241489098443,0.10528205179302141
2008-07-08,0.9203115612449442,0.10294916078636628
2008-07-09,0.9205326092862657,0.1034231422009635
2008-07-10,0.9200250141130312,0.10349178023000402
2008-07-11,0.9193578107825792,0.10393512972786657
2008-07-14,0.9165503086752453,0.10406942975181184
2008-07-15,0.8978529718352699,0.10340633730237613
2008-07-16,0.8899506097011519,0.0959801006028138
2008-07-17,0.8778886323317834,0.08606331676422718
2008-07-18,0.8516279444337418,0.08289290018103852
2008-07-21,0.8198637491842864,0.08113692249827682
2008-07-22,0.7823289257337361,0.07702786939497255
2008-07-23,0.7741205684112297,0.07535862801804644
2008-07-24,0.7734924898402867,0.07594292466221328
2008-07-25,0.7757528591870197,0.07651350207211102
2008-07-28,0.775887027545239,0.07714720898142567
2008-07-29,0.7652880607046294,0.07470662359363378
2008-07-30,0.7584121627552523,0.07324792057015464
2008-07-31,0.7558258067317972,0.07321995078230892
2008-08-01,0.7535209420868494,0.07306264028250405
2008-08-04,0.7530952354562612,0.07331129039268053
2008-08-05,0.757437523454627,0.07302524204569717
2008-08-06,0.756998097108799,0.07302464251665897
2008-08-07,0.7573674458794813,0.0736068656709344
2008-08-08,0.7602235761862046,0.07361824241478285
2008-08-11,0.759978961731437,0.07312756773965365
2008-08-12,0.7566451277937799,0.07370898428223356
2008-08-13,0.756595593224719,0.07438406371322158
2008-08-14,0.7556291105844768,0.07427437806347377
2008-08-15,0.7539524149668401,0.07402041760206059
2008-08-18,0.7536446330290628,0.07448968666344867
2008-08-19,0.7535638441590653,0.07506769795421352
2008-08-20,0.755127726848328,0.07478587320154703
2008-08-21,0.753103604755888,0.0748511257518741
2008-08-22,0.7542193768560865,0.07427216113628705
2008-08-25,0.7531892802041715,0.07465120636782212
2008-08-26,0.7546090039873812,0.07480868751881356
2008-08-27,0.7548770936924286,0.0745891090235603
2008-08-28,0.7555388174642912,0.07349258083295863
2008-08-29,0.7550484182961495,0.07336457566259871
2008-09-02,0.7488061638598016,0.07258141314536665
2008-09-03,0.749506140635494,0.0722346909543148
2008-09-04,0.7501260302993668,0.07285120864417281
2008-09-05,0.7520057335745498,0.07246473393823297
2008-09-08,0.750340072687568,0.07099966292804916
2008-09-09,0.7499121276087563,0.07143936548103813
2008-09-10,0.749872527729595,0.07168418301604235
2008-09-11,0.7580191211774736,0.07153951093569881
2008-09-12,0.755086257201389,0.07123585206316504
2008-09-15,0.7393645431922444,0.07086889228658041
2008-09-16,0.7484348624193221,0.07055692164740399
2008-09-17,0.7458108435499919,0.07121589143819398
2008-09-18,0.7499782836061344,0.0696235549419417
2008-09-19,0.7532572920484477,0.0641546358861339
2008-09-22,0.7422296654722078,0.06437140553382455
2008-09-23,0.7407424818037004,0.06473240832746158
2008-09-24,0.7407210222403307,0.0649730389283499
2008-09-25,0.750043706333004,0.06460841302672433
2008-09-26,0.7692105215196737,0.0635493435655659
2008-09-29,0.7687177125639841,0.06425624566802407
2008-09-30,0.7748537473667098,0.06298161146922955
2008-10-01,0.7752838317886497,0.061265741567101656
2008-10-02,0.7820691305253179,0.06142458101201829
2008-10-03,0.7792563774084618,0.06197263561597081
2008-10-06,0.7793456436113207,0.06268057156521042
2008-10-07,0.7456800108012731,0.061708306526500986
2008-10-08,0.7373196422263822,0.062342043043661984
2008-10-09,0.7322521064466433,0.06294338017926379
2008-10-10,0.7495366060614758,0.06313939356845572
2008-10-13,0.743858597371493,0.06192669745037987
2008-10-14,0.6820522901056791,0.05864686507782731
2008-10-15,0.6776283777616865,0.0591065631037153
2008-10-16,0.6824845167584452,0.059153737266861094
2008-10-17,0.6837177453428195,0.05961787675866337
2008-10-20,0.684524838082143,0.05929020345019306
2008-10-21,0.6828606745007642,0.05942809646835259
2008-10-22,0.6794537647765013,0.060011850574732975
2008-10-23,0.6787419322074775,0.060162672750385504
2008-10-24,0.6782551104451038,0.06091113371908589
2008-10-27,0.6755785114917202,0.06151507718673965
2008-10-28,0.6796215469349733,0.060212974021439956
2008-10-29,0.67472611264629,0.060258012200916956
2008-10-30,0.6808426384090831,0.06007911242210797
2008-10-31,0.6976927046700526,0.059245375912100495
2008-11-03,0.7025983483320586,0.05931017846430988
2008-11-04,0.7067049671176142,0.05891285916176757
2008-11-05,0.7075409276212254,0.05971263037028252
2008-11-06,0.7084142412994485,0.0605326889308044
2008-11-07,0.7066313305355373,0.06088260147741129
2008-11-10,0.7061406025242769,0.061496443706587044
2008-11-11,0.7084559886563273,0.062137136469627714
2008-11-12,0.7084804803682975,0.06293672775217818
2008-11-13,0.7182329174321808,0.06343546124817924
2008-11-14,0.7168313707362942,0.06404556824840968
2008-11-17,0.7168236216476875,0.0648216149068373
2008-11-18,0.7136951713557594,0.06528193526065953
2008-11-19,0.7162923775377835,0.0658211720290257
2008-11-20,0.738351338658335,0.06570832020425736
2008-11-21,0.7344749814110137,0.06643025069702282
2008-11-24,0.7235906789840413,0.061620469444812524
2008-11-25,0.7436470677140357,0.06004345906212918
2008-11-26,0.7502817434511283,0.058873222979114036
2008-11-28,0.7512703901158833,0.057700619467503454
2008-12-01,0.7526659259657289,0.05838076433984524
2008-12-02,0.7521818190030154,0.058160034661431645
2008-12-03,0.7583818762579383,0.05750200679826148
2008-12-04,0.7699544149535691,0.05786086413113709
2008-12-05,0.7842269384185503,0.057310183842451276
2008-12-08,0.7798749637189736,0.05440354789419598
2008-12-09,0.772162451697411,0.05428710545329258
2008-12-10,0.7692874499768986,0.05446446938762188
2008-12-11,0.7677723935506475,0.055328322181426644
2008-12-12,0.7701701123919087,0.05585213552074462
2008-12-15,0.7677447293225118,0.05656587147104693
2008-12-16,0.7817788797771263,0.05623620601644436
2008-12-17,0.7876080184342744,0.056526027280919225
2008-12-18,0.787326136638721,0.05711164342030515
2008-12-19,0.7890476172258079,0.05755508466450433
2008-12-22,0.7896246239447888,0.05800109949086381
2008-12-23,0.7917054330089222,0.0587177546193224
2008-12-24,0.7890829455863657,0.05848634143674544
2008-12-26,0.7897547755574669,0.05861200070042675
2008-12-29,0.7935389631494416,0.05905008100519521
2008-12-30,0.8005413749697297,0.05905828734125838
2008-12-31,0.7954149174301268,0.05825147058342576
2009-01-02,0.7884240077374489,0.05777547567442755
2009-01-05,0.777045695848213,0.05794849690250433
2009-01-06,0.772329110958186,0.05783529404214872
2009-01-07,0.7665714678151522,0.05827071543806048
2009-01-08,0.7605232397965764,0.058649794673680644
2009-01-09,0.7568019004300541,0.05924193535031327
2009-01-12,0.7550458650166334,0.06004576122881515
2009-01-13,0.7511669079035846,0.06085611470157919
2009-01-14,0.7524048624400851,0.061667321930764234
2009-01-15,0.7213536220731691,0.06136148649405777
2009-01-16,0.6936354043363067,0.060761747061393125
2009-01-20,0.6659288841819325,0.05499478234985975
2009-01-21,0.6805956451871632,0.05497657420216368
2009-01-22,0.6739460078374317,0.055849749043074486
2009-01-23,0.6849924776790656,0.056364908329567746
2009-01-26,0.6984667972731402,0.056736723689435005
2009-01-27,0.700890985550984,0.05589458176211945
2009-01-28,0.7064454237213967,0.05317174692262663
2009-01-29,0.703071789227571,0.05341148495547314
2009-01-30,0.7054264878655626,0.05391894152247317
2009-02-02,0.7073802857927132,0.054820980861499204
2009-02-03,0.7002648693355012,0.05556910890656688
2009-02-04,0.6790783828400376,0.055974415294063766
2009-02-05,0.6817820895223506,0.056835381827136336
2009-02-06,0.6794560512234433,0.05349735214212939
2009-02-09,0.6347103174825138,0.04988524281563458
2009-02-10,0.6340546999250317,0.05081748189377744
2009-02-11,0.6331493022818585,0.0506995856874861
2009-02-12,0.6372325440572617,0.05110687223729558
2009-02-13,0.6357472767875316,0.051850238993848476
2009-02-17,0.6382245786191296,0.05277381484179136
2009-02-18,0.6378936739310891,0.05366893693441913
2009-02-19,0.6267013302999016,0.05394463194814637
2009-02-20,0.624665338094607,0.054698276248796925
2009-02-23,0.6226752670637462,0.05552659338379742
2009-02-24,0.5964944260662208,0.05323133147944696
2009-02-25,0.5741239454873087,0.05066607025286776
2009-02-26,0.5794742397862548,0.0492039103613138
2009-02-27,0.5570690746435557,0.04991474113506918
2009-03-02,0.5482846145746304,0.05063445344390641
2009-03-03,0.5484729034854997,0.051611950345680384
2009-03-04,0.5455335069086346,0.05253115808460682
2009-03-05,0.5586249976876436,0.05328459501049722
2009-03-06,0.5606035307219667,0.0542098919370387
2009-03-09,0.4992276280964285,0.05300102004773115
2009-03-10,0.4903612245079301,0.04709198732143346
2009-03-11,0.500218301238182,0.04456891314182441
2009-03-12,0.5251465524539792,0.04084851380909372
2009-03-13,0.5435172112098168,0.03977761695014977
2009-03-16,0.532495990337313,0.03866479967363792
2009-03-17,0.5482741182287437,0.03818777866701914
2009-03-18,0.5467770328678527,0.035890098537073034
2009-03-19,0.5404309415540709,0.03604980925787749
2009-03-20,0.5366083805121531,0.03698049534952074
2009-03-23,0.5615379210216832,0.035604584400674655
2009-03-24,0.5600786982806543,0.0358400660867033
2009-03-25,0.5695151121088258,0.035586843832484144
2009-03-26,0.5794471472151069,0.03574709781713568
2009-03-27,0.5761262549742121,0.0361976822351431
2009-03-30,0.5764800299719669,0.03747956726390402
2009-03-31,0.5764362828095664,0.037640438325126105
2009-04-01,0.5850901713681835,0.03760288341068268
2009-04-02,0.5861268996965472,0.037514137715119314
2009-04-03,0.5893023681439465,0.037199734680550677
2009-04-06,0.5846555005230325,0.03733598507595412
2009-04-07,0.577621962852132,0.03766477970975843
2009-04-08,0.5797048802074635,0.03825715361753621
2009-04-09,0.5827555445431659,0.03555222856775972
2009-04-13,0.565830043824777,0.03327095936561022
2009-04-14,0.5517946592180287,0.03328961600693478
2009-04-15,0.553874865411131,0.03318470608572323
2009-04-16,0.5600898450128545,0.03334215307406657
2009-04-17,0.5602610994286787,0.03337228905537169
2009-04-20,0.5624780733704503,0.03476158481186599
2009-04-21,0.5737400825391749,0.03524868763201273
2009-04-22,0.580596506700636,0.035981664557331046
2009-04-23,0.585848037869532,0.03601534446687047
2009-04-24,0.5854985176787076,0.035927608687203585
2009-04-27,0.5840566772556128,0.036173852833747994
2009-04-28,0.5911017820482034,0.036986830279260786
2009-04-29,0.5990994973875436,0.03708089951628787
2009-04-30,0.5896033224497175,0.03703406146960925
2009-05-01,0.5856202316508351,0.03734334547374765
2009-05-04,0.580621288566252,0.03599524406167773
2009-05-05,0.5647529422645132,0.03522932604389743
2009-05-06,0.5500886954113844,0.033628079790488534
2009-05-07,0.5212211707158664,0.03266932258168869
2009-05-08,0.5281180524647641,0.03208117166566894
2009-05-11,0.524042379422294,0.03255048774009329
2009-05-12,0.5248277587932927,0.03317917479274099
2009-05-13,0.5274734985524466,0.03414013800705407
2009-05-14,0.5343139401732055,0.03456655638216277
2009-05-15,0.539132135891117,0.03523337648296964
2009-05-18,0.5455723971199673,0.03498301633959937
2009-05-19,0.5447564854666178,0.03529958235936561
2009-05-20,0.5346954421648348,0.035408674174608246
2009-05-21,0.5330620360057046,0.03562590336783768
2009-05-22,0.5327298404556167,0.03604150829609071
2009-05-26,0.5444254218303373,0.03640017116416108
2009-05-27,0.540641285571272,0.03672340764732897
2009-05-28,0.546471954734942,0.03671999549018878
2009-05-29,0.5506388046845742,0.03685751218790006
2009-06-01,0.5488288023508627,0.037072602886953514
2009-06-02,0.5365566195245897,0.03714927786990481
2009-06-03,0.5303646217512308,0.037425900531012544
2009-06-04,0.529096861619678,0.03721013204091441
2009-06-05,0.5239153458031364,0.03724434873233044
2009-06-08,0.5247986843262066,0.03724244450867883
2009-06-09,0.5244127309085759,0.0373533282173937
2009-06-10,0.5225747704479026,0.03755802093230092
2009-06-11,0.5123150162973814,0.03710885237187572
2009-06-12,0.5021536716074522,0.036572357143798244
2009-06-15,0.4949750174035714,0.03669312482668711
2009-06-16,0.49369133178513464,0.03716193948584665
2009-06-17,0.4920961699734432,0.03769556913677092
2009-06-18,0.49529665618416785,0.037685859352467356
2009-06-19,0.4992715553136699,0.037599744511565426
2009-06-22,0.4987321521729838,0.03833835757939855
2009-06-23,0.5000907432045701,0.03861875989105683
2009-06-24,0.4991406271985412,0.03877410435710509
2009-06-25,0.5026579348134315,0.038945632598656604
2009-06-26,0.5028796607515773,0.038868627345836744
2009-06-29,0.500120328731797,0.03865998227704254
2009-06-30,0.4959826386360282,0.038674282379809924
2009-07-01,0.49347921815023954,0.0388699803278035
2009-07-02,0.4873519742026113,0.03928146850395147
2009-07-06,0.4895570995272397,0.03983283746623281
2009-07-07,0.49182262401486165,0.04018258047000894
2009-07-08,0.49441283462445385,0.04062411123076872
2009-07-09,0.49994081513750876,0.04083816372692181
2009-07-10,0.49576757882032707,0.04109145074638855
2009-07-13,0.4999466096257225,0.04048547813457495
2009-07-14,0.5020647577325811,0.0404087410972258
2009-07-15,0.5086776232044,0.0401404558928568
2009-07-16,0.5122831231904894,0.04028608383679239
2009-07-17,0.5194356363086023,0.04060579299226921
2009-07-20,0.5265079613695736,0.041201129751451585
2009-07-21,0.5303090275570458,0.04159966620846873
2009-07-22,0.5312327565289802,0.04184650792202588
2009-07-23,0.53512868747907,0.041734656444507245
2009-07-24,0.5369657780552739,0.041906873629479716
2009-07-27,0.5336398275198111,0.04167595057000041
2009-07-28,0.5296948915490478,0.0415108454983127
2009-07-29,0.5247776859024148,0.041423687053727606
2009-07-30,0.5228136361419661,0.041192291952266584
2009-07-31,0.5157486655391841,0.04066886035304906
2009-08-03,0.5143742866528711,0.04024884158225603
2009-08-04,0.5148599963529147,0.040004148992898086
2009-08-05,0.5164732720728901,0.039442460701332796
2009-08-06,0.5115057667611459,0.03931092920975128
2009-08-07,0.5186445162209968,0.03947891242606219
2009-08-10,0.5216524036630773,0.039513426580988956
2009-08-11,0.5213640740745649,0.03997740492597445
2009-08-12,0.5249969545358039,0.04022361042624124
2009-08-13,0.5227853698752565,0.0398710995829842
2009-08-14,0.5170546246097281,0.0396411187354777
2009-08-17,0.5125312107730525,0.04000610928648016
2009-08-18,0.5129499822431931,0.04008625280811491
2009-08-19,0.512667149711027,0.04027380510057895
2009-08-20,0.5150328399059281,0.04025306396385595
2009-08-21,0.5199844057785648,0.04018293864180156
2009-08-24,0.5195848013269023,0.04029229719280816
2009-08-25,0.5196827798346193,0.040238226712938786
2009-08-26,0.5182311222387725,0.040285646318747405
2009-08-27,0.5175790559006737,0.040330825489035445
2009-08-28,0.514619407784082,0.04040772387014406
2009-08-31,0.5177412777612529,0.04068407785727495
2009-09-01,0.5176507215474432,0.041319709065244174
2009-09-02,0.5154151440878999,0.04175763540253105
2009-09-03,0.51676692800244,0.041749815870098614
2009-09-04,0.5168780297502434,0.041709238520693616
2009-09-08,0.518233506905846,0.04181105852586153
2009-09-09,0.520095093021816,0.041924340102069926
2009-09-10,0.5205377143810755,0.04196629841591652
2009-09-11,0.5198766235427495,0.042181046704040374
2009-09-14,0.5249180470617288,0.042338443286778986
2009-09-15,0.5256904723732868,0.04257632793145985
2009-09-16,0.5299409523245705,0.042526666851440534
2009-09-17,0.5308319907138127,0.04241196294374915
2009-09-18,0.5310254001856016,0.042442349251210786
2009-09-21,0.5315506559365429,0.04270527044118432
2009-09-22,0.5380024652159174,0.04272034544448838
2009-09-23,0.53528585426346,0.04285883674893274
2009-09-24,0.534448857243289,0.043224541305389774
2009-09-25,0.5334279255997967,0.04362347483592875
2009-09-28,0.5342561336670364,0.04355788621788479
2009-09-29,0.535231952052438,0.0436432596977693
2009-09-30,0.5326577986567386,0.043870880348284
2009-10-01,0.5264507482594201,0.0443613477016354
2009-10-02,0.5247968329280382,0.04458492820906458
2009-10-05,0.5295503786244462,0.044421257174437026
2009-10-06,0.536115083410211,0.04441778872459075
2009-10-07,0.5402762808930504,0.04431254256921131
2009-10-08,0.5402325200721085,0.04436136662596144
2009-10-09,0.5415730500659776,0.044372023112877294
2009-10-12,0.5397398686127579,0.04418328337208333
2009-10-13,0.5386089987867678,0.04429651565188931
2009-10-14,0.5401414005091815,0.044029250591953076
2009-10-15,0.5432333147384311,0.04423286593281064
2009-10-16,0.5445908150784696,0.04474288570314526
2009-10-19,0.5454388627549364,0.04507734260057564
2009-10-20,0.5468235283086753,0.045360044233198206
2009-10-21,0.5450936292641475,0.045783275045339064
2009-10-22,0.5484168212276569,0.04603118005853698
2009-10-23,0.5496184527435583,0.04635790042900184
2009-10-26,0.5495998058283307,0.0469554988417214
2009-10-27,0.5495838240509833,0.047269472122970384
2009-10-28,0.5476585982925003,0.04771061894947134
2009-10-29,0.5493214928414164,0.047533378460290376
2009-10-30,0.5473349015059958,0.048152255398768176
2009-11-02,0.5491919212523703,0.04848011953866092
2009-11-03,0.549361642739867,0.0485869088149175
2009-11-04,0.548010289955956,0.048772388013865804
2009-11-05,0.552280344127358,0.04863781263350776
2009-11-06,0.5527204427902572,0.048714561165692144
2009-11-09,0.5515081119517566,0.0483297954258059
2009-11-10,0.5481023024489071,0.04809085586748373
2009-11-11,0.5443937943889824,0.047820271741645645
2009-11-12,0.5411731522128467,0.04800628390273976
2009-11-13,0.5386213111200797,0.04819929396241531
2009-11-16,0.5388416394626545,0.048412588780815245
2009-11-17,0.5400656461832277,0.04862959888634357
2009-11-18,0.5374981509750432,0.04843488105356805
2009-11-19,0.5346783905180572,0.04859297231681908
2009-11-20,0.5330240847925223,0.04872331201670123
2009-11-23,0.5348489559766166,0.04873147539787469
2009-11-24,0.5332509945233246,0.04891579279361326
2009-11-25,0.5321415459344322,0.04914671266901623
2009-11-27,0.5311740043059132,0.049571238919437884
2009-11-30,0.5336215698712174,0.049597106322561146
2009-12-01,0.533025695467323,0.0496500435415283
2009-12-02,0.5330763130509474,0.04989031131255856
2009-12-03,0.5299342761593616,0.04999514451628321
2009-12-04,0.5264421169074524,0.04977373311246339
2009-12-07,0.5254358917330579,0.049993280294307635
2009-12-08,0.5274410248669783,0.050417891875042066
2009-12-09,0.5284158153821636,0.05068273726962894
2009-12-10,0.5302066278548238,0.05097015717953081
2009-12-11,0.5264766255909648,0.05088775228034436
2009-12-14,0.5289350243351569,0.05092769110564085
2009-12-15,0.5286347117636832,0.05127625984314874
2009-12-16,0.5301910347231023,0.05143998712049167
2009-12-17,0.5288344049326951,0.05182788031986518
2009-12-18,0.5301981387222819,0.05195712411599654
2009-12-21,0.5338110257784678,0.05190988388695414
2009-12-22,0.5350811345221713,0.051926930778775186
2009-12-23,0.5347973984808772,0.05209528540241242
2009-12-24,0.5358078649172017,0.05219665225162671
2009-12-28,0.5351608980785882,0.05228037052266229
2009-12-29,0.5349710114183455,0.05249205522331977
2009-12-30,0.5354076210689237,0.05268272594774124
2009-12-31,0.5362975270006033,0.05283798808923713
2010-01-04,0.538156999824256,0.05251202678842975
2010-01-05,0.5394030047110207,0.05207722273275945
2010-01-06,0.539692255893074,0.051854756388816974
2010-01-07,0.5403363242376766,0.05146985776599206
2010-01-08,0.5410423692725238,0.05149091966727485
2010-01-11,0.5396701708759586,0.051475245575449406
2010-01-12,0.538411968439568,0.05185065930394611
2010-01-13,0.5394880027031457,0.05192299843138171
2010-01-14,0.5406800524579044,0.05189688890044063
2010-01-15,0.5403142133043426,0.052267098008928065
2010-01-19,0.538121027158007,0.05245504902834434
2010-01-20,0.5365649057987071,0.052492652855621234
2010-01-21,0.5320722704463464,0.05310687271999047
2010-01-22,0.5285270616455465,0.05373583806811306
2010-01-25,0.5261540908339728,0.05404693316577988
2010-01-26,0.5231407306767184,0.0543784111087531
2010-01-27,0.5232277112778093,0.05428755013559947
2010-01-28,0.5227763870283555,0.05418814538090058
2010-01-29,0.5212543809051127,0.054347561406520674
2010-02-01,0.5224897382648058,0.0543105587111805
2010-02-02,0.5265967687870402,0.054234723694065116
2010-02-03,0.5273603797057381,0.054319513979793
2010-02-04,0.5246927079283464,0.054873139199582914
2010-02-05,0.5211948788189853,0.055029030234746555
2010-02-08,0.5204198460319275,0.055486334318195565
2010-02-09,0.5231989025641673,0.05576160256929727
2010-02-10,0.525657994022689,0.05580031902155783
2010-02-11,0.5276689493823683,0.055913889238395346
2010-02-12,0.529267614144601,0.05615306695033781
2010-02-16,0.5309624499406773,0.05573925473450981
2010-02-17,0.5271045351664743,0.05523016807751148
2010-02-18,0.5260959771844532,0.054936403104756136
2010-02-19,0.5237497756803488,0.05489106609698816
2010-02-22,0.5248265056746734,0.05470070136759086
2010-02-23,0.5224133793569441,0.05487263319330218
2010-02-24,0.5236983202345507,0.05473872160086829
2010-02-25,0.521599707210033,0.054601004613264385
2010-02-26,0.5267631173034107,0.05453756137142505
2010-03-01,0.5278002265777368,0.05454573901904285
2010-03-02,0.5286720634682759,0.054764332322760734
2010-03-03,0.5291806929761741,0.054973111250037864
2010-03-04,0.5309661577629747,0.05510279836710784
2010-03-05,0.5341952297570244,0.055019669616113265
2010-03-08,0.5341694294364393,0.05502688024100939
2010-03-09,0.5329672808777495,0.05505361391826995
2010-03-10,0.5329329813539677,0.05492294647278818
2010-03-11,0.5340106896166211,0.054930862559372885
2010-03-12,0.5357552892725915,0.05515679459335716
2010-03-15,0.5361437793530912,0.05531106419325147
2010-03-16,0.53597628268235,0.05532219101802543
2010-03-17,0.5369851871804456,0.05523256940878842
2010-03-18,0.5378090407858087,0.05537820929078507
2010-03-19,0.5387818429185185,0.05565127378343633
2010-03-22,0.5396359848363446,0.055739257514804304
2010-03-23,0.5427601317698227,0.05572745073183093
2010-03-24,0.5428667042729141,0.055487338716102196
2010-03-25,0.5417788711134008,0.055348672446585555
2010-03-26,0.540730839751828,0.055257410424971114
2010-03-29,0.538712640596256,0.05519774573387606
2010-03-30,0.5383880021299698,0.05539769062354242
2010-03-31,0.5384669104561731,0.05548688655331454
2010-04-01,0.5392878219394243,0.055466687010879104
2010-04-05,0.5397797601953803,0.05546642582991596
2010-04-06,0.5400715660216402,0.05530398497024584
2010-04-07,0.5370217304158477,0.05522588359391547
2010-04-08,0.5376031676701065,0.05524042101585752
2010-04-09,0.5390537743689446,0.05534022353731353
2010-04-12,0.5399242079237114,0.05539921083296761
2010-04-13,0.539106000078214,0.055476512413621545
2010-04-14,0.5431445449981264,0.055117282274288505
2010-04-15,0.5444560560674673,0.05500396838538307
2010-04-16,0.542484048096039,0.05552938021034834
2010-04-19,0.5410195071104785,0.05582435864601354
2010-04-20,0.5411405274020342,0.05587875674139702
2010-04-21,0.5408592941269345,0.05613898356862962
2010-04-22,0.5365451867943404,0.05615336080049653
2010-04-23,0.5362926512654114,0.056273373767773416
2010-04-26,0.5342569645891718,0.056590325662514575
2010-04-27,0.531292602535734,0.05707015537678848
2010-04-28,0.5324923752448016,0.05715518807180763
2010-04-29,0.532386646221631,0.0569071502943258
2010-04-30,0.5291186089130656,0.05715229184144124
2010-05-03,0.5306094726848495,0.057170562178335944
2010-05-04,0.5295675960054689,0.057517606993284114
2010-05-05,0.5301214818580058,0.05773831538313301
2010-05-06,0.5297696517018375,0.058458150153364564
2010-05-07,0.5297906782497958,0.05891886491049463
2010-05-10,0.528093617013169,0.058338010053732174
2010-05-11,0.5264703808827401,0.05829326079049054
2010-05-12,0.5270199623559839,0.058394433767928355
2010-05-13,0.5246084116371741,0.05861893757187542
2010-05-14,0.5229854701631136,0.05907209199095541
2010-05-17,0.5218943026513007,0.059321947163017065
2010-05-18,0.520353874868118,0.05972692470005955
2010-05-19,0.5189696865516817,0.059709779963504205
2010-05-20,0.517986469279098,0.060336768899682286
2010-05-21,0.5245758004142719,0.06019537548850008
2010-05-24,0.5239540887497506,0.0605979849214582
2010-05-25,0.5245702506180688,0.06076918495882809
2010-05-26,0.5241920100806137,0.06091410229468183
2010-05-27,0.5285244252099992,0.060426159115186284
2010-05-28,0.5286167690507478,0.06063718268416969
2010-06-01,0.5260878067886742,0.060981850914919325
2010-06-02,0.5269784393218665,0.060841560903938156
2010-06-03,0.5255808484893,0.06090718400589684
2010-06-04,0.5217581633279722,0.061300359681601586
2010-06-07,0.5197049644116358,0.06183968896463602
2010-06-08,0.5205698958880772,0.06176560855137062
2010-06-09,0.5197443344450954,0.06203681104388006
2010-06-10,0.5228341899690516,0.06183605428589919
2010-06-11,0.5218965852985933,0.06170068034609102
2010-06-14,0.5190358713682515,0.06185344982236333
2010-06-15,0.520142697457795,0.06165155456948532
2010-06-16,0.5215556104919706,0.061577259552543444
2010-06-17,0.5220335079083217,0.061644035583044404
2010-06-18,0.5258650706300337,0.061728869664040974
2010-06-21,0.526126902367584,0.061843935691316076
2010-06-22,0.5250406463186214,0.06209750967079311
2010-06-23,0.5278760116258356,0.06236703524184739
2010-06-24,0.5277394680122154,0.06280830963340325
2010-06-25,0.5323948063940122,0.06274794175985225
2010-06-28,0.5310173469115944,0.06292423887846903
2010-06-29,0.5289443305081512,0.063480627985809
2010-06-30,0.5271365895326289,0.06392221022077531
2010-07-01,0.5263099730693229,0.06442085253146926
2010-07-02,0.5258823770496628,0.06483883026991097
2010-07-06,0.5267322528067405,0.06489831263131719
2010-07-07,0.5340552088862248,0.06429725012890788
2010-07-08,0.5355212196080972,0.06398109826129075
2010-07-09,0.5382909283327442,0.06367544796255006
2010-07-12,0.5405116687395507,0.06352710314270298
2010-07-13,0.545686254689399,0.06309632959255657
2010-07-14,0.5468145360000786,0.06299454746648407
2010-07-15,0.5493541729387484,0.06322545163740023
2010-07-16,0.549789043542735,0.06400438249347935
2010-07-19,0.551575073710254,0.06469106744757451
2010-07-20,0.5547072261647892,0.06499423209376715
2010-07-21,0.5539714891437614,0.0654859336633988
2010-07-22,0.5558162367123879,0.06550972853234621
2010-07-23,0.5584703542752489,0.06549965641683046
2010-07-26,0.5588678166547322,0.06512101060742398
2010-07-27,0.5606180352255753,0.06499218497493535
2010-07-28,0.5610206487393867,0.06517871147708394
2010-07-29,0.5603806130153822,0.06528296893422524
2010-07-30,0.5603717571593793,0.06537604378647358
2010-08-02,0.5645790961954128,0.06506830306115843
2010-08-03,0.5641404015661886,0.06510489304994022
2010-08-04,0.5659075467421865,0.06530265361011689
2010-08-05,0.5676669246944204,0.06558489745024663
2010-08-06,0.565352397204067,0.06581371189377826
2010-08-09,0.5619492066365369,0.06601243648364988
2010-08-10,0.5599801650763309,0.06638160313205412
2010-08-11,0.5573478197433215,0.06691810756609606
2010-08-12,0.5568398460871753,0.06733485130571683
2010-08-13,0.553493166001257,0.06742547315851795
2010-08-16,0.5533599225008394,0.0675615826412903
2010-08-17,0.5520434061643048,0.06765763218425724
2010-08-18,0.552747233576397,0.06764116175355916
2010-08-19,0.5515392708369373,0.06796994584030593
2010-08-20,0.5522864966887611,0.06830504464303963
2010-08-23,0.5514179128447841,0.06851420283397386
2010-08-24,0.5498487332705035,0.06887203067230602
2010-08-25,0.5489708531718706,0.06907401117239774
2010-08-26,0.5473435412265788,0.0694017729016309
2010-08-27,0.5503833988330321,0.06942619106373855
2010-08-30,0.5503670159018961,0.06980374019296541
2010-08-31,0.5518296051993042,0.06987967065291023
2010-09-01,0.5545763482054209,0.0689429169117986
2010-09-02,0.5575978719690706,0.06856810612541629
2010-09-03,0.5631718532025075,0.0682154532564707
2010-09-07,0.5629623834739315,0.06842774756542465
2010-09-08,0.5659874486878013,0.06841298703408429
2010-09-09,0.5715895598139543,0.06832556314330229
2010-09-10,0.5716549760322427,0.06829350330886179
2010-09-13,0.5760768715424376,0.06788192436115444
2010-09-14,0.5776856893751766,0.0680495847345966
2010-09-15,0.5794082828591949,0.06814980505541253
2010-09-16,0.5812443397060142,0.06839200481206323
2010-09-17,0.5793663188824195,0.06868733812049456
2010-09-20,0.5812391797692542,0.06851948331811225
2010-09-21,0.5798110767934996,0.06860181731057027
2010-09-22,0.578301329645471,0.06889952287549861
2010-09-23,0.5762675725483265,0.06929475427100328
2010-09-24,0.5743058847087071,0.06908088862559104
2010-09-27,0.5734893231009605,0.06939324183442154
2010-09-28,0.5722094902397634,0.06955942616979605
2010-09-29,0.5705792842656624,0.0698371431414707
2010-09-30,0.5681213426343009,0.07001623725017006
2010-10-01,0.5693085171546134,0.06994381114204502
2010-10-04,0.5715544964152849,0.07012398107729909
2010-10-05,0.5729237760955525,0.06978373118190799
2010-10-06,0.5760323074253408,0.06989154756292845
2010-10-07,0.5761792981075131,0.07006829414540904
2010-10-08,0.5763092867995976,0.07032367209896788
2010-10-11,0.5784684111832045,0.07051915273861528
2010-10-12,0.5799425048030504,0.0702381471661917
2010-10-13,0.579679012096436,0.0704213288530648
2010-10-14,0.5798024819098625,0.07104617723109591
2010-10-15,0.5795026985342496,0.07173562052756816
2010-10-18,0.5805824423485313,0.07188040707824674
2010-10-19,0.5819053291135783,0.07245253964602869
2010-10-20,0.5846585592626877,0.07285148296653392
2010-10-21,0.5862625410196882,0.0734174681000145
2010-10-22,0.5869245264875369,0.07368901293021039
2010-10-25,0.5868651563194606,0.07414855334650415
2010-10-26,0.5860848689545484,0.07426752171978752
2010-10-27,0.5848370342463736,0.07403424799320621
2010-10-28,0.5842953458228118,0.07401050212320165
2010-10-29,0.5853272932846748,0.07414349166999745
2010-11-01,0.5843314442234945,0.07421139114275961
2010-11-02,0.5825738923556039,0.07441042187641352
2010-11-03,0.5847262882747086,0.07441017994238742
2010-11-04,0.5938739758416068,0.07345745585744484
2010-11-05,0.6025408071389285,0.07278406220696182
2010-11-08,0.5999304894905172,0.07222158154171805
2010-11-09,0.5993524135172448,0.07244891459413788
2010-11-10,0.5997966071838224,0.07223318296081062
2010-11-11,0.5990297965302767,0.07243149644376719
2010-11-12,0.5990339072101557,0.07281759990813925
2010-11-15,0.6011747588349707,0.073075268432136
2010-11-16,0.6014604601192409,0.07341021708696852
2010-11-17,0.6021401560639008,0.07390688048426962
2010-11-18,0.6040224702937697,0.07412542313417418
2010-11-19,0.6041378652857328,0.0743265849413649
2010-11-22,0.6037027994449898,0.07482026268036505
2010-11-23,0.6022327572569052,0.07531369242014344
2010-11-24,0.6017498219627849,0.07539058021406875
2010-11-26,0.6001668512473938,0.07567738535552705
2010-11-29,0.5993257612947388,0.07560645153649417
2010-11-30,0.5998104708599512,0.076036156284341
2010-12-01,0.6006497134955487,0.07583887240788294
2010-12-02,0.604018756585844,0.07514775000392003
2010-12-03,0.6049745593188544,0.07464434559859656
2010-12-06,0.6087797409896606,0.07479389517960762
2010-12-07,0.6081173793760007,0.07499983920200856
2010-12-08,0.6085085254343974,0.0745108904450475
2010-12-09,0.6021809442954924,0.07323404807767937
2010-12-10,0.6022652038263134,0.07260133728231659
2010-12-13,0.6049948937191114,0.07273139309728001
2010-12-14,0.6042785796818646,0.07299102913328298
2010-12-15,0.6025094558073623,0.07327266587488773
2010-12-16,0.5976905366328424,0.07316814286418707
2010-12-17,0.5933935227745084,0.07312957340827451
2010-12-20,0.5925332792711024,0.0731095053523193
2010-12-21,0.5945341578691143,0.0726754958705757
2010-12-22,0.5983776434739726,0.07199649520711347
2010-12-23,0.6017018119785088,0.072161982146988
2010-12-27,0.6044300712088972,0.07204667636478927
2010-12-28,0.6045993224961093,0.0719751194918832
2010-12-29,0.6036315146889033,0.07201995577903778
2010-12-30,0.6029389347287323,0.07212513709773026
2010-12-31,0.6029437634826867,0.07215650351921982
2011-01-03,0.5997624120874745,0.07107481572927642
2011-01-04,0.6015916605566749,0.0706896482519075
2011-01-05,0.6026844228108904,0.07029161528852271
2011-01-06,0.6025407390702852,0.07025644176418525
2011-01-07,0.6005888192983342,0.0704700950765976
2011-01-10,0.5971604736854575,0.07047092763599162
2011-01-11,0.5937540589629655,0.07021984237805082
2011-01-12,0.5955257682357954,0.06984669818055285
2011-01-13,0.5966251808794998,0.06996680099493931
2011-01-14,0.595055060681156,0.0695773440961716
2011-01-18,0.5956441050678587,0.0697042519284484
2011-01-19,0.5959902775568936,0.07024677110634397
2011-01-20,0.5992229725630649,0.07043114804889204
2011-01-21,0.6037933066700538,0.07079796214573883
2011-01-24,0.6064474857106703,0.07126026677121855
2011-01-25,0.6086332999163772,0.07174006015085234
2011-01-26,0.6107030553403345,0.07208652165544328
2011-01-27,0.6113488641864883,0.07218088536425502
2011-01-28,0.6099298214141599,0.07234464966278083
2011-01-31,0.6098199397471882,0.07232338386564288
2011-02-01,0.6088384095793781,0.07164770584068957
2011-02-02,0.6068239322303702,0.07153154331557153
2011-02-03,0.603969921199099,0.07131675487941883
2011-02-04,0.6005779881154775,0.07143696603700161
2011-02-07,0.5997811873471418,0.07112982961154551
2011-02-08,0.6010944527585579,0.07112711632030194
2011-02-09,0.598571563114067,0.07114936508590369
2011-02-10,0.6002896878836302,0.07133644771363747
2011-02-11,0.6037221956210919,0.07118470018201714
2011-02-14,0.6040399360219832,0.07107029723497234
2011-02-15,0.606167994345834,0.07118701869477922
2011-02-16,0.6112351797899038,0.07121119874959109
2011-02-17,0.6130677337365829,0.07130845715016546
2011-02-18,0.6149046307091638,0.0714474095031515
2011-02-22,0.613462856294838,0.07196995965999875
2011-02-23,0.612447562450835,0.07228268678563073
2011-02-24,0.6131553052191785,0.0726390322327448
2011-02-25,0.6149653049744448,0.07262458734998084
2011-02-28,0.6150326519633558,0.07258677716413621
2011-03-01,0.6139194644570075,0.07294475173892469
2011-03-02,0.6127241297278556,0.07323698402242161
2011-03-03,0.6118558221378182,0.07293053259942572
2011-03-04,0.6104562141045972,0.07302196912332623
2011-03-07,0.6093263061947761,0.0732004184972709
2011-03-08,0.6080456820147851,0.07252843308293773
2011-03-09,0.6093009081926187,0.07244869401204475
2011-03-10,0.6083729061348381,0.07276293486148129
2011-03-11,0.6077649060918234,0.07283924657916058
2011-03-14,0.6069966305548168,0.07306176173541408
2011-03-15,0.6062004840291957,0.07343376773779153
2011-03-16,0.6051329181455092,0.07386818317109158
2011-03-17,0.605234189467632,0.07383006060869458
2011-03-18,0.6102438250316724,0.07380466047636924
2011-03-21,0.6124549426036299,0.07394502110864132
2011-03-22,0.6132076243059512,0.07411393729606776
2011-03-23,0.6154344635339026,0.07444718671572705
2011-03-24,0.6178920402418573,0.0747968736343221
2011-03-25,0.6203352065593012,0.07513134434695254
2011-03-28,0.6217535250369313,0.07530614652524949
2011-03-29,0.62280174207997,0.07545317464221998
2011-03-30,0.6242947407262072,0.07545756420410521
2011-03-31,0.6244469044771429,0.07563303804765738
2011-04-01,0.6252617160558323,0.07572228512033646
2011-04-04,0.6260392763364379,0.07573350612849249
2011-04-05,0.6271216012615854,0.07575336617067438
2011-04-06,0.630341567062102,0.07550568431613967
2011-04-07,0.6314567537765341,0.07558458780915253
2011-04-08,0.6308929112574931,0.07580130286438433
2011-04-11,0.6306112163182588,0.07593550957241672
2011-04-12,0.6297888273388716,0.07606388788564614
2011-04-13,0.6296475463011522,0.07636576181759015
2011-04-14,0.6263987332684678,0.07668443292727532
2011-04-15,0.6268076469207192,0.07714437216986207
2011-04-18,0.626863244094508,0.07770846086476589
2011-04-19,0.6293313324070514,0.07812455966180179
2011-04-20,0.6308623606422471,0.07844472728619292
2011-04-21,0.631822710290638,0.07860071614356244
2011-04-25,0.630552880190741,0.07855197413745792
2011-04-26,0.6336471549569181,0.07882578462774503
2011-04-27,0.636033869501705,0.07888122255006204
2011-04-28,0.6378419410540469,0.07883874784521151
2011-04-29,0.6388889599752415,0.0790403900395865
2011-05-02,0.6368344900113907,0.07910637338530355
2011-05-03,0.6364134345986456,0.07881417523615598
2011-05-04,0.6355749438268267,0.07889506386850068
2011-05-05,0.635655403248114,0.0791906635366552
2011-05-06,0.6350930923489323,0.07936600412088317
2011-05-09,0.6356739366320756,0.07964090524899206
2011-05-10,0.6358287563230496,0.0796923658257293
2011-05-11,0.6322128136075706,0.07980300818910253
2011-05-12,0.6305858199691288,0.07996295082602091
2011-05-13,0.6291577964639025,0.08036795753398598
2011-05-16,0.628042245303337,0.08068868843703085
2011-05-17,0.6309548954714158,0.08083930726824902
2011-05-18,0.6340687680798658,0.0810901703067152
2011-05-19,0.6359479841020934,0.08137192936862714
2011-05-20,0.6346995860152537,0.08168211556765374
2011-05-23,0.6335740717820617,0.08205309993713505
2011-05-24,0.6315932221276936,0.08223315757356067
2011-05-25,0.6312324062626674,0.08246838190440905
2011-05-26,0.6309916585986335,0.08251460047573284
2011-05-27,0.6296416404640299,0.0822080464940003
2011-05-31,0.6307810951155921,0.0820321238283472
2011-06-01,0.6303651770330742,0.08254921216134367
2011-06-02,0.6290074469113932,0.08282135709368271
2011-06-03,0.6282294375281996,0.08300880444333632
2011-06-06,0.628129318766296,0.08356412781746586
2011-06-07,0.6292679086758801,0.08407981974218182
2011-06-08,0.6298096702673512,0.08452153875405585
2011-06-09,0.6317866803438664,0.08464757344978774
2011-06-10,0.6312144871714466,0.0844992976074353
2011-06-13,0.6322844726380947,0.08416977499368944
2011-06-14,0.6340601986646482,0.08435452067681964
2011-06-15,0.634080658904154,0.08482936086235901
2011-06-16,0.6314961834277084,0.08499172112652559
2011-06-17,0.6314680560532304,0.08499426036033696
2011-06-20,0.6308944536011145,0.08516906190770335
2011-06-21,0.6297091156583489,0.08488858152868349
2011-06-22,0.6286254946538614,0.08489537263127851
2011-06-23,0.6263240659860804,0.0850714036182866
2011-06-24,0.6251296003610263,0.08544660810177825
2011-06-27,0.621376574789954,0.08510368267962425
2011-06-28,0.6184884671317552,0.08507130505392037
2011-06-29,0.6180537989892974,0.08447984845536934
2011-06-30,0.6221693917886203,0.08459056769065598
2011-07-01,0.6277909960840261,0.08448611814769463
2011-07-05,0.6283090984987202,0.0846282977429293
2011-07-06,0.62884330999094,0.0850514561741227
2011-07-07,0.6310590181990856,0.08505823848791931
2011-07-08,0.6315383753422793,0.08540787958098672
2011-07-11,0.6309648698514048,0.0859511919235534
2011-07-12,0.6312079891011269,0.08644123055904421
2011-07-13,0.6323167787867278,0.08677059911297096
2011-07-14,0.6361041090466298,0.08714986363724248
2011-07-15,0.6373829570841405,0.08748408698142007
2011-07-18,0.6386499896600356,0.08799843756231504
2011-07-19,0.6412588308780018,0.08848843146564626
2011-07-20,0.6439848585000418,0.08831655489518228
2011-07-21,0.6485047792458516,0.08733771604846956
2011-07-22,0.6508246632168985,0.08723206858712233
2011-07-25,0.6508923150207169,0.08743782928315041
2011-07-26,0.649910121441639,0.08759784141466342
2011-07-27,0.6499109893112743,0.08810401381492672
2011-07-28,0.6486185690681048,0.08827866770466508
2011-07-29,0.6480333260642349,0.08853892635995703
2011-08-01,0.646183736830593,0.08853947570390876
2011-08-02,0.6463775766218641,0.0890181876771259
2011-08-03,0.6462773639384783,0.08926421489314514
2011-08-04,0.6464273561703503,0.08966979299748523
2011-08-05,0.6359411442982937,0.08946800564818853
2011-08-08,0.5864125349563362,0.08164358758792652
2011-08-09,0.5868463684926882,0.08158894099485116
2011-08-10,0.5848083137504374,0.08181954580421408
2011-08-11,0.5922572306378574,0.08173619085336122
2011-08-12,0.5921092243134612,0.08190758330245626
2011-08-15,0.5837372214040815,0.08007153648380273
2011-08-16,0.5829108117708556,0.08034940869184315
2011-08-17,0.5845354531033898,0.08042822080873742
2011-08-18,0.5845323321798384,0.08104753715874342
2011-08-19,0.5830333656830557,0.08159326705433158
2011-08-22,0.5815766016162568,0.08194127222172691
2011-08-23,0.5787120745943143,0.08251925846928508
2011-08-24,0.5782949236529428,0.08094103454093544
2011-08-25,0.5464126443127247,0.07718715709475382
2011-08-26,0.5378516296114034,0.07549358764460336
2011-08-29,0.5311761921828348,0.07254404381043197
2011-08-30,0.5300189770861692,0.07226650120575355
2011-08-31,0.531943723136364,0.0720914830762325
2011-09-01,0.5300286624879261,0.07250372405138823
2011-09-02,0.5305172869757877,0.07314043232730455
2011-09-06,0.5312033598098573,0.07380394161291648
2011-09-07,0.5298159515211853,0.07353056906187716
2011-09-08,0.5271515973605049,0.07399043434320904
2011-09-09,0.5242746899264672,0.07458859925798425
2011-09-12,0.5219283166885983,0.07490380792366295
2011-09-13,0.5216930540618746,0.07523162772376585
2011-09-14,0.5226907610327038,0.07537283135638687
2011-09-15,0.5265743659134013,0.07476527296643243
2011-09-16,0.5270760076222138,0.0748158676117334
2011-09-19,0.5260028803802156,0.0753194093343116
2011-09-20,0.5253583827499017,0.07580611940807098
2011-09-21,0.5271758458010793,0.07638277723071338
2011-09-22,0.5293953364648204,0.07689084902140361
2011-09-23,0.5259027439334719,0.07721098355775016
2011-09-26,0.5361855661247331,0.0765921206268031
2011-09-27,0.5411047293355243,0.07671980494202528
2011-09-28,0.5413083276706342,0.07734474986906242
2011-09-29,0.5447400240084298,0.077430982144975
2011-09-30,0.5435852040337991,0.07797766907045141
2011-10-03,0.5439453677819411,0.07817562244105791
2011-10-04,0.5488771364205546,0.07863626802427902
2011-10-05,0.5554141040171072,0.0789560013542235
2011-10-06,0.5657881681030653,0.07710763231370266
2011-10-07,0.5649795404125569,0.07754048154549768
2011-10-10,0.5693682145395323,0.07659144792685407
2011-10-11,0.5688105287104396,0.07592264674907194
2011-10-12,0.5717316369850739,0.07493433882904911
2011-10-13,0.5701959398660508,0.07542817480364834
2011-10-14,0.5708928272692432,0.07583942408488983
2011-10-17,0.570062897446553,0.07640021924704611
2011-10-18,0.5689637554282226,0.07472637148774834
2011-10-19,0.5690763976169787,0.07483768034150819
2011-10-20,0.5740488839325782,0.07479006491857529
2011-10-21,0.578501114275086,0.0748686433400748
2011-10-24,0.5854870877426521,0.07420480540665536
2011-10-25,0.5858359251535467,0.0745868202113309
2011-10-26,0.5882002338349005,0.07457274884500965
2011-10-27,0.6025877337818352,0.07235581509880705
2011-10-28,0.6009962302477898,0.07112220141951958
2011-10-31,0.5998077219889693,0.07169284577613623
2011-11-01,0.6006280527715082,0.07237583655907798
2011-11-02,0.5972762343020455,0.07246593031321073
2011-11-03,0.596311571264726,0.07208811187908226
2011-11-04,0.5980167138910244,0.07271089680000697
2011-11-07,0.6008034027116567,0.07322486732528656
2011-11-08,0.6061138108926791,0.07343746755144803
2011-11-09,0.605440891725563,0.07410500522765276
2011-11-10,0.6057352084145528,0.07475069069691308
2011-11-11,0.606144503537191,0.0748881935058958
2011-11-14,0.605515253987022,0.07536338888201281
2011-11-15,0.6042909808602801,0.07553195312826648
2011-11-16,0.6027667881196579,0.07610833345315117
2011-11-17,0.6001771754370212,0.07667961529284342
2011-11-18,0.5988093298397222,0.07713673309696972
2011-11-21,0.5987940331263385,0.07778135767218372
2011-11-22,0.5987643366963098,0.07842015806550053
2011-11-23,0.5993697115185832,0.07902001150070115
2011-11-25,0.598902854635458,0.07958188291593266
2011-11-28,0.6009590926297229,0.07981924056267263
2011-11-29,0.6013387138691849,0.08038198697119223
2011-11-30,0.6168534605714685,0.07936264633720468
2011-12-01,0.615398795242556,0.07858687470267342
2011-12-02,0.6309102097288545,0.07783062358802308
2011-12-05,0.646551661156554,0.07692001211487537
2011-12-06,0.6510315655406589,0.07662561046784039
2011-12-07,0.6568786170105555,0.07617300360516191
2011-12-08,0.6560622884943647,0.07673068158591871
2011-12-09,0.6580171234480787,0.07683295520704203
2011-12-12,0.6581181710441871,0.07745085259277547
2011-12-13,0.6578625914258865,0.07807759227079283
2011-12-14,0.6586124737896586,0.07868476483897731
2011-12-15,0.660273680270077,0.07910288461574759
2011-12-16,0.6625740255477631,0.07955586649830189
2011-12-19,0.6625696631187011,0.08018063321512733
2011-12-20,0.6679253743839334,0.08025697773234583
2011-12-21,0.6702471850598258,0.08016562155136378
2011-12-22,0.6737942790730311,0.07911061169435132
2011-12-23,0.6711303525181048,0.07809881467081146
2011-12-27,0.669880085561242,0.07816002086031872
2011-12-28,0.6707386530426542,0.07869659702448525
2011-12-29,0.6725044288023351,0.07861663302429174
2011-12-30,0.6684746529605812,0.07827492889635457
2012-01-03,0.6742931191627687,0.07717894667846009
2012-01-04,0.6783059517441256,0.076734393328247
2012-01-05,0.6645295566102573,0.07426474029467252
2012-01-06,0.6617563810877594,0.07385085684369934
2012-01-09,0.6570429661479753,0.0734506595497832
2012-01-10,0.6474709859378183,0.07203462341655431
2012-01-11,0.640227998731372,0.07064705722826743
2012-01-12,0.6410953183254556,0.07037888719211141
2012-01-13,0.6399818950642018,0.07071290624946881
2012-01-17,0.63750753670028,0.07119173375375884
2012-01-18,0.6388673840551303,0.07075236521282621
2012-01-19,0.6383029707040048,0.07018336354431795
2012-01-20,0.6384883114323866,0.06971095568427374
2012-01-23,0.636112995587478,0.06909537931871447
2012-01-24,0.6341318424621233,0.06880420086864478
2012-01-25,0.6314717930266582,0.06861311608546858
2012-01-26,0.6306203801671457,0.06870470299877122
2012-01-27,0.628885891591225,0.06884609723252916
2012-01-30,0.6300998692210791,0.06934199922833295
2012-01-31,0.6314582005868927,0.06958909688905379
2012-02-01,0.6292215327400446,0.069280816815617
2012-02-02,0.6257690442943146,0.06901043440536442
2012-02-03,0.619037565553837,0.06795055337778276
2012-02-06,0.6118579657569833,0.06726707101288144
2012-02-07,0.6098284429451281,0.06729271995716865
2012-02-08,0.6056051653397615,0.06679690873136339
2012-02-09,0.5998754166949434,0.06655652938660793
2012-02-10,0.5979820715103444,0.0667163674256292
2012-02-13,0.5980300018641447,0.06654068364996248
2012-02-14,0.5995318416143731,0.06695154572077279
2012-02-15,0.6003080389442329,0.06748838272315191
2012-02-16,0.5992396484011474,0.06731691633653356
2012-02-17,0.6023705411892316,0.06744152174181228
2012-02-21,0.6025116860424361,0.06741442183553763
2012-02-22,0.6028658431468088,0.06773422861377384
2012-02-23,0.6042440332446359,0.06785353676299445
2012-02-24,0.6056099023809253,0.0682032788113953
2012-02-27,0.6083982995461896,0.06817436128975662
2012-02-28,0.6093050480338004,0.06808421867976085
2012-02-29,0.6116500469918397,0.06835153761592173
2012-03-01,0.6171217024932901,0.06829060622186384
2012-03-02,0.6209110617994118,0.06831848277203968
2012-03-05,0.623389157016478,0.06865879408521733
2012-03-06,0.6234959355245614,0.06923010354862653
2012-03-07,0.6215318494062873,0.06907824786636625
2012-03-08,0.6227353936180652,0.06900607517351362
2012-03-09,0.6265186807150653,0.06906498194409715
2012-03-12,0.626794461922151,0.06926864078435925
2012-03-13,0.6369387716945502,0.06833703831159656
2012-03-14,0.6346343921819263,0.06719408918275736
2012-03-15,0.6325148700402816,0.06588667491846169
2012-03-16,0.6161028729997611,0.06419383334159158
2012-03-19,0.6177892620354921,0.06409477861659019
2012-03-20,0.6161449228970945,0.06367464975723997
2012-03-21,0.6139871759504119,0.0635553189912082
2012-03-22,0.6138542759389286,0.06385495147403618
2012-03-23,0.6127286492203663,0.0637214234450899
2012-03-26,0.6161355557201433,0.06362225729443759
2012-03-27,0.6193583542450071,0.0640413703834743
2012-03-28,0.6211969576908797,0.06412955707793808
2012-03-29,0.6220193128913353,0.06450320176374462
2012-03-30,0.6232496969763655,0.06470248643679105
2012-04-02,0.6231283401551481,0.0647197535126294
2012-04-03,0.6236393908589576,0.06503816433387981
2012-04-04,0.6234316178330307,0.06557024231639312
2012-04-05,0.6225696884870898,0.06585697513253598
2012-04-09,0.6235322435949787,0.06641409890936206
2012-04-10,0.6241768340723632,0.06710616092469578
2012-04-11,0.6255155408858162,0.0671584875451744
2012-04-12,0.625585854999584,0.06670004017298194
2012-04-13,0.6252832214611719,0.06723158167857506
2012-04-16,0.6240916434087448,0.06743419799044743
2012-04-17,0.6242422371719211,0.06739163583426135
2012-04-18,0.6213775900739777,0.067447198184097
2012-04-19,0.621784923977189,0.06775776642361636
2012-04-20,0.6232584376672767,0.06840559165452141
2012-04-23,0.6255643558570088,0.06901802566773582
2012-04-24,0.6287082380119523,0.06939573808030192
2012-04-25,0.6293938108601848,0.06958206758523927
2012-04-26,0.6324960270365902,0.06972653733769936
2012-04-27,0.6322599924574493,0.06990095061820836
2012-04-30,0.6325210378519401,0.07026541098226158
2012-05-01,0.6334901956712116,0.07016552045060734
2012-05-02,0.6335124942924676,0.07044454969935779
2012-05-03,0.6346396665839465,0.07088004050256602
2012-05-04,0.6342320266974218,0.07147919984627278
2012-05-07,0.6300759385987215,0.07153369085959388
2012-05-08,0.6292273911600875,0.07190987875245718
2012-05-09,0.6267230710389632,0.07226631317514805
2012-05-10,0.6261972525412967,0.0725686349672326
2012-05-11,0.6147860216785476,0.07301925508357388
2012-05-14,0.6092797403120289,0.07358583863653995
2012-05-15,0.6075618078539199,0.07404915505861302
2012-05-16,0.6064482940071407,0.0746187693019457
2012-05-17,0.6029008439496794,0.07518116981343322
2012-05-18,0.5970216469875522,0.07551436669337287
2012-05-21,0.5938386004799072,0.07604950051014613
2012-05-22,0.5971541634483128,0.07613073809644838
2012-05-23,0.5969457207305126,0.07574130889120208
2012-05-24,0.5954790420142861,0.0757137801615577
2012-05-25,0.591489381917564,0.0757486416035786
2012-05-29,0.5821904178564701,0.07503606910337805
2012-05-30,0.5793994863652042,0.07531366271407235
2012-05-31,0.5758065660036218,0.07518969430303217
2012-06-01,0.5741499665117784,0.07574781735768472
2012-06-04,0.5714542621869051,0.07629633243304175
2012-06-05,0.5714991290331594,0.07627555299613525
2012-06-06,0.5678925329575762,0.07457521061805594
2012-06-07,0.5689037098462394,0.07455678430955111
2012-06-08,0.5736083602617635,0.07428427223855145
2012-06-11,0.5742119270859701,0.0747399299239619
2012-06-12,0.5777601378581613,0.07462392232059088
2012-06-13,0.5827576280753312,0.07461888092220405
2012-06-14,0.5851945687974094,0.07430712266581188
2012-06-15,0.5843663955437518,0.07360866870625601
2012-06-18,0.5838233774943321,0.07368873579767289
2012-06-19,0.582106075426598,0.07294508102960594
2012-06-20,0.5887886029411225,0.07263158802618494
2012-06-21,0.590050807014848,0.07309143764815908
2012-06-22,0.5919468225023421,0.07319859619588817
2012-06-25,0.5929531394644196,0.07378256074655952
2012-06-26,0.5952225504813902,0.0741591419189032
2012-06-27,0.6011030816614295,0.07413292418622633
2012-06-28,0.599116944757827,0.07425126180681535
2012-06-29,0.5845366125093077,0.0732552290618793
2012-07-02,0.5854838331307372,0.07321060975018664
2012-07-03,0.5851706627033516,0.0732390063810268
2012-07-05,0.5818636896794807,0.07369601707437652
2012-07-06,0.5802639826248004,0.07421607131136666
2012-07-09,0.5804810007785695,0.07470468200728521
2012-07-10,0.5824928001689021,0.07515482112919752
2012-07-11,0.5838668746021607,0.07517866005623866
2012-07-12,0.5836580262727525,0.07553256512680288
2012-07-13,0.5930683380644569,0.07498231907089968
2012-07-16,0.5902927347540758,0.07483796295000521
2012-07-17,0.5859250564005332,0.07458772753774542
2012-07-18,0.5877510709330273,0.07515010051584634
2012-07-19,0.5884227411345558,0.07579322651676582
2012-07-20,0.5887398754643175,0.07643026812932964
2012-07-23,0.5910390461794551,0.07687958499740756
2012-07-24,0.594128516882395,0.07727765875524618
2012-07-25,0.598029652928714,0.07750190182273316
2012-07-26,0.6028507415862506,0.0774543847218558
2012-07-27,0.6106953422426803,0.07713348108698916
2012-07-30,0.60987256926999,0.07713151692941661
2012-07-31,0.6073295982398712,0.07705766912128773
2012-08-01,0.608105997066632,0.07733972165378206
2012-08-02,0.6051534266577276,0.0776290834571481
2012-08-03,0.6040406767536863,0.07722228987052561
2012-08-06,0.5998398314482021,0.07650290103501807
2012-08-07,0.6027388850733535,0.07618387941058045
2012-08-08,0.604940687452216,0.07610919561994195
2012-08-09,0.6035594803416129,0.07603039977593232
2012-08-10,0.6028642359404948,0.07601841615528777
2012-08-13,0.6029896101962717,0.07612211084447498
2012-08-14,0.6026664159529972,0.07611399494741117
2012-08-15,0.600605095120886,0.0759775260212282
2012-08-16,0.5986579572120578,0.07584884684760324
2012-08-17,0.595606662888798,0.0757025238085486
2012-08-20,0.5937385165387532,0.07535451292214985
2012-08-21,0.596626175745925,0.07517906355231828
2012-08-22,0.5961592453283391,0.07510409972470651
2012-08-23,0.5938609447298822,0.07526817539608312
2012-08-24,0.5922266810049435,0.07539488954569026
2012-08-27,0.5929151671002394,0.07567650205794776
2012-08-28,0.5939984938520096,0.0760553197829357
2012-08-29,0.5950049217062264,0.07624863132306385
2012-08-30,0.5947705409575114,0.0765627659767619
2012-08-31,0.594732796295431,0.07663747690960658
2012-09-04,0.5938487542522194,0.07671973690944939
2012-09-05,0.5944990983173076,0.07690052892031128
2012-09-06,0.5992375322569851,0.07605924114363607
2012-09-07,0.5956636220748517,0.07446365403252324
2012-09-10,0.5949822211497361,0.07441147718083709
2012-09-11,0.5913961570609535,0.07339386993978146
2012-09-12,0.5931696476258396,0.07318107099971032
2012-09-13,0.5972293915040943,0.07219430354830146
2012-09-14,0.5973201554167678,0.07154966799837
2012-09-17,0.5985694149155047,0.07175842940323367
2012-09-18,0.6001956127306881,0.07202026614009875
2012-09-19,0.6007284951018409,0.07211923147647564
2012-09-20,0.6016880491648284,0.0723759234197332
2012-09-21,0.6015039684626181,0.07267485013511171
2012-09-24,0.6030569294755103,0.07289907800871653
2012-09-25,0.6029044767307916,0.07329914288108527
2012-09-26,0.6027993523818349,0.07370738712938762
2012-09-27,0.6028670670832107,0.0737400649010757
2012-09-28,0.6036486442591598,0.07403608200341756
2012-10-01,0.6048615252642083,0.07402664453047259
2012-10-02,0.6055565395122108,0.0741383034805628
2012-10-03,0.6044320793003727,0.07392109301308798
2012-10-04,0.6048735997020406,0.07326034993574546
2012-10-05,0.6057377877563235,0.07322124062051273
2012-10-08,0.6063935949597975,0.07333168331007633
2012-10-09,0.6062845611148144,0.07355168213027323
2012-10-10,0.608000629061134,0.07371953386036496
2012-10-11,0.6088401778876009,0.073642610355294
2012-10-12,0.6095733737470845,0.07399408796589763
2012-10-15,0.6094212321650366,0.07366807819312178
2012-10-16,0.6115378381175862,0.07355719739385135
2012-10-17,0.6150968389721999,0.0736048133022212
2012-10-18,0.6148740364255304,0.0736407010217564
2012-10-19,0.611965493057326,0.07376669484536069
2012-10-22,0.6075245849950354,0.07370603631704119
2012-10-23,0.6050813416985688,0.07401815079526738
2012-10-24,0.6059305290394944,0.07430084954031244
2012-10-25,0.6069251994751266,0.07459674226573142
2012-10-26,0.6067072429699076,0.07496421515303602
2012-10-31,0.6064102248285522,0.07487947911849167
2012-11-01,0.6064668852864972,0.07401953851626052
2012-11-02,0.6016311764141974,0.07350926528287471
2012-11-05,0.6005610829937936,0.07353670009260453
2012-11-06,0.600632143326775,0.0732837169290623
2012-11-07,0.6001909691413168,0.07394634135971848
2012-11-08,0.5971459814292599,0.07423469632641877
2012-11-09,0.5960129810045837,0.07437710422700768
2012-11-12,0.5957786695247886,0.07456572096600965
2012-11-13,0.5940093879080119,0.07480467981549321
2012-11-14,0.5938601931511114,0.07536464430955407
2012-11-15,0.5930104935950561,0.0756016258705786
2012-11-16,0.5928715855396146,0.07573008679992999
2012-11-19,0.5936347314875131,0.0750997767570602
2012-11-20,0.5922611205683597,0.0746127296204223
2012-11-21,0.589491683487753,0.0741985109270986
2012-11-23,0.588484996899281,0.07384077954062195
2012-11-26,0.5877582286262448,0.07384963897558772
2012-11-27,0.5887555886570804,0.07416762770614709
2012-11-28,0.5885068447705292,0.07423498706460754
2012-11-29,0.5895270160246978,0.07421126462865131
2012-11-30,0.5888826411864363,0.07421557525943623
2012-12-03,0.5880366166901299,0.07436866326165127
2012-12-04,0.5848151398592917,0.07432800770764027
2012-12-05,0.5767432255336026,0.07324352556154097
2012-12-06,0.5756487095093309,0.07289261463515766
2012-12-07,0.5794423452432088,0.07250102332734801
2012-12-10,0.5803881793505266,0.07250754715744866
2012-12-11,0.5828959224489673,0.07265186970692408
2012-12-12,0.5836581038343063,0.07263413065763694
2012-12-13,0.5847535080673095,0.07278389715352682
2012-12-14,0.5850012380118275,0.07285670042749272
2012-12-17,0.5830444920938497,0.07225213591823172
2012-12-18,0.5790266097832801,0.0714386846869627
2012-12-19,0.5779687827172556,0.07143237162093097
2012-12-20,0.5789733986526091,0.07100006801506123
2012-12-21,0.5792409077515014,0.07118211414975815
2012-12-24,0.5793947423043407,0.07137046535233416
2012-12-26,0.5760562732577201,0.07111429215873301
2012-12-27,0.5740367319310382,0.07116384666816752
2012-12-28,0.5726037937740562,0.07137286382369086
2012-12-31,0.572765419890912,0.07119534065715862
2013-01-02,0.5734724078874782,0.07054576236094073
2013-01-03,0.5740178416808458,0.07045074861175007
2013-01-04,0.5766901273686744,0.0702700423885026
2013-01-07,0.5781637817530881,0.07028007199080585
2013-01-08,0.5800704682220296,0.07046675978646186
2013-01-09,0.582703728642458,0.07106170665333067
2013-01-10,0.5851132307628018,0.07104758601742293
2013-01-11,0.5872869537437432,0.07127543797491707
2013-01-14,0.5885283093529776,0.07160428800183873
2013-01-15,0.590384205263385,0.07171908286417208
2013-01-16,0.591068290006831,0.07152236182154031
2013-01-17,0.5932288840759763,0.07201544333546067
2013-01-18,0.595351975506218,0.0724495674747739
2013-01-22,0.5949349593922474,0.07246378591470608
2013-01-23,0.5924990410025619,0.07243469990734298
2013-01-24,0.5907438252612368,0.07232994430785226
2013-01-25,0.5927738019853828,0.07222501799439884
2013-01-28,0.5927824256383414,0.07240890048832833
2013-01-29,0.5946483822109812,0.07253564932386834
2013-01-30,0.5964066702846359,0.07277589331523177
2013-01-31,0.5974565301267467,0.07301228747821444
2013-02-01,0.5973260179306162,0.0726235130327277
2013-02-04,0.5987681695554954,0.07281777910239287
2013-02-05,0.6004037851245378,0.07239239227117499
2013-02-06,0.599591964353732,0.07221376888451514
2013-02-07,0.5986252648162461,0.07230735658633365
2013-02-08,0.6004532225606714,0.07249674855517887
2013-02-11,0.6004630871009808,0.07251587416804875
2013-02-12,0.5978264903706074,0.0720232888532181
2013-02-13,0.5957385480009034,0.07199466544889785
2013-02-14,0.5974423020917585,0.07208496012463411
2013-02-15,0.5977865289626865,0.07229339695084101
2013-02-19,0.5987806447520495,0.07224819392774626
2013-02-20,0.5993314474635606,0.07267893244990332
2013-02-21,0.6005754201301702,0.07324649606522643
2013-02-22,0.6034237248343953,0.07357986282177433
2013-02-25,0.6038995275970336,0.07414762312817606
2013-02-26,0.6030521097566801,0.07439997256189819
2013-02-27,0.6081259090068586,0.07432894905855353
2013-02-28,0.6094173822048453,0.07444927332210095
2013-03-01,0.6087154193537939,0.07440725012935558
2013-03-04,0.6084356139880113,0.07434932043887663
2013-03-05,0.6084040315771816,0.07417920820597017
2013-03-06,0.6060423941272408,0.07358361418467636
2013-03-07,0.6034102106461133,0.07285704172613715
2013-03-08,0.6027803376434996,0.07288971803071437
2013-03-11,0.6028304002862985,0.07285938167716945
2013-03-12,0.6033894885024074,0.0730652354524855
2013-03-13,0.602688264089542,0.07315219301037156
2013-03-14,0.6052663211990397,0.073184176620811
2013-03-15,0.5949524283399349,0.07259803002544228
2013-03-18,0.589010647574464,0.07244303184095177
2013-03-19,0.583159366550724,0.07223962628287801
2013-03-20,0.5796381982182487,0.07212434491176398
2013-03-21,0.5774499617574945,0.0723628452666024
2013-03-22,0.5781289360379871,0.07253317052830864
2013-03-25,0.578689103510453,0.07282235019433546
2013-03-26,0.5802235027064607,0.07312973857093778
2013-03-27,0.5782971446680447,0.07337464142198044
2013-03-28,0.5766979159195377,0.0735933132377956
2013-04-01,0.5776250261326596,0.07377798736582328
2013-04-02,0.579809028607445,0.0739143098919697
2013-04-03,0.5795438939046443,0.07436135354974405
2013-04-04,0.5807387550149454,0.07449054934855362
2013-04-05,0.5827372717306014,0.07456368375975295
2013-04-08,0.584401193385121,0.07432455088427889
2013-04-09,0.5851098492378218,0.07422970168332145
2013-04-10,0.5872613223892634,0.07415383542737387
2013-04-11,0.5888371328844239,0.07423941837853795
2013-04-12,0.5892129239971462,0.07444200640934392
2013-04-15,0.5874183453837459,0.07478161936093308
2013-04-16,0.5854898612107842,0.07461774000615985
2013-04-17,0.5844711675641068,0.07515827763887804
2013-04-18,0.5849272230690651,0.07569617524379602
2013-04-19,0.5856391158303973,0.07577722922957408
2013-04-22,0.5859086686271325,0.07579169598436186
2013-04-23,0.5860144720610693,0.07531978844260737
2013-04-24,0.586045796668936,0.0748179806642117
2013-04-25,0.5859003933054501,0.07448197978876443
2013-04-26,0.5855202547169975,0.07443066404182687
2013-04-29,0.5859171525193223,0.07451250119647009
2013-04-30,0.5870281086568276,0.07468271185753628
2013-05-01,0.5854938726607721,0.07498814722790688
2013-05-02,0.5845190321066452,0.07512727825588683
2013-05-03,0.5813933650164804,0.07517962587611575
2013-05-06,0.5738504338503371,0.07426962036142781
2013-05-07,0.5760638832247393,0.07396646098457393
2013-05-08,0.5786786578161875,0.07373948213689288
2013-05-09,0.5777290467716719,0.07383285105071007
2013-05-10,0.5758644814785832,0.07379494037734875
2013-05-13,0.5782714749599238,0.07387774969927034
2013-05-14,0.578482865435862,0.0735108649369213
2013-05-15,0.5815799905829407,0.07329572525778655
2013-05-16,0.5829116690972379,0.07335438576911585
2013-05-17,0.5882218659835683,0.0733513386603461
2013-05-20,0.589794875940546,0.07331558099365688
2013-05-21,0.5936202248025793,0.07342750724244437
2013-05-22,0.5980036490323696,0.07365852827119862
2013-05-23,0.5997348611992733,0.07390665022171279
2013-05-24,0.6014205709268521,0.07403904796214375
2013-05-28,0.6048348294145907,0.0740250448444242
2013-05-29,0.6053711979326325,0.07391853555647274
2013-05-30,0.6060845993654681,0.07348255803558996
2013-05-31,0.6041454881359821,0.07356195845783228
2013-06-03,0.6039267213261376,0.07375601807329607
2013-06-04,0.60388166458313,0.07406811014197144
2013-06-05,0.6029488394301274,0.07448152382019764
2013-06-06,0.6030728515768211,0.07461822102544496
2013-06-07,0.6045016280043567,0.07452133633269899
2013-06-10,0.6060617002528306,0.07462527121102727
2013-06-11,0.6053326929141009,0.07489724017823514
2013-06-12,0.6044971395779585,0.0751304940062963
2013-06-13,0.6064840483152972,0.07511754281421773
2013-06-14,0.6049235173811115,0.0753143591962863
2013-06-17,0.6056096762795243,0.07529283503900197
2013-06-18,0.6063466817931631,0.07526691121330271
2013-06-19,0.6053678276116836,0.07539501995458363
2013-06-20,0.60423385720465,0.07578565076118866
2013-06-21,0.6036762029076891,0.0761944367931527
2013-06-24,0.6034095939914925,0.07674059661088736
2013-06-25,0.6041097503832257,0.0766531084723049
2013-06-26,0.6052400059113636,0.07654997641019573
2013-06-27,0.6059569238366994,0.07621863623941824
2013-06-28,0.6061710401841903,0.076314801522178
2013-07-01,0.6044974377580986,0.07633395715379808
2013-07-02,0.6066362306263329,0.07643002102016346
2013-07-03,0.6079943700249453,0.07659925038813298
2013-07-05,0.6115410910783923,0.07643551906988738
2013-07-08,0.6139563791156871,0.0761309490978776
2013-07-09,0.612928638417988,0.07571969354176206
2013-07-10,0.6138080134830356,0.07580234813907737
2013-07-11,0.6140796169459695,0.07572525743956889
2013-07-12,0.6103387300790629,0.0754015750351861
2013-07-15,0.607529407510412,0.07520888054381551
2013-07-16,0.6064877898545687,0.07513509209633018
2013-07-17,0.6026755776621536,0.07466327430278216
2013-07-18,0.601251168450837,0.07394635971492403
2013-07-19,0.6000199907088838,0.07375139617086915
2013-07-22,0.5995286500504052,0.07353634100915338
2013-07-23,0.5995877531803583,0.07348179298155631
2013-07-24,0.6010416014393666,0.07372140655268666
2013-07-25,0.6003500669981742,0.07375912358333345
2013-07-26,0.599390192248933,0.07391954505939748
2013-07-29,0.5993738297787149,0.07421652448487788
2013-07-30,0.5982168918816025,0.07439609281239962
2013-07-31,0.5984295038643058,0.07444047695307501
2013-08-01,0.5986020266119477,0.07411927044696817
2013-08-02,0.5993766298387756,0.07416226397757582
2013-08-05,0.5986877953921745,0.07426831047526097
2013-08-06,0.5976630545586428,0.07450128113075057
2013-08-07,0.5974429343376643,0.0747509766358333
2013-08-08,0.5950304762338963,0.07482868188616906
2013-08-09,0.5943196953967712,0.07506063943702787
2013-08-12,0.5929175181380287,0.0752474741275927
2013-08-13,0.5921461298011309,0.07527493500469644
2013-08-14,0.5904700326815409,0.07523859401726973
2013-08-15,0.5892610470328555,0.07553269482780192
2013-08-16,0.5878506053769893,0.07561634608812519
2013-08-19,0.5849454285047209,0.07594282408099355
2013-08-20,0.5832235864375315,0.07599614740099388
2013-08-21,0.58015216911951,0.07601555014221638
2013-08-22,0.5791029085566345,0.07581242894033852
2013-08-23,0.5791527873371004,0.07578297933247198
2013-08-26,0.577910073071213,0.07590142953539979
2013-08-27,0.5765429881974552,0.07631783091333148
2013-08-28,0.5756492258395037,0.07655122830392061
2013-08-29,0.5752853730279268,0.07665177100674843
2013-08-30,0.5748187468608102,0.07678338656818257
2013-09-03,0.5760402795285473,0.07675615814811745
2013-09-04,0.5789328666481477,0.07670573158603483
2013-09-05,0.580673400148295,0.07667792863649273
2013-09-06,0.5831459924840642,0.07672550877836254
2013-09-09,0.5844775720116423,0.0766657713843846
2013-09-10,0.5872791631031252,0.0765414883813484
2013-09-11,0.5864292367395153,0.07649777150544716
2013-09-12,0.5840195499069877,0.0766977282288334
2013-09-13,0.5840884679538154,0.07682075200639422
2013-09-16,0.5858430842061993,0.07688080337205991
2013-09-17,0.5862229869663338,0.07693209231574052
2013-09-18,0.5862460864912872,0.07681658795650805
2013-09-19,0.5847168949481302,0.07692813854234691
2013-09-20,0.5854225890936098,0.07718305281280986
2013-09-23,0.5839935279770369,0.07759045735315895
2013-09-24,0.5800616058632637,0.07786950475088833
2013-09-25,0.5827179534105428,0.07799223789735882
2013-09-26,0.5848821890967139,0.07814978087246699
2013-09-27,0.5878798539742857,0.07843833097028605
2013-09-30,0.5881142352162516,0.07869796511402626
2013-10-01,0.588527356859673,0.07876664101389706
2013-10-02,0.58939142716018,0.07865100428879165
2013-10-03,0.589650548486113,0.07872160837279567
2013-10-04,0.5921579824395884,0.07874280236234624
2013-10-07,0.5920731168755105,0.07903743011791026
2013-10-08,0.5899845337894642,0.07932992593781656
2013-10-09,0.5869943445762514,0.07934523894384488
2013-10-10,0.5901508077995266,0.07888337548092492
2013-10-11,0.5915652894782331,0.0788104540359168
2013-10-14,0.591509550198629,0.07863227084322959
2013-10-15,0.590919582836155,0.0787321646751401
2013-10-16,0.595229052865977,0.07843774435464693
2013-10-17,0.5968704492477909,0.07825101731608126
2013-10-18,0.5980491400956307,0.07825717890953841
2013-10-21,0.5992081624032441,0.07842177866984378
2013-10-22,0.5974846935187504,0.07853828137203489
2013-10-23,0.5965070691349176,0.07890854816558279
2013-10-24,0.5954606632629806,0.07916172959675274
2013-10-25,0.5952497221058527,0.07922324385825125
2013-10-28,0.5950698444185603,0.0793283548439482
2013-10-29,0.5957659222942194,0.07950315822897229
2013-10-30,0.595464568158123,0.0796037645337794
2013-10-31,0.5934362179012824,0.07987797464988101
2013-11-01,0.5955164487271256,0.08000155946108359
2013-11-04,0.5945569815789687,0.08008020059624131
2013-11-05,0.5947068147122125,0.08027601411833749
2013-11-06,0.5950740756491344,0.0803745780015684
2013-11-07,0.594912016848881,0.08062526627812107
2013-11-08,0.6008572975136481,0.08010264099103565
2013-11-11,0.6028615503471246,0.07985397057175167
2013-11-12,0.6037370060480785,0.07989511578199926
2013-11-13,0.6015898460696251,0.0795577317459802
2013-11-14,0.6003250014707718,0.07928344932316995
2013-11-15,0.6006982634045774,0.07908006823985919
2013-11-18,0.604135787541167,0.07904822299542905
2013-11-19,0.6048665662399124,0.07875619831084683
2013-11-20,0.6054388150651597,0.07875736720687211
2013-11-21,0.6062838796939762,0.07826424671022757
2013-11-22,0.6070891086432982,0.07807432104384844
2013-11-25,0.6066919421571624,0.07786431485476236
2013-11-26,0.604109138286566,0.07775697040585557
2013-11-27,0.6045936245150628,0.0778103027850077
2013-11-29,0.6039156645526601,0.07787636362180712
2013-12-02,0.6035996163706441,0.07804076594199569
2013-12-03,0.6042323909685083,0.07830679358358945
2013-12-04,0.6049810537173468,0.0783810807819579
2013-12-05,0.6026487197258334,0.0786353561553134
2013-12-06,0.6012736658242356,0.07866447256887113
2013-12-09,0.6021226157811388,0.07870122623389111
2013-12-10,0.603260572902612,0.0787819328763005
2013-12-11,0.603740252430613,0.07912222210390554
2013-12-12,0.6047009976333654,0.07931836651151819
2013-12-13,0.6051439961416388,0.07951112319592646
2013-12-16,0.6057661713126444,0.07957920685185092
2013-12-17,0.6041691303779657,0.07971091372659407
2013-12-18,0.6050674521292903,0.07920655145786824
2013-12-19,0.6048066308799351,0.07900130108440807
2013-12-20,0.607284741837538,0.07911587005365775
2013-12-23,0.6096005964675741,0.0791197450283704
2013-12-24,0.6104820464564983,0.0791562063679527
2013-12-26,0.6110240583513802,0.07926310284736442
2013-12-27,0.6109130616299089,0.07933257403508051
2013-12-30,0.6111869392911137,0.0795268738504683
2013-12-31,0.6127885424752617,0.07962350719410093
2014-01-02,0.6086759378461113,0.07909376682884459
2014-01-03,0.605958185802066,0.07857684141394965
2014-01-06,0.6040086196006199,0.07815082315994422
2014-01-07,0.6023021307368394,0.07819671882082263
2014-01-08,0.6028962280434988,0.07818585483367597
2014-01-09,0.6006371033916725,0.07797511155901081
2014-01-10,0.5993739327065485,0.07799730510969612
2014-01-13,0.5988133519756244,0.078319426787251
2014-01-14,0.5958918068522275,0.07818797056710955
2014-01-15,0.5987552336272781,0.0777820598594472
2014-01-16,0.5984361660433173,0.07774824511521736
2014-01-17,0.5959860717201962,0.0778405497829996
2014-01-21,0.5951845449339989,0.07792134002598837
2014-01-22,0.5917087995889608,0.07787025799760101
2014-01-23,0.5891811087675737,0.07812957539536652
2014-01-24,0.5872526662631856,0.0785623256831115
2014-01-27,0.5870000145569166,0.07890345047439552
2014-01-28,0.5860882734913853,0.0786955129173448
2014-01-29,0.5853640007196627,0.07870969778057631
2014-01-30,0.5849563828373088,0.0785121845876075
2014-01-31,0.5838887876016793,0.07864467051418629
2014-02-03,0.5829699529731989,0.07903863807632515
2014-02-04,0.5843959256435233,0.0792585700708995
2014-02-05,0.5855926293490088,0.07934987932464395
2014-02-06,0.5891027163230463,0.07913645180632191
2014-02-07,0.5900085605185565,0.0789682872303509
2014-02-10,0.5913892875963775,0.07904144385095364
2014-02-11,0.5934031752169692,0.07896232593787322
2014-02-12,0.5951953957478504,0.07909258652259152
2014-02-13,0.5975848639093707,0.0791888001978997
2014-02-14,0.5992203042817037,0.07931401986330529
2014-02-18,0.6019083043408532,0.0795933384374333
2014-02-19,0.6013823896184612,0.07995796226739503
2014-02-20,0.6014160997904455,0.08007673940791621
2014-02-21,0.6016010423705718,0.08017745137569507
2014-02-24,0.6013583287762616,0.08002169834486907
2014-02-25,0.5994609726162492,0.0801817315457806
2014-02-26,0.5978122677515912,0.08029927164605088
2014-02-27,0.5955698089177924,0.08023401486384912
2014-02-28,0.594870910877415,0.08021458283502832
2014-03-03,0.5942433784650031,0.08044941305842059
2014-03-04,0.5945988226851088,0.08014938699179658
2014-03-05,0.5939046634606899,0.07945662207073723
2014-03-06,0.5959140020540209,0.07915332733426096
2014-03-07,0.598498616544926,0.07910515205481425
2014-03-10,0.597814837023422,0.07899912700210523
2014-03-11,0.595825676178281,0.07917047722585996
2014-03-12,0.5940515798868407,0.07927492034644104
2014-03-13,0.5926319664979535,0.0794583006698257
2014-03-14,0.5924140854275605,0.07983659185582863
2014-03-17,0.5928675514727485,0.07977368300333258
2014-03-18,0.5941988568219371,0.07971571824796571
2014-03-19,0.5937823304122946,0.07949096977770374
2014-03-20,0.5975233927750335,0.07893588856932171
2014-03-21,0.6007147806590756,0.0791007213861932
2014-03-24,0.6051728862152436,0.07935389679781156
2014-03-25,0.6074428236487251,0.07962468536961548
2014-03-26,0.6057570892194496,0.07980357740180569
2014-03-27,0.6061186277742139,0.08005307489959643
2014-03-28,0.6068137362304646,0.08022575196966497
2014-03-31,0.6078731605541497,0.0801341382637292
2014-04-01,0.6070627721229797,0.0800049421860958
2014-04-02,0.6081022073126363,0.08009858377841125
2014-04-03,0.6095070410148772,0.08024484529794532
2014-04-04,0.6100502101981045,0.08065547736702253
2014-04-07,0.6101309731873368,0.08110514350543063
2014-04-08,0.6093794895675503,0.08130649435040296
2014-04-09,0.6090999842000275,0.08126176319491292
2014-04-10,0.6075022242187005,0.08167799009628886
2014-04-11,0.6045586221872082,0.08214344434483214
2014-04-14,0.599296888192768,0.08219899789195477
2014-04-15,0.5920140901971023,0.08182515119913358
2014-04-16,0.5930972620785382,0.0819876468396274
2014-04-17,0.5933063360404508,0.08207753747755213
2014-04-21,0.5931657227867609,0.08221358101497875
2014-04-22,0.5945692060973646,0.0821054408748773
2014-04-23,0.5954353165899452,0.0820247997974108
2014-04-24,0.5964597976125873,0.08206668902577265
2014-04-25,0.5974321492315309,0.08244024193750635
2014-04-28,0.5966749872064117,0.08303884437946607
2014-04-29,0.5991004850413314,0.083279125594094
2014-04-30,0.6003962586174563,0.08351770653604319
2014-05-01,0.60053011484531,0.08371359085460345
2014-05-02,0.5987163293004283,0.08366475365803222
2014-05-05,0.5951132339126467,0.08386311284301205
2014-05-06,0.5938297399772601,0.08427951150968324
2014-05-07,0.5947895289762521,0.08445202122841675
2014-05-08,0.595377321745269,0.08442217662163654
2014-05-09,0.5957641665139565,0.0846503858296167
2014-05-12,0.5956709605217372,0.08439741096299315
2014-05-13,0.5958628110272073,0.0843917276814579
2014-05-14,0.5963645594796635,0.08462414020312699
2014-05-15,0.5960411454861956,0.08501495027661099
2014-05-16,0.5955450472566863,0.08527750270290783
2014-05-19,0.5959193685172124,0.08525469588285238
2014-05-20,0.5966691940757605,0.08544145256883257
2014-05-21,0.5978457077586994,0.08547026617907023
2014-05-22,0.5992437381692254,0.08541141835319777
2014-05-23,0.5996354461993375,0.08541904106164663
2014-05-27,0.5972392835467915,0.0847632826662832
2014-05-28,0.5983998705606978,0.08467279174159491
2014-05-29,0.599781772510734,0.08466940008487545
2014-05-30,0.5998807943946183,0.0847212645599932
2014-06-02,0.5980548821253315,0.08464916900238807
2014-06-03,0.5986191112890512,0.08471986395943355
2014-06-04,0.5991369366439008,0.084791393640824
2014-06-05,0.6013419867117477,0.08460361913562103
2014-06-06,0.6022072759529413,0.08437832254818586
2014-06-09,0.6021535236525105,0.08402427963436992
2014-06-10,0.60335163434356,0.08384086727437666
2014-06-11,0.6039111607641703,0.08412543461453
2014-06-12,0.6045109243786536,0.08443748165334769
2014-06-13,0.6046771427112001,0.08459766722329018
2014-06-16,0.6052432231464245,0.08485593460310976
2014-06-17,0.6050042406453355,0.08465955535306402
2014-06-18,0.6057727242458725,0.08455716382303574
2014-06-19,0.6052283324946698,0.08466640448336245
2014-06-20,0.6063747985885086,0.08484267890465258
2014-06-23,0.6077517874833894,0.08474775829161542
2014-06-24,0.606935024371355,0.08491086433836338
2014-06-25,0.6070660576270926,0.08503975792929434
2014-06-26,0.6071017789991796,0.08519457399393207
2014-06-27,0.608052862266358,0.0853781678451524
2014-06-30,0.6085017629043649,0.08545753411812287
2014-07-01,0.6080149483977503,0.08525960304837735
2014-07-02,0.6026818824884396,0.0849153222486036
2014-07-03,0.5991883173541983,0.08460738595631083
2014-07-07,0.5973933791959237,0.08463265812710673
2014-07-08,0.5965977822082253,0.08499484751738028
2014-07-09,0.5967945086483568,0.08518087374068094
2014-07-10,0.5965691182128895,0.08544790054734525
2014-07-11,0.5975526259661864,0.08566307389251418
2014-07-14,0.5983859583528757,0.08558574837090932
2014-07-15,0.6050477560698894,0.08530688933574734
2014-07-16,0.6097793814828513,0.08554871811866133
2014-07-17,0.610962336793969,0.08594647750726231
2014-07-18,0.6107772280617991,0.08586796993831548
2014-07-21,0.6104820277964531,0.08584406653690392
2014-07-22,0.6118283231115736,0.08587654980267916
2014-07-23,0.6134504170498299,0.08593140041477691
2014-07-24,0.6139471757289979,0.08588223101555752
2014-07-25,0.613833508775987,0.08593648114973146
2014-07-28,0.6149653432350868,0.08609429125913183
2014-07-29,0.614920340071326,0.0863502154951114
2014-07-30,0.6137814239839029,0.08623507159881064
2014-07-31,0.6123671677634336,0.08654942974440444
2014-08-01,0.6107609451269399,0.08694939805062654
2014-08-04,0.6097777772260502,0.08711239990262669
2014-08-05,0.6078865517146673,0.08727270261584806
2014-08-06,0.6057432121509743,0.08714667396619216
2014-08-07,0.604507653039076,0.08722870733466837
2014-08-08,0.6048771301866254,0.08721420879098127
2014-08-11,0.6047814026674828,0.08722615212714802
2014-08-12,0.6049321402252172,0.08728421136056047
2014-08-13,0.6059818078295985,0.08730336304306091
2014-08-14,0.6068147385646465,0.08727160693440798
2014-08-15,0.6071002294316779,0.08740877812655794
2014-08-18,0.6071101269007573,0.08723404403144898
2014-08-19,0.6083139353260176,0.08720877536589282
2014-08-20,0.6085234774458875,0.08715910244204854
2014-08-21,0.6055098681758938,0.0862628409188587
2014-08-22,0.6048463049361776,0.08604076652860108
2014-08-25,0.606570513589786,0.08580665733818305
2014-08-26,0.6083578633741722,0.08571685304029524
2014-08-27,0.6093653150926889,0.08585174331180252
2014-08-28,0.6096987600633361,0.08611775989506071
2014-08-29,0.6102403808246849,0.08619550572833684
2014-09-02,0.6098044094152988,0.08606897856786655
2014-09-03,0.6105592656150235,0.08618475261961558
2014-09-04,0.6108377378120633,0.08626210407793826
2014-09-05,0.6121343844000405,0.08642425026282419
2014-09-08,0.6097372652937245,0.08615388702650696
2014-09-09,0.6079947254112601,0.08630929837390061
2014-09-10,0.6058335954330706,0.08617581542423516
2014-09-11,0.6052133367743243,0.08592202859168223
2014-09-12,0.604076653935961,0.08560737349090512
2014-09-15,0.6037606729893282,0.08558784568494013
2014-09-16,0.6040014276026539,0.0856494985585979
2014-09-17,0.6047409069099824,0.08565493541195984
2014-09-18,0.6067834601566741,0.08540181051652723
2014-09-19,0.6074009635588391,0.08543941217310458
2014-09-22,0.606399072746552,0.08541531928637587
2014-09-23,0.6059730206019451,0.08542669954790404
2014-09-24,0.6072176389640028,0.08533850069531003
2014-09-25,0.6057577940939051,0.08562969834373639
2014-09-26,0.604994903046023,0.085624393255168
2014-09-29,0.6041128378348009,0.08568185295677568
2014-09-30,0.6031813256355497,0.08570604164495098
2014-10-01,0.6029384498395969,0.08595594024322294
2014-10-02,0.6007627055723569,0.08604562645415652
2014-10-03,0.602133893679355,0.0856623487437578
2014-10-06,0.6021637730724472,0.08556569682474797
2014-10-07,0.6020719574407101,0.08590803906092606
2014-10-08,0.6041614730822766,0.08587229825153299
2014-10-09,0.6042631430979906,0.0863039920100888
2014-10-10,0.6035827796621294,0.0866280577668922
2014-10-13,0.602750881172693,0.08687516466479955
2014-10-14,0.6008949895111757,0.08690444760249881
2014-10-15,0.6000172044479297,0.08744802847895529
2014-10-16,0.5945995584134892,0.08749523975794868
2014-10-17,0.5954381254765876,0.08741055296068258
2014-10-20,0.5969925342603063,0.08736414731549233
2014-10-21,0.6004852662029911,0.08697021843610145
2014-10-22,0.6012615066161958,0.08707797398927236
2014-10-23,0.6023960945125,0.08694701878380502
2014-10-24,0.604502943305651,0.08680244389847509
2014-10-27,0.605735826177237,0.08691955778831724
2014-10-28,0.6084034565902016,0.08678201821496372
2014-10-29,0.6065498717723299,0.0865545779385012
2014-10-30,0.605943998940963,0.08646897410888621
2014-10-31,0.6087099704131701,0.08633827406816308
2014-11-03,0.6104105193011324,0.08621041162585905
2014-11-04,0.6094091232093082,0.08626064828172936
2014-11-05,0.6111498243305392,0.08619217386965464
2014-11-06,0.6119376059461138,0.08618508176642213
2014-11-07,0.6129977247836191,0.08622185712405195
2014-11-10,0.6147853058957172,0.0862657291591652
2014-11-11,0.6141215099610211,0.08636681116460664
2014-11-12,0.6116609603780315,0.08647507424159105
2014-11-13,0.6101913289169,0.08662152049990256
2014-11-14,0.6102512290893808,0.08679217993019783
2014-11-17,0.6108461524680612,0.08694321862322957
2014-11-18,0.611262930364873,0.08699928426084008
2014-11-19,0.6121107024950858,0.08713360180821587
2014-11-20,0.6114461650419375,0.08728144195771693
2014-11-21,0.6113617883157412,0.08726192834167348
2014-11-24,0.6126246814778918,0.08723318751288665
2014-11-25,0.6116085513264168,0.08733759105942118
2014-11-26,0.6112462155659334,0.08740946857459983
2014-11-28,0.6110254603593799,0.08754333464090973
2014-12-01,0.6118354816424999,0.08784404696067676
2014-12-02,0.6135460685595377,0.08764022653156142
2014-12-03,0.6144236002224823,0.08738768739960542
2014-12-04,0.614751090127749,0.08741572670781013
2014-12-05,0.6162010215110202,0.08691874618593559
2014-12-08,0.6167119643298,0.08680742942814988
2014-12-09,0.6168841620490965,0.08689907097128052
2014-12-10,0.6134493918662457,0.08712659843170338
2014-12-11,0.6125943707639218,0.08717767663893092
2014-12-12,0.6115721763256168,0.08751172667852002
2014-12-15,0.6106800183664263,0.08789889243830358
2014-12-16,0.6092162512485014,0.0882122870057656
2014-12-17,0.6089142684831642,0.08778017978688914
2014-12-18,0.6137946574502963,0.08733922355146087
2014-12-19,0.6164895800912177,0.08712229069397587
2014-12-22,0.6168223492205404,0.08698260612030298
2014-12-23,0.6172304752769665,0.08673508440903785
2014-12-24,0.6170064901295174,0.08663309872223746
2014-12-26,0.6171451431973344,0.08663365375404199
2014-12-29,0.6176467254496525,0.0865446167913082
2014-12-30,0.6183096775039105,0.08653212044274675
2014-12-31,0.6183899756994327,0.08676733620860189
2015-01-02,0.6192414404472054,0.08689398917968671
2015-01-05,0.6181577857318444,0.08733941814328004
2015-01-06,0.6174792680088018,0.08786482935271246
2015-01-07,0.6165186240165975,0.08811246023404992
2015-01-08,0.6181755125153182,0.08788910589630392
2015-01-09,0.617627167328675,0.08813193049858833
2015-01-12,0.6177394813983872,0.08850282588106267
2015-01-13,0.618801959600267,0.0888796515400433
2015-01-14,0.6175710867781848,0.08935722161436606
2015-01-15,0.6177695936466456,0.08989939817695713
2015-01-16,0.618774979176391,0.0902052397403616
2015-01-20,0.6193182823183001,0.09048859585123459
2015-01-21,0.6190820803804027,0.09048976898023496
2015-01-22,0.6200056479110043,0.08948994481801133
2015-01-23,0.619854088495125,0.08962637693315038
2015-01-26,0.6191293508313478,0.08958795038010285
2015-01-27,0.6187049702085181,0.08983381132781444
2015-01-28,0.6178792943367168,0.09030033458386436
2015-01-29,0.6185133188676912,0.09034116100021013
2015-01-30,0.6171006857316644,0.09066605666384325
2015-02-02,0.6177554982459461,0.09048241070697731
2015-02-03,0.6197050857667392,0.08982498077486847
2015-02-04,0.6198347040743736,0.08976330420558074
2015-02-05,0.6198732217837576,0.08955801896005251
2015-02-06,0.6197849886690732,0.08877451249064991
2015-02-09,0.6205891332750468,0.08871461867664811
2015-02-10,0.6227263536436161,0.08865544571700792
2015-02-11,0.6236075178298499,0.08873288571126403
2015-02-12,0.6262422252226638,0.08843974892469783
2015-02-13,0.6279049753341021,0.08843963081667638
2015-02-17,0.6298473804239523,0.0884580871492767
2015-02-18,0.6304114380049376,0.08879093843870932
2015-02-19,0.6308464526508428,0.08905472477771752
2015-02-20,0.6317033883656632,0.08902927773540549
2015-02-23,0.6318796021135964,0.0892357907596051
2015-02-24,0.6357141435428421,0.08916716877950014
2015-02-25,0.6375645727543103,0.08905692980724388
2015-02-26,0.6407456849061669,0.08944314123491888
2015-02-27,0.6425182696113836,0.08983396767413016
2015-03-02,0.643810686252906,0.08985352418906162
2015-03-03,0.6447359361923864,0.08986636486505331
2015-03-04,0.6464577868062663,0.09006169477111774
2015-03-05,0.645557422401947,0.09000589621444549
2015-03-06,0.6386037729753421,0.08975340795909408
2015-03-09,0.6386528312179894,0.08975608357743703
2015-03-10,0.6374810878242839,0.09012892364459851
2015-03-11,0.6355173300497206,0.09008098930906339
2015-03-12,0.6362550781894039,0.09007247437855916
2015-03-13,0.6371441043104051,0.09007359077455616
2015-03-16,0.6400134177298368,0.09007160678083669
2015-03-17,0.6406432154107731,0.09014981149477795
2015-03-18,0.6419895850837334,0.09033209322865102
2015-03-19,0.642947007254416,0.09074703590723653
2015-03-20,0.643633670016535,0.0907422976887228
2015-03-23,0.6430248451536317,0.0909074180928105
2015-03-24,0.6417459836386814,0.0911247576889626
2015-03-25,0.6405040363783286,0.09143729974082825
2015-03-26,0.6395728458379575,0.09160512331500908
2015-03-27,0.6399747188841775,0.09182778013168497
2015-03-30,0.6434857112023762,0.09170958890939286
2015-03-31,0.6444781587231261,0.09185061944307796
2015-04-01,0.6440353519285767,0.09192497511765478
2015-04-02,0.6447020394275033,0.0918354045339166
2015-04-06,0.645048170344079,0.09187636481224855
2015-04-07,0.6466862222468542,0.09198589396333595
2015-04-08,0.6468789046647692,0.09189234697496526
2015-04-09,0.6475614954501142,0.09176913489045346
2015-04-10,0.6485024533743238,0.09174825878882475
2015-04-13,0.6494795380419336,0.09168184208422908
2015-04-14,0.6528664318650348,0.09167043908034489
2015-04-15,0.6579885446739469,0.09189151490791087
2015-04-16,0.6582024147212774,0.09185439712995963
2015-04-17,0.6574222883261435,0.09211222900209075
2015-04-20,0.658077682261084,0.0922517709159973
2015-04-21,0.6563308936966917,0.09242107774430273
2015-04-22,0.6553344151598273,0.092236937716196
2015-04-23,0.6549634050504738,0.09226539577949101
2015-04-24,0.6546210124069324,0.09237038663710744
2015-04-27,0.6543510289307435,0.0925361549369647
2015-04-28,0.6548021864509702,0.09254114018954858
2015-04-29,0.6549631688123775,0.09213615696514904
2015-04-30,0.6543231250297773,0.0920917552742931
2015-05-01,0.6535825350732057,0.09188554206754135
2015-05-04,0.6543718192873537,0.0913963164879156
2015-05-05,0.6543101003787111,0.09136874070060237
2015-05-06,0.6533432896335545,0.09145812434170923
2015-05-07,0.6549318505403094,0.09158543020144837
2015-05-08,0.6573247114849821,0.09143345247131966
2015-05-11,0.6577619744561561,0.09136752154262688
2015-05-12,0.6581045483119714,0.09144476918027764
2015-05-13,0.658417988436902,0.09147031529995164
2015-05-14,0.659778556841105,0.09146386495097464
2015-05-15,0.6608947536877038,0.09166752165399467
2015-05-18,0.6618501926700645,0.0916164084886128
2015-05-19,0.661949673126834,0.09131524351768647
2015-05-20,0.6605837356466533,0.09127943422112825
2015-05-21,0.6606476582021582,0.09131445717213145
2015-05-22,0.6599799135096213,0.09134409295043376
2015-05-26,0.659596115037881,0.09162190838869053
2015-05-27,0.6597361903862262,0.09152380362607743
2015-05-28,0.659531259033976,0.09159736981130381
2015-05-29,0.6595250390945908,0.09182543014389485
2015-06-01,0.6599931330858351,0.09190828921364957
2015-06-02,0.658522206684824,0.09178775007575955
2015-06-03,0.6578400342748214,0.09145382624745561
2015-06-04,0.6577071331050793,0.09153645539361373
2015-06-05,0.6577431074578742,0.0911038234241924
2015-06-08,0.6570227692710475,0.09111219512258747
2015-06-09,0.6556061836948868,0.09088903422380014
2015-06-10,0.6563831019544342,0.0905027137318091
2015-06-11,0.6581440652509941,0.09051413770261064
2015-06-12,0.6580629989691814,0.09055573110050062
2015-06-15,0.6574466305462989,0.09062635780216523
2015-06-16,0.6577062745308978,0.09061091392155211
2015-06-17,0.6583310107038466,0.090808020834719
2015-06-18,0.6602211101989874,0.09091743246228588
2015-06-19,0.6605091601894318,0.09117982914169041
2015-06-22,0.6610128383309419,0.09101284051095918
2015-06-23,0.6621626579418152,0.09075870580750521
2015-06-24,0.6618481277326493,0.0908848667626177
2015-06-25,0.661588826516443,0.09107831616147685
2015-06-26,0.6620068420465379,0.09115838182234155
2015-06-29,0.6615982333854751,0.09160543121323651
2015-06-30,0.6618311890820424,0.09174457366761933
2015-07-01,0.6626887941974361,0.09162091379175988
2015-07-02,0.6628190991260802,0.091798822908095
2015-07-06,0.6629786924555502,0.09199086495848015
2015-07-07,0.6632875011458365,0.0923181907643065
2015-07-08,0.6631286486162901,0.09278973744709673
2015-07-09,0.6631774432020193,0.09284824516706036
2015-07-10,0.6644582147234354,0.09264855897913503
2015-07-13,0.6658152550197917,0.09219013153346883
2015-07-14,0.6686300134983312,0.09192713603397436
2015-07-15,0.6641287259018228,0.09110785098884143
2015-07-16,0.6611392280121788,0.09051168700227726
2015-07-17,0.6574480160558137,0.09016810562876808
2015-07-20,0.6561854514107852,0.09006128362096581
2015-07-21,0.6555784001402798,0.09009779137387953
2015-07-22,0.6554549288585356,0.08974333371423089
2015-07-23,0.6559809424914799,0.08990764428031647
2015-07-24,0.65609503760614,0.09022627288209843
2015-07-27,0.6555652809944236,0.09056923584484589
2015-07-28,0.6537814456838158,0.09056098591739485
2015-07-29,0.6536172081657775,0.09028973018967049
2015-07-30,0.6540885099418949,0.0902615152931256
2015-07-31,0.6544649434809324,0.09050204346351584
2015-08-03,0.6552431763753076,0.0907310533366759
2015-08-04,0.6552288484159245,0.09083554915925687
2015-08-05,0.6554750223816147,0.09084424599043084
2015-08-06,0.6547065716498961,0.09094241179430647
2015-08-07,0.6542865538747912,0.09107308905516574
2015-08-10,0.6544450432187253,0.09085307105553933
2015-08-11,0.6544159279769235,0.09104480192868138
2015-08-12,0.6538212653049624,0.09137194625391935
2015-08-13,0.6536296231024603,0.09145956361378188
2015-08-14,0.6539821863318981,0.09145327744891225
2015-08-17,0.6541280732680614,0.09141418373109447
2015-08-18,0.6550896963505634,0.09151527906151741
2015-08-19,0.6553201280281477,0.09178603001641791
2015-08-20,0.65541404019912,0.09232259517621261
2015-08-21,0.655513803745495,0.0928612469178405
2015-08-24,0.65735660525732,0.09332223462037255
2015-08-25,0.6563126014354034,0.09378776470684795
2015-08-26,0.6593420900766759,0.09294613947041945
2015-08-27,0.6635692591434205,0.09208835385235553
2015-08-28,0.6642718830094914,0.09194435300218763
2015-08-31,0.6645921543345121,0.0919500503415886
2015-09-01,0.6643064288375414,0.09248149693273475
2015-09-02,0.6643860184708132,0.09251875144258283
2015-09-03,0.6640044250266451,0.09246669161704733
2015-09-04,0.6629875288514697,0.09276914477562598
2015-09-08,0.663598323481008,0.09227407167559065
2015-09-09,0.6629253906180668,0.0924343461789122
2015-09-10,0.6629851459735969,0.09237991822119287
2015-09-11,0.662691141416122,0.09239696845143427
2015-09-14,0.6626550117639208,0.09252658686951773
2015-09-15,0.6638549805975797,0.09217376039014095
2015-09-16,0.6660336849293552,0.09205856642493955
2015-09-17,0.6660322792199168,0.09246416881813818
2015-09-18,0.6647264967453088,0.09290506297481058
2015-09-21,0.6640371117040332,0.09302140436780326
2015-09-22,0.6632747179524785,0.09323973732111186
2015-09-23,0.6605751006315206,0.09319715520421856
2015-09-24,0.659780405992778,0.09340170220553357
2015-09-25,0.6608422816618039,0.09308991524351036
2015-09-28,0.6602159054527508,0.0934351589489165
2015-09-29,0.6603062446008553,0.09373831614597186
2015-09-30,0.662333503350736,0.09363955197493247
2015-10-01,0.664770540035424,0.09367684118674548
2015-10-02,0.6662461155202684,0.09390816149313966
2015-10-05,0.6688149240687493,0.09364992048466335
2015-10-06,0.6698318838924973,0.09359204808655369
2015-10-07,0.6699688317950409,0.09353261039782995
2015-10-08,0.6700214699611848,0.09354740927707692
2015-10-09,0.6706668540442013,0.09376887743001802
2015-10-12,0.6708242526581026,0.09396416390359938
2015-10-13,0.6704045184731864,0.09408452141267463
2015-10-14,0.6636202382519413,0.0940278426720392
2015-10-15,0.6620232418866526,0.093192661791801
2015-10-16,0.6642125815689754,0.09304646600561867
2015-10-19,0.6641590333116419,0.09300393776252777
2015-10-20,0.6646175125510585,0.09295226339753795
2015-10-21,0.6654091794357875,0.09325994529329153
2015-10-22,0.6675782910448493,0.0931372565042142
2015-10-23,0.6675576734228394,0.09263271694770353
2015-10-26,0.6677437903584518,0.09250591656610001
2015-10-27,0.667889101883582,0.09261539380179395
2015-10-28,0.6658123053504977,0.09137897228592115
2015-10-29,0.6659446713988363,0.09126408310482378
2015-10-30,0.665603516844741,0.09154365322612336
2015-11-02,0.6673856362060312,0.09140279176028145
2015-11-03,0.6678795128485668,0.09125082621096793
2015-11-04,0.6693412451692633,0.09140180892506021
2015-11-05,0.6694956909533222,0.09116278762048023
2015-11-06,0.6714194830512804,0.09023277770490226
2015-11-09,0.670797614833866,0.09026630490769445
2015-11-10,0.6700307822043597,0.09013736350778903
2015-11-11,0.6695779789999582,0.09022506489306795
2015-11-12,0.6687988363286357,0.09059260072404286
2015-11-13,0.668438275991644,0.0909209030851579
2015-11-16,0.6693549086806083,0.09087811223745788
2015-11-17,0.6686530835959271,0.09090872158447964
2015-11-18,0.6692954266423166,0.09046139665840851
2015-11-19,0.6711594738522445,0.09050066592203831
2015-11-20,0.6718282407672547,0.09059213233833886
2015-11-23,0.6716035810671313,0.09082208651714237
2015-11-24,0.6712292683926111,0.09095455636691507
2015-11-25,0.6715079753693431,0.09107369702508589
2015-11-27,0.6722074088467099,0.09111786493253797
2015-11-30,0.6715046850830089,0.09122093407198514
2015-12-01,0.6709319806472951,0.09086405341845356
2015-12-02,0.6690955090302907,0.09092095824693623
2015-12-03,0.6685107825094827,0.09124502824928786
2015-12-04,0.6711727725853929,0.0908724877813456
2015-12-07,0.6712976489743663,0.09103396239431447
2015-12-08,0.6710936124096113,0.09140708326340626
2015-12-09,0.6704227113501738,0.09168381717711552
2015-12-10,0.6697474200821274,0.0917421387522219
2015-12-11,0.6691141720465406,0.0921641843497603
2015-12-14,0.6687280574806148,0.09233942725624239
2015-12-15,0.6696145385937919,0.09164709274018265
2015-12-16,0.6725413960189839,0.09099877691156032
2015-12-17,0.6729149790355627,0.09125723484322934
2015-12-18,0.6724930410088625,0.09174608763218203
2015-12-21,0.6736861123395537,0.09184649047427801
2015-12-22,0.6737845088209029,0.09180843791915536
2015-12-23,0.6752222426836525,0.09152326071172612
2015-12-24,0.6758286848001496,0.09153222450874421
2015-12-28,0.6764040507020347,0.09170774280553165
2015-12-29,0.6776244980301742,0.09166127448458547
2015-12-30,0.6782625527476595,0.09189413338512509
2015-12-31,0.6785283774388189,0.09221018200086664
2016-01-04,0.6774335302559137,0.0926612690931471
2016-01-05,0.6768979631608995,0.09291758763848681
2016-01-06,0.676758858911146,0.09333350624202522
2016-01-07,0.6764250749013585,0.09386276512906591
2016-01-08,0.6756365314468487,0.09436437585287798
2016-01-11,0.6735413256238124,0.09457246488525746
2016-01-12,0.6729616691368849,0.09469912154204727
2016-01-13,0.6720414547290781,0.09513677748676587
2016-01-14,0.6731089950465362,0.09530135955665102
2016-01-15,0.673409863282258,0.0957997843243119
2016-01-19,0.6742963629186938,0.09625928572326013
2016-01-20,0.6742186578183306,0.0967746398752429
2016-01-21,0.6742934397999164,0.09728964084290255
2016-01-22,0.6788306768295063,0.09744595892179934
2016-01-25,0.678799053900456,0.09795773841174227
2016-01-26,0.6821425684881512,0.09789611835045234
2016-01-27,0.6828709309822557,0.0978342511329314
2016-01-28,0.6820688052954265,0.09755968221301939
2016-01-29,0.6846726901953003,0.09619005098106097
2016-02-01,0.6848514891851533,0.09608561860280534
2016-02-02,0.6848161219244145,0.09660414840296347
2016-02-03,0.6857036807148021,0.09709544027471313
2016-02-04,0.6884711371366414,0.09714378213097753
2016-02-05,0.6895459807071239,0.09753496015229808
2016-02-08,0.6880917793021256,0.09798755589385762
2016-02-09,0.6884590180684342,0.09846389910451048
2016-02-10,0.6886388630053226,0.09893653836988905
2016-02-11,0.6877203263654094,0.09908243812309775
2016-02-12,0.6991495716680365,0.09837478770934266
2016-02-16,0.7037103913252468,0.09741806339223173
2016-02-17,0.7020021172402288,0.09636242411680672
2016-02-18,0.7019269493389009,0.09656475413150989
2016-02-19,0.7028364945485596,0.09683840685345196
2016-02-22,0.7005078224522407,0.0962387726287998
2016-02-23,0.6975955232196509,0.09659209637791481
2016-02-24,0.6962708801528267,0.09684155509031417
2016-02-25,0.6964453454698512,0.09668727926844391
2016-02-26,0.6925539500796691,0.09586140813314248
2016-02-29,0.6891937244329336,0.09591407889976554
2016-03-01,0.691924802089671,0.09450206605106855
2016-03-02,0.6913128674548149,0.09346322771021617
2016-03-03,0.6907660021301166,0.09297663028654754
2016-03-04,0.6904492874218453,0.09277294025839673
2016-03-07,0.6900398120151715,0.09274762790357577
2016-03-08,0.6903170131446171,0.09322329158226371
2016-03-09,0.6908540077546578,0.09342783597550541
2016-03-10,0.6878135040016832,0.09337792277356981
2016-03-11,0.6809555029836798,0.09242376747047448
2016-03-14,0.6799373390473962,0.09237024284862343
2016-03-15,0.6804673284957568,0.09248348577444014
2016-03-16,0.6816061810446555,0.09284695597599336
2016-03-17,0.6809738416980802,0.09294988658615887
2016-03-18,0.6833436913517378,0.09239284881204524
2016-03-21,0.6835025915011248,0.09215115435499846
2016-03-22,0.6836039110528629,0.09220696505336885
2016-03-23,0.6839531363797524,0.09243662770614589
2016-03-24,0.6820550521560446,0.09250122356296088
2016-03-28,0.6816198220389073,0.09264601486023852
2016-03-29,0.6819749330011927,0.09296549984445983
2016-03-30,0.6837286900552906,0.09308030844125458
2016-03-31,0.682534059228927,0.09312060942919961
2016-04-01,0.6838353833547615,0.0931230164288644
2016-04-04,0.6840934176700469,0.09323099901155345
2016-04-05,0.6843575473780323,0.09364148861289916
2016-04-06,0.6851789232021261,0.09378968357248585
2016-04-07,0.6850695786506023,0.09427151685485737
2016-04-08,0.6858051559600681,0.09454084975219879
2016-04-11,0.6868770439887281,0.09458310736220665
2016-04-12,0.6882766185320138,0.09412338885745204
2016-04-13,0.6946355590528697,0.09290847515939672
2016-04-14,0.6955796450528754,0.09181810136961305
2016-04-15,0.6947696958484293,0.09170712291738213
2016-04-18,0.6939147802247322,0.09145390143308334
2016-04-19,0.6944006602337466,0.09095194244862993
2016-04-20,0.6918408064201301,0.08996895656399913
2016-04-21,0.6889580569650169,0.08971963601121632
2016-04-22,0.6866944356751097,0.08936934425159061
2016-04-25,0.6862222297006254,0.08946167270529597
2016-04-26,0.6858100300325639,0.0893809327491658
2016-04-27,0.6867834018664171,0.0894702594870838
2016-04-28,0.6874469040768275,0.08977385319491044
2016-04-29,0.6881971461270676,0.0901507756399844
2016-05-02,0.6886482856316495,0.09012865987306642
2016-05-03,0.688737011861599,0.09054406640726857
2016-05-04,0.6882955210214199,0.09096922588963181
2016-05-05,0.687842580465172,0.09128913317987988
2016-05-06,0.688128282460355,0.09140933472343825
2016-05-09,0.6881475037096194,0.09163427427316848
2016-05-10,0.6877432562382404,0.09133749052477276
2016-05-11,0.687849590958987,0.09140103833758613
2016-05-12,0.6882868568280974,0.09153864145158397
2016-05-13,0.6888309582745531,0.09189817203073794
2016-05-16,0.6900436016449152,0.09205073351288856
2016-05-17,0.6898280506450222,0.09205232731195279
2016-05-18,0.6915390292993514,0.09088030395692857
2016-05-19,0.6913927420165838,0.09077117652072642
2016-05-20,0.6918244655274187,0.09078162801231966
2016-05-23,0.6922805254932812,0.09088484897633002
2016-05-24,0.6941660917033026,0.0906889806840151
2016-05-25,0.6960604393658517,0.09030593641776671
2016-05-26,0.6970468071354088,0.09046819165346624
2016-05-27,0.6970699840188275,0.09035325412711663
2016-05-31,0.697401650767333,0.09045461897321104
2016-06-01,0.697742235962746,0.09039034930489709
2016-06-02,0.6974462368138443,0.0903011680750983
2016-06-03,0.6979581155482173,0.09076478002550403
2016-06-06,0.6992535884931601,0.09093763959274102
2016-06-07,0.7003888427227317,0.09122446905180276
2016-06-08,0.7008502829923601,0.0913012271833701
2016-06-09,0.7015252600374312,0.09162188589202594
2016-06-10,0.701980370316545,0.09209382323373722
2016-06-13,0.7024172469175292,0.09255012508358938
2016-06-14,0.7024704210663665,0.09305467676744743
2016-06-15,0.7016155981142921,0.09329141770559346
2016-06-16,0.7021657950864086,0.09347446215046547
2016-06-17,0.7016523076556689,0.09346950612659147
2016-06-20,0.7000500758010408,0.09330012502221374
2016-06-21,0.7005613217057952,0.09314976810281181
2016-06-22,0.7000686988492798,0.0931457499966222
2016-06-23,0.6995481322583751,0.0924474301254731
2016-06-24,0.7003009385142743,0.0929668206793109
2016-06-27,0.6997519105230819,0.09321325909270269
2016-06-28,0.7007422069285948,0.09325300408018601
2016-06-29,0.70189561964797,0.09237828593199084
2016-06-30,0.7053188307847349,0.0919619474940197
2016-07-01,0.7067491037288586,0.09208851049409089
2016-07-05,0.7063008597428296,0.0925378866325624
2016-07-06,0.7066345987041898,0.09266696354366079
2016-07-07,0.7064071238901644,0.09253774942238897
2016-07-08,0.7093002792299972,0.09226787561723829
2016-07-11,0.7115718083400726,0.09214259492481255
2016-07-12,0.7120238740396293,0.0915621839603141
2016-07-13,0.7131272680172612,0.09154131176580892
2016-07-14,0.7147091789690463,0.09124927783769758
2016-07-15,0.7153924088512441,0.09116549713306132
2016-07-18,0.7074333703501889,0.09040853010470315
2016-07-19,0.70194043387727,0.08993119106639465
2016-07-20,0.6982893368547202,0.08958286520958975
2016-07-21,0.6976684095491124,0.0896612522895873
2016-07-22,0.6973961426148471,0.08959381948218828
2016-07-25,0.6968583406851353,0.0896210915464381
2016-07-26,0.6957332071752307,0.08945971431669392
2016-07-27,0.6948854320098039,0.08930373249519169
2016-07-28,0.6932513828269816,0.08922075276694737
2016-07-29,0.693870708628731,0.08943986472606853
2016-08-01,0.6948072579265241,0.08973319225462158
2016-08-02,0.6960655428693885,0.09009114970638309
2016-08-03,0.69681201735913,0.08984782750504204
2016-08-04,0.6967533852490099,0.08979655057604075
2016-08-05,0.696603135670066,0.08890273276495744
2016-08-08,0.6947989354325497,0.088519918334189
2016-08-09,0.6926649698060091,0.08833868471496008
2016-08-10,0.6932734999994156,0.08868669575009337
2016-08-11,0.693547383897785,0.08881367774598103
2016-08-12,0.6929813103089691,0.08887244048112702
2016-08-15,0.692933865466053,0.08880368002232561
2016-08-16,0.6912711460732611,0.08862604800679798
2016-08-17,0.6914153448575057,0.08862354077648306
2016-08-18,0.6915672078397654,0.08865123653946028
2016-08-19,0.6907819333275095,0.08863241742171508
2016-08-22,0.6906581566488372,0.08871029705499948
2016-08-23,0.6887504509536987,0.08857648733608524
2016-08-24,0.6881076983030157,0.08850510024488269
2016-08-25,0.6869256268228364,0.08835901460498313
2016-08-26,0.6840177715351696,0.08800420083234473
2016-08-29,0.6849643085273229,0.08785180329482749
2016-08-30,0.6835972515190333,0.08737789332139366
2016-08-31,0.6828885956737568,0.08721844010964584
2016-09-01,0.6831084060623579,0.08736378177517118
2016-09-02,0.683819642653531,0.08744232839558702
2016-09-06,0.6853204354817687,0.0877170365050138
2016-09-07,0.6858709659565905,0.08794852320503857
2016-09-08,0.6850154866836486,0.08791577176010211
2016-09-09,0.6840599816249309,0.08806583098144805
2016-09-12,0.6834155538793388,0.08799053535930813
2016-09-13,0.6831882120199172,0.08818406228609256
2016-09-14,0.6834095024997419,0.08839136805269297
2016-09-15,0.6838600513057042,0.08847634635694891
2016-09-16,0.6833301470276896,0.08872463078160002
2016-09-19,0.6832952743337647,0.08876665188104062
2016-09-20,0.6839851273586608,0.08881217479287884
2016-09-21,0.6849874523499886,0.08881326155863518
2016-09-22,0.6872881993709183,0.08890832435667359
2016-09-23,0.6884024947716699,0.0890669595372995
2016-09-26,0.6883999764824954,0.08951665766531224
2016-09-27,0.6883398015153904,0.08957275324062247
2016-09-28,0.6885705689477158,0.08952927249900647
2016-09-29,0.6877075665540938,0.08977777687217747
2016-09-30,0.6849268863085979,0.08927957234395102
2016-10-03,0.6839612996929272,0.08916786365941996
2016-10-04,0.6838143733413572,0.08895139894887215
2016-10-05,0.6845448658373358,0.08849653022629353
2016-10-06,0.6843271867289055,0.08823431185331948
2016-10-07,0.6856773917309719,0.08827594736646051
2016-10-10,0.686432504204908,0.08813864857498115
2016-10-11,0.6872033656074453,0.08831871421321964
2016-10-12,0.6876436319877635,0.08850842815139766
2016-10-13,0.6881999995713243,0.08880418225112713
2016-10-14,0.6863657053183074,0.0887944022147026
2016-10-17,0.6841089945080087,0.08877489879151351
2016-10-18,0.6828009293554312,0.0885567823258794
2016-10-19,0.6824533921945357,0.08825690116528102
2016-10-20,0.6811507575771659,0.088078802463755
2016-10-21,0.6803830344842645,0.08792615394114567
2016-10-24,0.6804038771084461,0.08779671896350218
2016-10-25,0.6806064918157191,0.08783872273899672
2016-10-26,0.6804154336662626,0.08773342973214908
2016-10-27,0.6803120196764071,0.0876907622658475
2016-10-28,0.6814518873206038,0.087924636776285
2016-10-31,0.6832219385428663,0.08821209781393732
2016-11-01,0.6825183615858231,0.08826763575984106
2016-11-02,0.6824678973381383,0.08845267258606045
2016-11-03,0.6816606503684536,0.08856760867065287
2016-11-04,0.678904970396941,0.08857941871432835
2016-11-07,0.6807485360221808,0.0880540033304198
2016-11-08,0.6818976544425807,0.08792087568442565
2016-11-09,0.6852407059199062,0.08653030035414191
2016-11-10,0.6925534718036598,0.0849735776018039
2016-11-11,0.6920986090504507,0.08421856003895278
2016-11-14,0.6913425347699051,0.08265121993278723
2016-11-15,0.6899246847929994,0.08214164333979823
2016-11-16,0.6878165643389759,0.08232892636866859
2016-11-17,0.6859646381868311,0.08216865755412092
2016-11-18,0.6851287064342646,0.08221460795384727
2016-11-21,0.6831724383060442,0.08199010486787633
2016-11-22,0.6839332039351119,0.08197360935147366
2016-11-23,0.6832634654847729,0.08179159985929595
2016-11-25,0.680571751555937,0.08150819626969613
2016-11-28,0.6816131961193154,0.08182608332406555
2016-11-29,0.683419082396639,0.08200095977228296
2016-11-30,0.6805547727725484,0.08127588377481536
2016-12-01,0.6816461265823061,0.08072969848237889
2016-12-02,0.6830879506973149,0.08079261777019398
2016-12-05,0.6840256306871851,0.08035367836785029
2016-12-06,0.6831961669456542,0.07998275767218449
2016-12-07,0.6809063048327206,0.07956580642093321
2016-12-08,0.6803267573783058,0.07916594919161724
2016-12-09,0.6801736025752758,0.07896916078841325
2016-12-12,0.6809349926331368,0.07922649254693793
2016-12-13,0.6813195992326994,0.07936353227810955
2016-12-14,0.6810779570917477,0.07941407215922713
2016-12-15,0.681032080941263,0.07911630586268675
2016-12-16,0.6813968514399942,0.0793595377943217
2016-12-19,0.6832408714651008,0.07959285172376251
2016-12-20,0.6852604562361273,0.07957115200640273
2016-12-21,0.6868396749491472,0.07965263241517374
2016-12-22,0.6881527197050484,0.07977624433405861
2016-12-23,0.6886821122657976,0.07982094125546661
2016-12-27,0.6889929935932851,0.07986797383441821
2016-12-28,0.6892958173970641,0.08009146184125124
2016-12-29,0.6898301950909176,0.08040004423249186
2016-12-30,0.690358805354384,0.08049755169055348
2017-01-03,0.6900490066990711,0.08025467667420519
2017-01-04,0.6872872089021482,0.07988301310075219
2017-01-05,0.6863465755075777,0.0799783223636593
2017-01-06,0.6860114180475639,0.080050374979941
2017-01-09,0.6866819130302432,0.08019514889241876
2017-01-10,0.6850613850137501,0.0800136308515331
2017-01-11,0.6852452113862618,0.07989690859842263
2017-01-12,0.6843774070006585,0.07999045984503006
2017-01-13,0.6845307617856744,0.08000277882557374
2017-01-17,0.6838987182397495,0.08050749974165661
2017-01-18,0.6805734251816646,0.08039835830454817
2017-01-19,0.6786763953675059,0.08046469891531675
2017-01-20,0.678118203941406,0.08045183235256272
2017-01-23,0.678449436814443,0.08053720293489156
2017-01-24,0.6786778471295342,0.08032651794447339
2017-01-25,0.6794939648258637,0.07997363402356687
2017-01-26,0.681085180489587,0.07984561202727335
2017-01-27,0.6824079836674373,0.07988914835261533
2017-01-30,0.6830259678468354,0.0801728909171791
2017-01-31,0.6822765261752676,0.08048630160022578
2017-02-01,0.6811764120621885,0.08049019493707982
2017-02-02,0.680953107279015,0.08063461650659932
2017-02-03,0.6839764791681039,0.0803124064564363
2017-02-06,0.6848944055053001,0.08035580150715126
2017-02-07,0.6861603953400509,0.08054171531454064
2017-02-08,0.6863131240349104,0.0807810923868567
2017-02-09,0.6865716616567266,0.08060008591668333
2017-02-10,0.6864447729669279,0.08060257143793467
2017-02-13,0.687190226267942,0.08041517365291433
2017-02-14,0.6866837473902992,0.07988126803659788
2017-02-15,0.6856532726512435,0.07934878761082295
2017-02-16,0.6852174688722893,0.07921681592897727
2017-02-17,0.6847718685049088,0.07924518195745242
2017-02-21,0.6848735427433287,0.0791276908963061
2017-02-22,0.6849611251196774,0.07911789219488491
2017-02-23,0.686082989874087,0.07926935104533446
2017-02-24,0.6865878452105529,0.07954363731822407
2017-02-27,0.6851463976533467,0.07948062005565673
2017-02-28,0.6844415931696197,0.07942717344267945
2017-03-01,0.6861942640530336,0.07880095079113515
2017-03-02,0.6850592121334528,0.07881231398800649
2017-03-03,0.684910955529273,0.07872571607904548
2017-03-06,0.6841128049984485,0.07883913557800361
2017-03-07,0.6830424893667029,0.07893802273164872
2017-03-08,0.6819851981162303,0.0789808280469793
2017-03-09,0.6818796610220931,0.07897982491717759
2017-03-10,0.6814616034061978,0.07903784606051512
2017-03-13,0.6815171457799131,0.079099930431977
2017-03-14,0.6817368505769544,0.07914631955539404
2017-03-15,0.68285876017742,0.07927572773112482
2017-03-16,0.6829193711915051,0.07933614742391804
2017-03-17,0.6828286548133361,0.07958125879584708
2017-03-20,0.6833818153583883,0.07991389595378984
2017-03-21,0.6836671622002611,0.0805286456396292
2017-03-22,0.6846618133637284,0.08092479906366665
2017-03-23,0.6842755942051147,0.08104974070904365
2017-03-24,0.6836338328297686,0.08110032411727033
2017-03-27,0.6837753678157122,0.08121143726024485
2017-03-28,0.6843495747264124,0.08097047682372041
2017-03-29,0.6845306852762881,0.08101162631694535
2017-03-30,0.6830858751514273,0.08068960567830857
2017-03-31,0.6817603980146422,0.08079889203381073
2017-04-03,0.6806051269162212,0.0808748131391139
2017-04-04,0.6814868289284175,0.08102835305722811
2017-04-05,0.6810342726297041,0.08127463377772763
2017-04-06,0.6809563268409291,0.08134970354061406
2017-04-07,0.6808367096418645,0.08147502324899224
2017-04-10,0.6808996600812838,0.08164220940569628
2017-04-11,0.6811239920635955,0.0818015683721393
2017-04-12,0.681818730330497,0.08205477240332047
2017-04-13,0.6817306435285064,0.08236220192808838
2017-04-17,0.6823287183742824,0.08219302291060578
2017-04-18,0.6815505984377483,0.08223935673946406
2017-04-19,0.679544206827594,0.08227191248520575
2017-04-20,0.6793472959441648,0.08208104299448464
2017-04-21,0.679063978553164,0.08228060173308144
2017-04-24,0.6809608687757552,0.08166805961557505
2017-04-25,0.6812670878585412,0.08123510088676542
2017-04-26,0.6822353131632823,0.08119204314190019
2017-04-27,0.6821321835872163,0.08135707340602542
2017-04-28,0.6823853516048158,0.08162580093547005
2017-05-01,0.6811139953771622,0.08159486411613036
2017-05-02,0.6799432358022008,0.08167064289549801
2017-05-03,0.6792217180916248,0.08157415975394304
2017-05-04,0.6787398260850619,0.08152286374405673
2017-05-05,0.678932859345956,0.08160962888696398
2017-05-08,0.6779809167766756,0.08153259489270799
2017-05-09,0.6767753671897755,0.08152926985887665
2017-05-10,0.6769167060405011,0.08145100637130998
2017-05-11,0.6768103043441328,0.08151020578484468
2017-05-12,0.6766409598974574,0.0816096821513238
2017-05-15,0.6771510146725744,0.08164375075250836
2017-05-16,0.6782249929643428,0.0817346221536452
2017-05-17,0.6783637660814201,0.08232980909854834
2017-05-18,0.6773412435043068,0.08259113078664651
2017-05-19,0.6769243048868959,0.08252108904177596
2017-05-22,0.6766586919129626,0.08253950131007207
2017-05-23,0.677047125472774,0.08232933783056763
2017-05-24,0.6772181856002193,0.08231357046877746
2017-05-25,0.6771021011679801,0.08241463759349454
2017-05-26,0.6771322084413285,0.0824936660108973
2017-05-30,0.6760364083354328,0.08275133135287835
2017-05-31,0.6746792776972522,0.08311395259358013
2017-06-01,0.6747313567783183,0.08315731408832547
2017-06-02,0.6747987282508695,0.08332452631507052
2017-06-05,0.6753428543801407,0.08344924940687551
2017-06-06,0.6767177213379325,0.08364504477152872
2017-06-07,0.6774642254589223,0.08348589813122514
2017-06-08,0.6780769745841408,0.08317480289480803
2017-06-09,0.6791721287067066,0.08251055941440173
2017-06-12,0.6788388773825497,0.08225458334440425
2017-06-13,0.6794515352999035,0.08221144423846222
2017-06-14,0.6793307956414315,0.08223823184297456
2017-06-15,0.6793450055695893,0.0824154565314199
2017-06-16,0.679131801950209,0.08258204717840086
2017-06-19,0.6808085544403095,0.08234460409600108
2017-06-20,0.6821218979595387,0.08255816615459043
2017-06-21,0.68333422076426,0.08286969611023139
2017-06-22,0.6844968797961609,0.08313932689935448
2017-06-23,0.6851906714389611,0.08334450328053174
2017-06-26,0.6858968614441581,0.08341258308638819
2017-06-27,0.685758599590044,0.08319436038208082
2017-06-28,0.6862727292566071,0.0826641701118615
2017-06-29,0.6870033181036528,0.08218068784747301
2017-06-30,0.6881091267749785,0.08210312860509303
2017-07-03,0.6904917419652232,0.08181667837361106
2017-07-05,0.6920523266307654,0.08159116362186214
2017-07-06,0.6929629850960654,0.08167997074769669
2017-07-07,0.6936373764895089,0.0816729798149203
2017-07-10,0.6922177994289186,0.08166899158932796
2017-07-11,0.6924606018280979,0.08186599417162391
2017-07-12,0.693079051014755,0.08210864924709176
2017-07-13,0.6931238201684111,0.08206970932395038
2017-07-14,0.6934969895740456,0.08232135129871557
2017-07-17,0.693052132117123,0.08255570986810219
2017-07-18,0.6928782031603633,0.08274797451419928
2017-07-19,0.6921898167408209,0.08275410630221637
2017-07-20,0.6925621199852543,0.08286578219398139
2017-07-21,0.6927982331115187,0.08302466167734808
2017-07-24,0.6931029961607217,0.08304925634008739
2017-07-25,0.6932917183402035,0.08267717998214971
2017-07-26,0.6930331486482711,0.0827655540692324
2017-07-27,0.6927285785679304,0.08289240594907402
2017-07-28,0.6925053992544223,0.08302107149874072
2017-07-31,0.6929958768929761,0.08304679306530573
2017-08-01,0.694043061727608,0.08286423349185036
2017-08-02,0.6937628047163357,0.08274271877739373
2017-08-03,0.6936227787934289,0.08287041332622676
2017-08-04,0.692510899489205,0.08253486115275352
2017-08-07,0.692996455800957,0.08246761710885993
2017-08-08,0.692801165348347,0.08251604672665637
2017-08-09,0.6932100388452409,0.08266023252637807
2017-08-10,0.693669447145967,0.08305183025985213
2017-08-11,0.69374688570235,0.08337561443219761
2017-08-14,0.6928095359699897,0.08316703180445043
2017-08-15,0.6927419521900795,0.08309911079123658
2017-08-16,0.6928879155733877,0.08327699760408347
2017-08-17,0.692945587691893,0.08365621614579095
2017-08-18,0.6932215739368506,0.08385691517437112
2017-08-21,0.6941760645916072,0.08410449267849322
2017-08-22,0.6940375723740709,0.08392364606955018
2017-08-23,0.6946041596962572,0.08394497738700894
2017-08-24,0.694048651289233,0.08393369997809724
2017-08-25,0.6949482141264549,0.08400968108020142
2017-08-28,0.6949754341667639,0.0841034493270364
2017-08-29,0.6947596343308786,0.08425784564529964
2017-08-30,0.692508727819822,0.08406062385133724
2017-08-31,0.6907449025941458,0.0840151665550282
2017-09-01,0.6907166901246149,0.08389488776191875
2017-09-05,0.6905574102354242,0.08430292815553289
2017-09-06,0.6910846055451486,0.08444954885232331
2017-09-07,0.6906525322487416,0.08478233692792096
2017-09-08,0.6906378183443627,0.08499727108720345
2017-09-11,0.6909308686585209,0.08477114875035159
2017-09-12,0.6897331864347283,0.08424516700938449
2017-09-13,0.687313163006426,0.08380838850940689
2017-09-14,0.6867362685845116,0.08376570453784878
2017-09-15,0.6871625457366903,0.08369126279271284
2017-09-18,0.6884665691642283,0.08347627308442561
2017-09-19,0.690287130737423,0.08332946247877066
2017-09-20,0.6912550019497784,0.08317942408465846
2017-09-21,0.6919477036799506,0.08309799713830268
2017-09-22,0.6924698259617601,0.08318872980519004
2017-09-25,0.6925911510956215,0.08339978649825164
2017-09-26,0.6916063320740071,0.08348340002967862
2017-09-27,0.690923986955348,0.08313131320254356
2017-09-28,0.6909219282442928,0.08302598633372538
2017-09-29,0.6917004592357252,0.0830906802207344
2017-10-02,0.6933126511652504,0.08297069219325544
2017-10-03,0.6936467134312698,0.08280874108284637
2017-10-04,0.692645938730001,0.08287803295391258
2017-10-05,0.692676636523544,0.08266889115537097
2017-10-06,0.6919076773243469,0.08258434988179199
2017-10-09,0.6923611154079325,0.0827853676136815
2017-10-10,0.6934963943283589,0.08284815593072883
2017-10-11,0.6938297478970319,0.08296020864625588
2017-10-12,0.6941344958422927,0.08322979107733158
2017-10-13,0.6919312719677724,0.08313794050115202
2017-10-16,0.6932159095115131,0.0828696000492168
2017-10-17,0.6933739379264878,0.08284118585161822
2017-10-18,0.692680684832531,0.08269118559833559
2017-10-19,0.6921702236469697,0.08261435729026118
2017-10-20,0.6916970367079324,0.08223661846066668
2017-10-23,0.6912778829707384,0.08215758520953972
2017-10-24,0.6917228801382554,0.08183994756749267
2017-10-25,0.6922857161308874,0.08180181712746482
2017-10-26,0.6933245805514355,0.08176091926760246
2017-10-27,0.6934530184534792,0.08174752396485938
2017-10-30,0.6937353075309711,0.08187927459211282
2017-10-31,0.6934178428699219,0.0820628485007656
2017-11-01,0.6932030222856541,0.08208788815077657
2017-11-02,0.6927210949736808,0.0819333697420794
2017-11-03,0.6924735953049758,0.08194384229158322
2017-11-06,0.6916038174298023,0.08201741161648386
2017-11-07,0.6906054530012202,0.08233815231801295
2017-11-08,0.6900897101541289,0.08266636770546187
2017-11-09,0.6909265025652263,0.08296385450818564
2017-11-10,0.6910029909170377,0.0831000153034292
